txn_type,amount,recipient_account,branch_code,account_name,account_no,timestamp,device
credit,771.25,,BRANCH60,Mara Unger,ACCT4994880,2025-10-03 19:45:31,noise
credit,2056.04,,BRANCH60,Mara Unger,ACCT4994880,2025-09-30 16:36:28,noise
debit,137.26,,BRANCH60,Mara Unger,ACCT4994880,2025-09-30 08:06:40,noise
debit,468.52,,BRANCH60,Mara Unger,ACCT4994880,2025-09-29 11:16:05,noise
debit,1281.09,,BRANCH60,Mara Unger,ACCT4994880,2025-09-28 12:11:32,noise
debit,840.38,,BRANCH67,Mara Unger,ACCT4994880,2025-09-27 22:10:06,noise
credit,73.62,ACCT9117842,BRANCH13,Mara Unger,ACCT4994880,2025-09-19 19:01:33,noise
debit,216.86,,BRANCH13,Mara Unger,ACCT4994880,2025-09-16 17:13:18,noise
credit,1539.79,,BRANCH34,Mara Unger,ACCT4994880,2025-09-16 11:34:17,noise
debit,369.24,,BRANCH60,Mara Unger,ACCT4994880,2025-09-12 11:45:02,noise
debit,391.26,,BRANCH17,Mara Unger,ACCT4994880,2025-09-12 17:45:03,noise
debit,175.65,ACCT2609165,BRANCH60,Mara Unger,ACCT4994880,2025-09-11 19:14:09,noise
credit,2293.45,,BRANCH60,Mara Unger,ACCT4994880,2025-09-11 05:06:29,noise
debit,690.29,,BRANCH60,Mara Unger,ACCT4994880,2025-09-09 20:18:50,noise
debit,2680.76,,BRANCH60,Mara Unger,ACCT4994880,2025-09-06 08:00:58,noise
debit,1134.24,,BRANCH95,Mara Unger,ACCT4994880,2025-09-04 12:43:39,noise
debit,308.97,ACCT8582565,BRANCH60,Mara Unger,ACCT4994880,2025-09-03 21:40:59,noise
debit,830.8,ACCT7343587,BRANCH60,Mara Unger,ACCT4994880,2025-09-02 12:28:33,noise
debit,648.57,,BRANCH60,Mara Unger,ACCT4994880,2025-08-27 12:19:09,noise
credit,695.69,,BRANCH60,Mara Unger,ACCT4994880,2025-08-26 08:25:03,noise
credit,820.2,,BRANCH60,Mara Unger,ACCT4994880,2025-08-26 10:36:08,noise
debit,349.34,ACCT1291307,BRANCH60,Mara Unger,ACCT4994880,2025-08-24 05:05:23,noise
credit,363.28,ACCT8388422,BRANCH60,Mara Unger,ACCT4994880,2025-08-21 21:21:05,noise
debit,1020.96,,BRANCH60,Mara Unger,ACCT4994880,2025-08-19 19:36:14,noise
debit,560.69,,BRANCH60,Mara Unger,ACCT4994880,2025-08-15 11:26:56,noise
credit,1244.75,ACCT5737722,BRANCH60,Mara Unger,ACCT4994880,2025-08-14 12:32:47,noise
credit,495.98,,BRANCH60,Mara Unger,ACCT4994880,2025-08-12 22:01:42,noise
credit,836.6,,BRANCH76,Mara Unger,ACCT4994880,2025-08-12 13:22:40,noise
debit,565.4,,BRANCH60,Mara Unger,ACCT4994880,2025-08-09 19:02:27,noise
debit,799.95,,BRANCH60,Mara Unger,ACCT4994880,2025-08-09 14:33:23,noise
debit,185.14,,BRANCH18,Diego Wei,ACCT5084009,2025-10-02 21:28:04,noise
credit,355.95,ACCT5288142,BRANCH99,Diego Wei,ACCT5084009,2025-10-01 02:34:46,noise
debit,575.54,ACCT7343587,BRANCH18,Diego Wei,ACCT5084009,2025-09-30 13:37:08,noise
credit,250.39,,BRANCH18,Diego Wei,ACCT5084009,2025-09-30 20:27:21,noise
debit,272.67,,BRANCH66,Diego Wei,ACCT5084009,2025-09-29 17:42:53,noise
credit,323.29,,BRANCH18,Diego Wei,ACCT5084009,2025-09-29 19:43:52,noise
debit,2600.11,ACCT2609165,BRANCH95,Diego Wei,ACCT5084009,2025-09-27 15:20:43,noise
debit,1784.9,ACCT4337609,BRANCH18,Diego Wei,ACCT5084009,2025-09-27 20:04:30,noise
credit,536.27,ACCT1986603,BRANCH18,Diego Wei,ACCT5084009,2025-09-20 13:21:39,noise
credit,1592.06,,BRANCH18,Diego Wei,ACCT5084009,2025-09-19 14:27:46,noise
debit,317.55,,BRANCH18,Diego Wei,ACCT5084009,2025-09-18 21:19:29,noise
debit,716.94,,BRANCH18,Diego Wei,ACCT5084009,2025-09-15 17:22:48,noise
debit,617.07,,BRANCH27,Diego Wei,ACCT5084009,2025-09-15 17:33:00,noise
credit,445.86,,BRANCH91,Diego Wei,ACCT5084009,2025-09-12 18:07:15,noise
debit,176.89,ACCT7951241,BRANCH18,Diego Wei,ACCT5084009,2025-09-12 11:19:12,noise
credit,1285.49,,BRANCH18,Diego Wei,ACCT5084009,2025-09-09 00:30:51,noise
credit,809.31,,BRANCH18,Diego Wei,ACCT5084009,2025-09-07 15:02:57,noise
debit,453.55,,BRANCH18,Diego Wei,ACCT5084009,2025-09-05 20:13:02,noise
debit,5525.64,,BRANCH22,Diego Wei,ACCT5084009,2025-09-02 17:08:39,noise
debit,551.4,,BRANCH18,Diego Wei,ACCT5084009,2025-09-02 10:16:15,noise
credit,109.0,ACCT6868803,BRANCH83,Diego Wei,ACCT5084009,2025-09-01 20:16:38,noise
debit,308.85,,BRANCH18,Diego Wei,ACCT5084009,2025-08-28 12:34:35,noise
credit,1044.59,,BRANCH18,Diego Wei,ACCT5084009,2025-08-26 09:36:38,noise
credit,217.79,,BRANCH18,Diego Wei,ACCT5084009,2025-08-24 13:02:13,noise
credit,2157.06,,BRANCH18,Diego Wei,ACCT5084009,2025-08-21 19:45:00,noise
debit,1701.0,,BRANCH32,Diego Wei,ACCT5084009,2025-08-21 08:09:24,noise
debit,353.83,,BRANCH18,Diego Wei,ACCT5084009,2025-08-20 12:28:35,noise
debit,280.67,,BRANCH96,Diego Wei,ACCT5084009,2025-08-20 08:39:12,noise
credit,407.1,ACCT6283785,BRANCH18,Diego Wei,ACCT5084009,2025-08-15 09:10:31,noise
credit,3540.42,,BRANCH18,Diego Wei,ACCT5084009,2025-08-13 10:42:27,noise
credit,320.16,,BRANCH18,Diego Wei,ACCT5084009,2025-08-11 11:28:48,noise
credit,663.44,,BRANCH18,Diego Wei,ACCT5084009,2025-08-11 13:41:14,noise
debit,1173.84,ACCT5267563,BRANCH18,Diego Wei,ACCT5084009,2025-08-07 15:17:32,noise
debit,1164.49,,BRANCH18,Diego Wei,ACCT5084009,2025-08-04 20:40:14,noise
debit,345.96,,BRANCH34,Lena Duarte,ACCT5462826,2025-09-30 23:03:38,noise
debit,1247.71,ACCT7871979,BRANCH62,Lena Duarte,ACCT5462826,2025-09-30 19:38:49,noise
credit,819.63,,BRANCH62,Lena Duarte,ACCT5462826,2025-09-28 22:25:18,noise
credit,194.64,,BRANCH62,Lena Duarte,ACCT5462826,2025-09-26 18:32:02,noise
debit,770.63,,BRANCH62,Lena Duarte,ACCT5462826,2025-09-23 01:39:20,noise
debit,694.18,,BRANCH62,Lena Duarte,ACCT5462826,2025-09-22 23:04:50,noise
debit,1121.82,,BRANCH62,Lena Duarte,ACCT5462826,2025-09-22 18:04:23,noise
credit,1095.96,ACCT2625903,BRANCH62,Lena Duarte,ACCT5462826,2025-09-20 17:34:40,noise
debit,1094.44,,BRANCH62,Lena Duarte,ACCT5462826,2025-09-20 21:40:01,noise
debit,897.47,,BRANCH62,Lena Duarte,ACCT5462826,2025-09-17 08:11:22,noise
debit,1110.57,,BRANCH62,Lena Duarte,ACCT5462826,2025-09-17 20:37:57,noise
debit,684.41,,BRANCH62,Lena Duarte,ACCT5462826,2025-09-16 08:24:51,noise
credit,385.31,,BRANCH62,Lena Duarte,ACCT5462826,2025-09-11 11:00:29,noise
debit,276.12,,BRANCH62,Lena Duarte,ACCT5462826,2025-09-09 16:17:11,noise
credit,819.61,,BRANCH62,Lena Duarte,ACCT5462826,2025-09-07 14:22:47,noise
debit,526.52,,BRANCH62,Lena Duarte,ACCT5462826,2025-09-06 16:03:46,noise
credit,235.75,ACCT7169131,BRANCH62,Lena Duarte,ACCT5462826,2025-09-04 09:16:05,noise
debit,241.41,,BRANCH62,Lena Duarte,ACCT5462826,2025-09-04 13:25:15,noise
debit,579.91,ACCT2609165,BRANCH62,Lena Duarte,ACCT5462826,2025-09-02 17:02:41,noise
credit,4754.09,,BRANCH62,Lena Duarte,ACCT5462826,2025-08-30 08:20:34,noise
debit,337.16,,BRANCH62,Lena Duarte,ACCT5462826,2025-08-30 15:35:16,noise
debit,369.29,,BRANCH62,Lena Duarte,ACCT5462826,2025-08-29 19:07:26,noise
debit,216.88,,BRANCH23,Lena Duarte,ACCT5462826,2025-08-28 14:17:01,noise
credit,540.93,ACCT8178151,BRANCH62,Lena Duarte,ACCT5462826,2025-08-25 08:37:31,noise
debit,147.48,,BRANCH62,Lena Duarte,ACCT5462826,2025-08-21 22:31:47,noise
credit,388.89,ACCT9902588,BRANCH62,Lena Duarte,ACCT5462826,2025-08-17 15:32:40,noise
debit,542.04,,BRANCH62,Lena Duarte,ACCT5462826,2025-08-17 19:33:58,noise
credit,298.02,ACCT3502009,BRANCH62,Lena Duarte,ACCT5462826,2025-08-16 23:24:52,noise
debit,1416.98,,BRANCH62,Lena Duarte,ACCT5462826,2025-08-15 17:10:14,noise
debit,452.09,,BRANCH62,Lena Duarte,ACCT5462826,2025-08-15 08:08:00,noise
credit,191.15,ACCT5267563,BRANCH93,Lena Duarte,ACCT5462826,2025-08-12 18:17:27,noise
debit,370.87,,BRANCH62,Lena Duarte,ACCT5462826,2025-08-10 10:04:19,noise
debit,219.33,,BRANCH27,Lena Duarte,ACCT5462826,2025-08-09 14:15:10,noise
debit,786.86,,BRANCH88,Lena Duarte,ACCT5462826,2025-08-09 13:29:59,noise
credit,197.92,,BRANCH62,Lena Duarte,ACCT5462826,2025-08-07 09:08:43,noise
credit,537.67,ACCT4784164,BRANCH62,Lena Duarte,ACCT5462826,2025-08-07 09:08:30,noise
debit,873.12,,BRANCH62,Lena Duarte,ACCT5462826,2025-08-06 09:41:46,noise
debit,167.41,ACCT3292131,BRANCH17,Lena Duarte,ACCT5462826,2025-08-06 03:24:37,noise
debit,1344.25,,BRANCH62,Lena Duarte,ACCT5462826,2025-08-05 08:04:22,noise
debit,309.24,,BRANCH62,Lena Duarte,ACCT5462826,2025-08-04 17:41:08,noise
debit,692.85,ACCT7311230,BRANCH24,Lena Duarte,ACCT5462826,2025-08-04 13:22:06,noise
credit,892.79,ACCT9094463,BRANCH32,Jin Kim,ACCT5574734,2025-10-02 17:01:08,noise
credit,1020.83,,BRANCH97,Jin Kim,ACCT5574734,2025-10-02 12:41:08,noise
debit,1409.43,ACCT7398035,BRANCH90,Jin Kim,ACCT5574734,2025-10-01 18:31:57,noise
debit,411.36,ACCT4994880,BRANCH63,Jin Kim,ACCT5574734,2025-09-29 11:43:13,noise
credit,812.52,ACCT2948414,BRANCH81,Jin Kim,ACCT5574734,2025-09-29 16:39:56,noise
debit,640.88,ACCT3502009,BRANCH81,Jin Kim,ACCT5574734,2025-09-26 03:26:22,noise
credit,417.34,,BRANCH81,Jin Kim,ACCT5574734,2025-09-24 22:15:53,noise
debit,1505.85,ACCT5033863,BRANCH44,Jin Kim,ACCT5574734,2025-09-20 13:04:19,noise
credit,323.04,,BRANCH81,Jin Kim,ACCT5574734,2025-09-20 17:28:18,noise
debit,355.6,,BRANCH81,Jin Kim,ACCT5574734,2025-09-17 08:29:31,noise
debit,309.2,,BRANCH81,Jin Kim,ACCT5574734,2025-09-17 00:12:55,noise
credit,1094.59,,BRANCH81,Jin Kim,ACCT5574734,2025-09-16 19:42:18,noise
credit,1804.42,,BRANCH31,Jin Kim,ACCT5574734,2025-09-16 10:29:28,noise
credit,1055.66,,BRANCH81,Jin Kim,ACCT5574734,2025-09-15 16:06:22,noise
credit,223.25,,BRANCH55,Jin Kim,ACCT5574734,2025-09-15 00:43:06,noise
credit,335.57,,BRANCH81,Jin Kim,ACCT5574734,2025-09-13 17:01:12,noise
debit,2753.16,,BRANCH81,Jin Kim,ACCT5574734,2025-09-11 11:21:19,noise
debit,178.39,,BRANCH81,Jin Kim,ACCT5574734,2025-09-08 17:20:14,noise
debit,252.47,ACCT4017671,BRANCH29,Jin Kim,ACCT5574734,2025-09-07 21:31:37,noise
credit,1568.1,,BRANCH61,Jin Kim,ACCT5574734,2025-09-06 18:22:11,noise
debit,261.19,ACCT7931336,BRANCH81,Jin Kim,ACCT5574734,2025-09-04 02:22:28,noise
credit,617.24,,BRANCH81,Jin Kim,ACCT5574734,2025-09-01 09:43:05,noise
debit,2809.61,,BRANCH84,Jin Kim,ACCT5574734,2025-09-01 18:41:32,noise
credit,312.54,,BRANCH81,Jin Kim,ACCT5574734,2025-08-31 22:43:46,noise
credit,221.33,,BRANCH81,Jin Kim,ACCT5574734,2025-08-31 13:35:54,noise
debit,958.03,,BRANCH42,Jin Kim,ACCT5574734,2025-08-30 14:26:05,noise
credit,117.45,,BRANCH81,Jin Kim,ACCT5574734,2025-08-29 12:09:13,noise
debit,422.92,ACCT5084009,BRANCH49,Jin Kim,ACCT5574734,2025-08-28 19:43:33,noise
credit,1478.2,,BRANCH81,Jin Kim,ACCT5574734,2025-08-27 20:01:05,noise
debit,1632.25,,BRANCH81,Jin Kim,ACCT5574734,2025-08-26 12:21:26,noise
credit,201.0,,BRANCH81,Jin Kim,ACCT5574734,2025-08-26 08:15:20,noise
debit,755.11,,BRANCH92,Jin Kim,ACCT5574734,2025-08-25 14:33:54,noise
debit,633.91,,BRANCH72,Jin Kim,ACCT5574734,2025-08-25 18:14:24,noise
credit,682.82,,BRANCH81,Jin Kim,ACCT5574734,2025-08-22 01:34:20,noise
credit,975.53,ACCT7356334,BRANCH81,Jin Kim,ACCT5574734,2025-08-19 17:41:05,noise
credit,115.3,,BRANCH81,Jin Kim,ACCT5574734,2025-08-19 09:30:19,noise
credit,799.81,ACCT9625817,BRANCH97,Jin Kim,ACCT5574734,2025-08-11 11:22:34,noise
credit,248.58,,BRANCH26,Jin Kim,ACCT5574734,2025-08-11 02:40:47,noise
credit,157.51,ACCT4863733,BRANCH81,Jin Kim,ACCT5574734,2025-08-05 20:31:32,noise
credit,666.11,,BRANCH69,Lena Silva,ACCT7356334,2025-10-01 16:17:02,noise
debit,555.93,,BRANCH69,Lena Silva,ACCT7356334,2025-09-30 02:04:06,noise
debit,256.07,ACCT2593508,BRANCH43,Lena Silva,ACCT7356334,2025-09-30 10:25:26,noise
debit,774.11,,BRANCH69,Lena Silva,ACCT7356334,2025-09-26 10:37:19,noise
credit,137.76,ACCT7311230,BRANCH69,Lena Silva,ACCT7356334,2025-09-26 13:10:44,noise
debit,628.52,,BRANCH69,Lena Silva,ACCT7356334,2025-09-25 21:39:15,noise
credit,326.3,ACCT3959309,BRANCH45,Lena Silva,ACCT7356334,2025-09-25 08:11:13,noise
debit,542.25,,BRANCH69,Lena Silva,ACCT7356334,2025-09-24 15:17:02,noise
debit,3356.14,,BRANCH69,Lena Silva,ACCT7356334,2025-09-23 20:24:06,noise
credit,355.09,,BRANCH15,Lena Silva,ACCT7356334,2025-09-17 11:35:48,noise
debit,418.31,,BRANCH69,Lena Silva,ACCT7356334,2025-09-16 22:22:32,noise
debit,1041.62,,BRANCH69,Lena Silva,ACCT7356334,2025-09-16 11:32:13,noise
debit,674.2,ACCT7343587,BRANCH69,Lena Silva,ACCT7356334,2025-09-15 13:28:25,noise
credit,1020.1,,BRANCH37,Lena Silva,ACCT7356334,2025-09-12 05:01:07,noise
credit,215.89,,BRANCH69,Lena Silva,ACCT7356334,2025-09-12 08:20:08,noise
debit,353.5,,BRANCH69,Lena Silva,ACCT7356334,2025-09-11 11:17:09,noise
credit,69.72,,BRANCH69,Lena Silva,ACCT7356334,2025-09-08 10:04:59,noise
debit,622.48,ACCT8579756,BRANCH69,Lena Silva,ACCT7356334,2025-09-05 02:30:18,noise
credit,765.13,,BRANCH69,Lena Silva,ACCT7356334,2025-09-03 14:25:30,noise
debit,294.72,,BRANCH69,Lena Silva,ACCT7356334,2025-09-02 14:12:06,noise
credit,728.79,,BRANCH45,Lena Silva,ACCT7356334,2025-08-20 16:39:29,noise
debit,866.38,,BRANCH69,Lena Silva,ACCT7356334,2025-08-19 14:37:22,noise
credit,1072.63,,BRANCH69,Lena Silva,ACCT7356334,2025-08-19 20:42:26,noise
credit,2141.53,ACCT4784164,BRANCH69,Lena Silva,ACCT7356334,2025-08-18 18:01:53,noise
debit,74.7,,BRANCH69,Lena Silva,ACCT7356334,2025-08-16 13:39:54,noise
credit,252.84,ACCT6023218,BRANCH69,Lena Silva,ACCT7356334,2025-08-16 22:18:52,noise
debit,692.8,,BRANCH69,Lena Silva,ACCT7356334,2025-08-10 15:20:39,noise
debit,822.92,,BRANCH69,Lena Silva,ACCT7356334,2025-08-06 19:33:19,noise
debit,405.15,ACCT7169131,BRANCH69,Lena Silva,ACCT7356334,2025-08-05 12:35:43,noise
debit,395.08,,BRANCH69,Lena Silva,ACCT7356334,2025-08-04 13:05:29,noise
debit,2499.57,ACCT9822265,BRANCH38,Priya Anderson,ACCT8388422,2025-10-02 13:10:07,noise
credit,314.41,,BRANCH49,Priya Anderson,ACCT8388422,2025-09-27 20:26:52,noise
credit,1037.47,,BRANCH38,Priya Anderson,ACCT8388422,2025-09-27 09:11:34,noise
credit,709.66,,BRANCH49,Priya Anderson,ACCT8388422,2025-09-23 15:11:29,noise
debit,372.53,,BRANCH91,Priya Anderson,ACCT8388422,2025-09-21 13:40:53,noise
debit,756.4,,BRANCH38,Priya Anderson,ACCT8388422,2025-09-19 08:02:01,noise
debit,1026.56,,BRANCH38,Priya Anderson,ACCT8388422,2025-09-17 17:02:08,noise
credit,288.3,ACCT9048537,BRANCH38,Priya Anderson,ACCT8388422,2025-09-16 14:14:58,noise
credit,319.25,,BRANCH42,Priya Anderson,ACCT8388422,2025-09-16 10:15:13,noise
credit,1301.46,,BRANCH32,Priya Anderson,ACCT8388422,2025-09-15 08:22:42,noise
debit,1015.97,ACCT4368538,BRANCH38,Priya Anderson,ACCT8388422,2025-09-13 15:05:02,noise
credit,842.44,,BRANCH38,Priya Anderson,ACCT8388422,2025-09-11 09:18:24,noise
credit,1572.47,,BRANCH40,Priya Anderson,ACCT8388422,2025-09-10 03:04:09,noise
credit,7758.55,,BRANCH38,Priya Anderson,ACCT8388422,2025-09-10 13:03:59,noise
credit,451.88,ACCT1697663,BRANCH40,Priya Anderson,ACCT8388422,2025-09-09 21:34:48,noise
debit,521.84,,BRANCH85,Priya Anderson,ACCT8388422,2025-09-08 16:34:20,noise
credit,1656.6,,BRANCH81,Priya Anderson,ACCT8388422,2025-09-07 09:35:02,noise
credit,681.84,,BRANCH38,Priya Anderson,ACCT8388422,2025-09-05 21:13:27,noise
credit,395.43,ACCT5084009,BRANCH34,Priya Anderson,ACCT8388422,2025-09-05 14:44:43,noise
debit,584.02,ACCT1677557,BRANCH61,Priya Anderson,ACCT8388422,2025-09-01 14:41:18,noise
credit,468.21,,BRANCH38,Priya Anderson,ACCT8388422,2025-09-01 17:02:48,noise
credit,2520.12,ACCT8582565,BRANCH38,Priya Anderson,ACCT8388422,2025-08-28 11:24:22,noise
debit,962.65,,BRANCH38,Priya Anderson,ACCT8388422,2025-08-19 20:05:30,noise
debit,473.87,,BRANCH38,Priya Anderson,ACCT8388422,2025-08-19 14:10:37,noise
credit,1321.34,ACCT1022036,BRANCH38,Priya Anderson,ACCT8388422,2025-08-16 03:20:42,noise
credit,864.78,,BRANCH38,Priya Anderson,ACCT8388422,2025-08-14 01:17:21,noise
debit,898.56,,BRANCH38,Priya Anderson,ACCT8388422,2025-08-14 20:32:51,noise
debit,71.83,,BRANCH38,Priya Anderson,ACCT8388422,2025-08-08 13:34:55,noise
debit,626.86,ACCT6951278,BRANCH38,Priya Anderson,ACCT8388422,2025-08-06 18:18:45,noise
debit,446.59,ACCT8534966,BRANCH88,Priya Anderson,ACCT8388422,2025-08-05 11:21:05,noise
debit,1581.96,ACCT5267563,BRANCH38,Priya Anderson,ACCT8388422,2025-08-04 14:08:01,noise
debit,162.14,ACCT7909293,BRANCH76,Ivy Duarte,ACCT7687712,2025-10-03 20:31:13,noise
credit,2206.41,,BRANCH14,Ivy Duarte,ACCT7687712,2025-09-29 15:20:20,noise
credit,2631.03,,BRANCH21,Ivy Duarte,ACCT7687712,2025-09-27 09:01:15,noise
credit,4030.22,ACCT5328426,BRANCH21,Ivy Duarte,ACCT7687712,2025-09-26 10:10:34,noise
credit,2232.82,,BRANCH50,Ivy Duarte,ACCT7687712,2025-09-26 09:08:28,noise
debit,1325.46,,BRANCH62,Ivy Duarte,ACCT7687712,2025-09-24 13:16:12,noise
debit,235.95,,BRANCH21,Ivy Duarte,ACCT7687712,2025-09-21 15:10:57,noise
credit,635.95,ACCT5446283,BRANCH17,Ivy Duarte,ACCT7687712,2025-09-21 17:33:06,noise
debit,443.17,,BRANCH21,Ivy Duarte,ACCT7687712,2025-09-19 03:40:40,noise
credit,208.48,,BRANCH20,Ivy Duarte,ACCT7687712,2025-09-18 09:38:59,noise
credit,1651.92,ACCT3316377,BRANCH21,Ivy Duarte,ACCT7687712,2025-09-18 23:21:05,noise
debit,823.77,,BRANCH21,Ivy Duarte,ACCT7687712,2025-09-10 16:18:45,noise
credit,1154.54,,BRANCH76,Ivy Duarte,ACCT7687712,2025-09-08 18:13:58,noise
credit,67.1,,BRANCH21,Ivy Duarte,ACCT7687712,2025-09-08 00:12:23,noise
debit,1689.88,ACCT7039617,BRANCH91,Ivy Duarte,ACCT7687712,2025-09-04 12:37:56,noise
credit,1574.42,,BRANCH21,Ivy Duarte,ACCT7687712,2025-09-04 21:36:56,noise
debit,1410.81,ACCT7678530,BRANCH25,Ivy Duarte,ACCT7687712,2025-09-02 11:44:37,noise
credit,3649.8,,BRANCH21,Ivy Duarte,ACCT7687712,2025-09-01 08:31:06,noise
debit,8905.49,,BRANCH21,Ivy Duarte,ACCT7687712,2025-08-31 20:05:22,noise
debit,1068.29,,BRANCH42,Ivy Duarte,ACCT7687712,2025-08-28 08:34:04,noise
credit,710.06,,BRANCH36,Ivy Duarte,ACCT7687712,2025-08-28 05:16:11,noise
debit,627.52,ACCT2696989,BRANCH21,Ivy Duarte,ACCT7687712,2025-08-24 16:20:18,noise
debit,466.17,ACCT3502009,BRANCH21,Ivy Duarte,ACCT7687712,2025-08-22 08:40:45,noise
debit,1003.68,,BRANCH23,Ivy Duarte,ACCT7687712,2025-08-20 16:37:18,noise
debit,759.64,,BRANCH83,Ivy Duarte,ACCT7687712,2025-08-20 15:25:13,noise
credit,3065.73,,BRANCH21,Ivy Duarte,ACCT7687712,2025-08-19 23:44:05,noise
debit,1363.3,,BRANCH21,Ivy Duarte,ACCT7687712,2025-08-19 22:45:16,noise
credit,1053.14,,BRANCH31,Ivy Duarte,ACCT7687712,2025-08-16 09:33:23,noise
debit,327.58,ACCT5558849,BRANCH21,Ivy Duarte,ACCT7687712,2025-08-12 13:31:17,noise
credit,1772.82,ACCT9117842,BRANCH21,Ivy Duarte,ACCT7687712,2025-08-10 14:37:10,noise
debit,361.53,ACCT4994880,BRANCH21,Ivy Duarte,ACCT7687712,2025-08-09 14:31:31,noise
debit,623.67,,BRANCH21,Ivy Duarte,ACCT7687712,2025-08-06 23:41:22,noise
credit,507.36,,BRANCH21,Ivy Duarte,ACCT7687712,2025-08-05 10:43:05,noise
credit,262.09,,BRANCH21,Ivy Duarte,ACCT7687712,2025-08-05 19:40:02,noise
credit,599.65,,BRANCH21,Ivy Duarte,ACCT7687712,2025-08-04 13:18:06,noise
debit,920.74,,BRANCH76,Fahad Patida,ACCT8097980,2025-10-03 16:00:31,noise
debit,4159.7,,BRANCH76,Fahad Patida,ACCT8097980,2025-09-27 11:07:03,noise
debit,1346.18,,BRANCH76,Fahad Patida,ACCT8097980,2025-09-18 11:09:37,noise
credit,1024.92,,BRANCH97,Fahad Patida,ACCT8097980,2025-09-16 16:45:33,noise
credit,1816.36,,BRANCH76,Fahad Patida,ACCT8097980,2025-09-15 09:02:12,noise
credit,771.75,,BRANCH65,Fahad Patida,ACCT8097980,2025-09-13 17:42:48,noise
debit,842.09,,BRANCH76,Fahad Patida,ACCT8097980,2025-09-13 14:06:15,noise
debit,125.01,,BRANCH76,Fahad Patida,ACCT8097980,2025-09-12 09:41:15,noise
debit,527.74,ACCT4482480,BRANCH76,Fahad Patida,ACCT8097980,2025-09-11 17:43:20,noise
credit,88.41,,BRANCH64,Fahad Patida,ACCT8097980,2025-09-10 10:41:39,noise
debit,628.75,,BRANCH76,Fahad Patida,ACCT8097980,2025-09-10 13:27:48,noise
debit,3145.76,,BRANCH76,Fahad Patida,ACCT8097980,2025-09-08 11:02:15,noise
credit,1062.28,,BRANCH76,Fahad Patida,ACCT8097980,2025-09-08 17:29:55,noise
debit,2980.0,ACCT2696989,BRANCH76,Fahad Patida,ACCT8097980,2025-09-07 12:40:13,noise
debit,3638.66,,BRANCH38,Fahad Patida,ACCT8097980,2025-09-07 14:05:27,noise
debit,2441.9,,BRANCH73,Fahad Patida,ACCT8097980,2025-09-06 10:15:19,noise
debit,564.57,,BRANCH64,Fahad Patida,ACCT8097980,2025-09-05 08:21:12,noise
debit,718.12,,BRANCH76,Fahad Patida,ACCT8097980,2025-09-03 04:01:37,noise
credit,5291.49,,BRANCH76,Fahad Patida,ACCT8097980,2025-09-02 14:28:22,noise
credit,944.38,,BRANCH60,Fahad Patida,ACCT8097980,2025-09-01 08:36:51,noise
debit,1897.95,,BRANCH62,Fahad Patida,ACCT8097980,2025-08-29 22:06:40,noise
debit,312.58,ACCT5383303,BRANCH76,Fahad Patida,ACCT8097980,2025-08-28 21:09:33,noise
debit,1256.86,,BRANCH76,Fahad Patida,ACCT8097980,2025-08-25 20:02:49,noise
credit,298.03,,BRANCH76,Fahad Patida,ACCT8097980,2025-08-22 17:18:15,noise
credit,171.85,ACCT9117842,BRANCH45,Fahad Patida,ACCT8097980,2025-08-21 09:45:08,noise
credit,212.62,,BRANCH76,Fahad Patida,ACCT8097980,2025-08-20 12:19:00,noise
credit,1006.16,,BRANCH76,Fahad Patida,ACCT8097980,2025-08-20 19:12:28,noise
credit,231.68,,BRANCH33,Fahad Patida,ACCT8097980,2025-08-15 00:40:34,noise
debit,91.22,ACCT1051861,BRANCH76,Fahad Patida,ACCT8097980,2025-08-14 20:41:31,noise
debit,1717.08,,BRANCH76,Fahad Patida,ACCT8097980,2025-08-14 13:05:42,noise
debit,371.39,,BRANCH76,Fahad Patida,ACCT8097980,2025-08-13 18:30:28,noise
debit,889.33,,BRANCH76,Fahad Patida,ACCT8097980,2025-08-11 15:08:58,noise
debit,603.04,,BRANCH76,Fahad Patida,ACCT8097980,2025-08-11 17:15:26,noise
credit,1038.84,ACCT4482480,BRANCH76,Fahad Patida,ACCT8097980,2025-08-08 12:33:56,noise
debit,131.21,,BRANCH76,Fahad Patida,ACCT8097980,2025-08-07 22:30:16,noise
debit,1286.59,ACCT4482480,BRANCH76,Fahad Patida,ACCT8097980,2025-08-05 16:23:14,noise
credit,825.06,ACCT7356334,BRANCH76,Fahad Patida,ACCT8097980,2025-08-05 21:10:23,noise
debit,471.38,ACCT8178151,BRANCH95,Fahad Patida,ACCT8097980,2025-08-04 18:36:11,noise
debit,68995.2,ACCT9625817,BRANCH76,Fahad Patida,ACCT8097980,2025-12-27 20:13:32,noise
debit,50831.61,ACCT9822265,BRANCH55,Ivy Lopes,ACCT9625817,2025-12-29 01:26:22,noise
debit,59099.77,ACCT5267563,BRANCH85,Jin Brooks,ACCT9822265,2025-12-23 02:14:16,noise
credit,2484.54,,BRANCH90,Lena Diaz,ACCT7909293,2025-09-30 10:22:21,noise
debit,952.34,ACCT9409981,BRANCH90,Lena Diaz,ACCT7909293,2025-09-30 08:38:16,noise
debit,553.71,,BRANCH90,Lena Diaz,ACCT7909293,2025-09-29 10:07:30,noise
credit,1301.57,,BRANCH90,Lena Diaz,ACCT7909293,2025-09-29 12:34:43,noise
debit,180.26,,BRANCH11,Lena Diaz,ACCT7909293,2025-09-28 21:33:13,noise
credit,1968.4,,BRANCH90,Lena Diaz,ACCT7909293,2025-09-28 12:40:07,noise
debit,432.66,,BRANCH90,Lena Diaz,ACCT7909293,2025-09-26 12:16:39,noise
credit,1380.96,,BRANCH90,Lena Diaz,ACCT7909293,2025-09-23 23:28:49,noise
debit,246.02,ACCT7173953,BRANCH90,Lena Diaz,ACCT7909293,2025-09-23 20:11:18,noise
credit,755.13,,BRANCH10,Lena Diaz,ACCT7909293,2025-09-22 14:15:54,noise
debit,533.71,ACCT2625903,BRANCH15,Lena Diaz,ACCT7909293,2025-09-18 04:04:42,noise
debit,1265.76,,BRANCH90,Lena Diaz,ACCT7909293,2025-09-18 08:20:52,noise
debit,371.85,ACCT7356334,BRANCH90,Lena Diaz,ACCT7909293,2025-09-16 12:33:02,noise
credit,221.69,,BRANCH90,Lena Diaz,ACCT7909293,2025-09-14 18:05:49,noise
credit,344.36,,BRANCH90,Lena Diaz,ACCT7909293,2025-09-11 15:44:40,noise
debit,1582.59,,BRANCH90,Lena Diaz,ACCT7909293,2025-09-09 19:23:58,noise
credit,3274.55,,BRANCH90,Lena Diaz,ACCT7909293,2025-09-07 09:38:09,noise
credit,2498.85,,BRANCH57,Lena Diaz,ACCT7909293,2025-08-31 14:30:42,noise
credit,1016.25,,BRANCH16,Lena Diaz,ACCT7909293,2025-08-30 19:42:53,noise
credit,1218.25,,BRANCH90,Lena Diaz,ACCT7909293,2025-08-28 08:11:10,noise
debit,360.65,,BRANCH90,Lena Diaz,ACCT7909293,2025-08-28 18:36:11,noise
debit,1474.11,,BRANCH90,Lena Diaz,ACCT7909293,2025-08-27 08:40:23,noise
debit,968.73,ACCT4017671,BRANCH90,Lena Diaz,ACCT7909293,2025-08-27 20:32:04,noise
debit,761.86,,BRANCH90,Lena Diaz,ACCT7909293,2025-08-24 13:22:14,noise
debit,700.53,,BRANCH70,Lena Diaz,ACCT7909293,2025-08-24 12:18:10,noise
credit,341.85,,BRANCH90,Lena Diaz,ACCT7909293,2025-08-22 04:00:28,noise
credit,681.64,,BRANCH90,Lena Diaz,ACCT7909293,2025-08-21 17:12:19,noise
credit,339.59,,BRANCH90,Lena Diaz,ACCT7909293,2025-08-16 19:25:06,noise
credit,691.65,ACCT2527022,BRANCH90,Lena Diaz,ACCT7909293,2025-08-16 10:45:14,noise
debit,303.45,,BRANCH50,Lena Diaz,ACCT7909293,2025-08-15 17:42:50,noise
debit,1773.21,ACCT9048537,BRANCH40,Lena Diaz,ACCT7909293,2025-08-12 10:26:44,noise
debit,561.0,ACCT2087902,BRANCH90,Lena Diaz,ACCT7909293,2025-08-12 09:41:51,noise
credit,276.06,,BRANCH90,Lena Diaz,ACCT7909293,2025-08-11 08:26:15,noise
debit,845.51,,BRANCH90,Lena Diaz,ACCT7909293,2025-08-10 19:27:56,noise
credit,1877.08,ACCT4994880,BRANCH25,Lena Diaz,ACCT7909293,2025-08-09 18:12:11,noise
debit,262.12,ACCT4707726,BRANCH90,Lena Diaz,ACCT7909293,2025-08-06 15:09:21,noise
debit,511.18,,BRANCH54,Lena Diaz,ACCT7909293,2025-08-06 20:09:16,noise
debit,411.57,ACCT7169131,BRANCH90,Lena Diaz,ACCT7909293,2025-08-04 23:07:13,noise
credit,409.42,,BRANCH23,Zane Novak,ACCT1914186,2025-10-03 12:14:42,noise
credit,848.79,,BRANCH81,Zane Novak,ACCT1914186,2025-10-01 08:10:13,noise
credit,251.48,,BRANCH81,Zane Novak,ACCT1914186,2025-09-30 12:44:41,noise
debit,513.91,,BRANCH81,Zane Novak,ACCT1914186,2025-09-28 23:07:21,noise
debit,829.86,,BRANCH29,Zane Novak,ACCT1914186,2025-09-27 10:32:44,noise
credit,823.62,,BRANCH81,Zane Novak,ACCT1914186,2025-09-24 21:45:48,noise
debit,1014.0,ACCT2696989,BRANCH20,Zane Novak,ACCT1914186,2025-09-22 10:03:47,noise
credit,739.03,,BRANCH56,Zane Novak,ACCT1914186,2025-09-22 20:14:27,noise
debit,1978.95,,BRANCH10,Zane Novak,ACCT1914186,2025-09-20 17:22:30,noise
debit,1431.44,,BRANCH81,Zane Novak,ACCT1914186,2025-09-18 14:00:07,noise
debit,2049.92,ACCT7311230,BRANCH81,Zane Novak,ACCT1914186,2025-09-16 15:28:56,noise
credit,569.66,ACCT5737722,BRANCH69,Zane Novak,ACCT1914186,2025-09-16 12:22:53,noise
credit,2232.43,,BRANCH81,Zane Novak,ACCT1914186,2025-09-09 19:06:39,noise
debit,1238.39,ACCT2381314,BRANCH81,Zane Novak,ACCT1914186,2025-09-09 16:15:51,noise
debit,2784.94,ACCT2609165,BRANCH81,Zane Novak,ACCT1914186,2025-09-08 11:07:44,noise
debit,252.58,,BRANCH81,Zane Novak,ACCT1914186,2025-09-07 17:22:31,noise
debit,1906.63,,BRANCH81,Zane Novak,ACCT1914186,2025-09-03 12:05:52,noise
credit,1050.36,ACCT1677557,BRANCH81,Zane Novak,ACCT1914186,2025-08-31 09:05:34,noise
debit,1163.3,ACCT5101493,BRANCH81,Zane Novak,ACCT1914186,2025-08-30 15:29:04,noise
credit,684.9,,BRANCH81,Zane Novak,ACCT1914186,2025-08-29 09:18:38,noise
debit,1339.03,,BRANCH81,Zane Novak,ACCT1914186,2025-08-29 12:30:00,noise
debit,727.01,ACCT2527022,BRANCH81,Zane Novak,ACCT1914186,2025-08-28 05:26:48,noise
debit,341.3,ACCT8534966,BRANCH66,Zane Novak,ACCT1914186,2025-08-27 15:35:13,noise
debit,1865.32,,BRANCH81,Zane Novak,ACCT1914186,2025-08-24 17:32:42,noise
debit,143.04,ACCT2583045,BRANCH81,Zane Novak,ACCT1914186,2025-08-23 08:42:04,noise
credit,376.57,ACCT4863733,BRANCH81,Zane Novak,ACCT1914186,2025-08-16 08:44:49,noise
debit,452.53,,BRANCH81,Zane Novak,ACCT1914186,2025-08-14 16:41:05,noise
credit,1025.65,,BRANCH81,Zane Novak,ACCT1914186,2025-08-14 14:19:35,noise
credit,2540.47,,BRANCH81,Zane Novak,ACCT1914186,2025-08-13 13:13:35,noise
debit,665.29,ACCT6786427,BRANCH81,Zane Novak,ACCT1914186,2025-08-13 03:40:38,noise
credit,616.41,,BRANCH57,Zane Novak,ACCT1914186,2025-08-08 22:09:38,noise
credit,1030.37,,BRANCH81,Zane Novak,ACCT1914186,2025-08-08 16:10:31,noise
debit,224.2,,BRANCH81,Zane Novak,ACCT1914186,2025-08-05 12:05:43,noise
debit,2487.62,ACCT7909293,BRANCH81,Zane Novak,ACCT1914186,2025-08-05 11:14:38,noise
debit,278.36,,BRANCH81,Zane Novak,ACCT1914186,2025-08-04 19:35:50,noise
credit,697.16,ACCT7659933,BRANCH24,Ivy Fischer,ACCT7678530,2025-09-30 11:34:14,noise
debit,803.62,,BRANCH42,Ivy Fischer,ACCT7678530,2025-09-22 12:37:30,noise
debit,643.23,ACCT4707726,BRANCH24,Ivy Fischer,ACCT7678530,2025-09-22 10:27:35,noise
credit,540.64,ACCT6213692,BRANCH24,Ivy Fischer,ACCT7678530,2025-09-19 16:33:55,noise
debit,1328.47,,BRANCH24,Ivy Fischer,ACCT7678530,2025-09-19 19:06:33,noise
debit,723.44,ACCT4017671,BRANCH24,Ivy Fischer,ACCT7678530,2025-09-16 18:38:40,noise
debit,2302.8,ACCT1842933,BRANCH24,Ivy Fischer,ACCT7678530,2025-09-15 20:08:39,noise
debit,754.22,ACCT1842933,BRANCH24,Ivy Fischer,ACCT7678530,2025-09-15 14:41:36,noise
credit,792.92,ACCT4017671,BRANCH80,Ivy Fischer,ACCT7678530,2025-09-14 12:31:08,noise
credit,2339.43,ACCT9822265,BRANCH40,Ivy Fischer,ACCT7678530,2025-09-14 10:23:36,noise
credit,728.56,,BRANCH24,Ivy Fischer,ACCT7678530,2025-09-13 12:33:29,noise
credit,1279.46,,BRANCH24,Ivy Fischer,ACCT7678530,2025-09-13 21:07:11,noise
debit,838.26,,BRANCH24,Ivy Fischer,ACCT7678530,2025-09-12 09:34:14,noise
debit,837.01,,BRANCH24,Ivy Fischer,ACCT7678530,2025-09-11 15:35:19,noise
credit,1394.42,ACCT5267563,BRANCH18,Ivy Fischer,ACCT7678530,2025-09-10 22:07:24,noise
debit,414.15,,BRANCH24,Ivy Fischer,ACCT7678530,2025-09-06 15:35:34,noise
credit,1197.79,,BRANCH45,Ivy Fischer,ACCT7678530,2025-09-06 14:16:56,noise
debit,466.82,,BRANCH24,Ivy Fischer,ACCT7678530,2025-09-04 08:29:54,noise
credit,1868.28,ACCT1022036,BRANCH24,Ivy Fischer,ACCT7678530,2025-09-02 11:30:24,noise
debit,1102.51,,BRANCH77,Ivy Fischer,ACCT7678530,2025-09-01 18:34:28,noise
credit,1351.37,ACCT4478210,BRANCH24,Ivy Fischer,ACCT7678530,2025-08-30 17:24:47,noise
credit,686.94,,BRANCH61,Ivy Fischer,ACCT7678530,2025-08-30 16:05:27,noise
debit,892.97,ACCT2609165,BRANCH24,Ivy Fischer,ACCT7678530,2025-08-27 14:12:05,noise
credit,755.56,,BRANCH24,Ivy Fischer,ACCT7678530,2025-08-26 15:40:24,noise
credit,862.33,,BRANCH24,Ivy Fischer,ACCT7678530,2025-08-25 04:22:18,noise
debit,682.81,,BRANCH24,Ivy Fischer,ACCT7678530,2025-08-25 22:14:11,noise
credit,6566.3,,BRANCH24,Ivy Fischer,ACCT7678530,2025-08-24 13:28:05,noise
debit,770.6,,BRANCH68,Ivy Fischer,ACCT7678530,2025-08-23 17:02:27,noise
debit,2339.88,,BRANCH24,Ivy Fischer,ACCT7678530,2025-08-23 16:08:06,noise
debit,125.91,,BRANCH24,Ivy Fischer,ACCT7678530,2025-08-22 12:03:04,noise
debit,216.69,ACCT8388422,BRANCH40,Ivy Fischer,ACCT7678530,2025-08-22 17:01:35,noise
debit,1359.33,,BRANCH24,Ivy Fischer,ACCT7678530,2025-08-20 12:37:27,noise
credit,929.68,,BRANCH27,Ivy Fischer,ACCT7678530,2025-08-20 18:25:33,noise
debit,1194.03,,BRANCH24,Ivy Fischer,ACCT7678530,2025-08-18 19:18:49,noise
debit,335.67,ACCT8534966,BRANCH52,Ivy Fischer,ACCT7678530,2025-08-18 14:12:51,noise
debit,723.12,,BRANCH24,Ivy Fischer,ACCT7678530,2025-08-15 23:11:27,noise
debit,959.27,,BRANCH24,Ivy Fischer,ACCT7678530,2025-08-15 15:32:50,noise
credit,722.66,,BRANCH24,Ivy Fischer,ACCT7678530,2025-08-13 12:13:47,noise
debit,829.97,,BRANCH24,Ivy Fischer,ACCT7678530,2025-08-11 21:30:55,noise
debit,736.68,,BRANCH24,Ivy Fischer,ACCT7678530,2025-08-08 03:32:36,noise
debit,442.42,ACCT5033863,BRANCH24,Ivy Fischer,ACCT7678530,2025-08-06 15:34:25,noise
credit,838.9,,BRANCH93,Ivy Fischer,ACCT7678530,2025-08-05 04:37:10,noise
credit,2995.29,,BRANCH60,Ivy Fischer,ACCT7678530,2025-08-04 20:03:42,noise
debit,416.82,,BRANCH24,Ivy Fischer,ACCT7678530,2025-08-04 16:26:31,noise
credit,2946.37,,BRANCH78,Raj Haddad,ACCT3514361,2025-10-03 19:10:53,noise
debit,425.82,,BRANCH78,Raj Haddad,ACCT3514361,2025-10-02 20:07:00,noise
credit,2077.64,ACCT3292131,BRANCH27,Raj Haddad,ACCT3514361,2025-10-01 14:26:31,noise
debit,307.51,,BRANCH78,Raj Haddad,ACCT3514361,2025-09-30 09:39:09,noise
credit,914.24,,BRANCH78,Raj Haddad,ACCT3514361,2025-09-29 08:44:39,noise
debit,2045.22,,BRANCH22,Raj Haddad,ACCT3514361,2025-09-28 08:18:46,noise
debit,498.05,,BRANCH78,Raj Haddad,ACCT3514361,2025-09-27 02:23:51,noise
credit,1001.91,,BRANCH78,Raj Haddad,ACCT3514361,2025-09-27 19:42:35,noise
credit,1066.98,,BRANCH23,Raj Haddad,ACCT3514361,2025-09-25 18:37:49,noise
credit,916.07,ACCT5706935,BRANCH78,Raj Haddad,ACCT3514361,2025-09-25 20:24:20,noise
credit,1031.29,,BRANCH78,Raj Haddad,ACCT3514361,2025-09-24 18:02:09,noise
debit,946.9,,BRANCH69,Raj Haddad,ACCT3514361,2025-09-24 21:21:18,noise
debit,1072.55,,BRANCH69,Raj Haddad,ACCT3514361,2025-09-20 00:44:38,noise
credit,1452.39,,BRANCH78,Raj Haddad,ACCT3514361,2025-09-19 08:40:40,noise
credit,1220.15,,BRANCH78,Raj Haddad,ACCT3514361,2025-09-16 18:03:47,noise
debit,365.41,,BRANCH78,Raj Haddad,ACCT3514361,2025-09-16 08:15:30,noise
debit,1117.75,,BRANCH19,Raj Haddad,ACCT3514361,2025-09-15 21:36:30,noise
debit,2393.61,ACCT2583045,BRANCH67,Raj Haddad,ACCT3514361,2025-09-10 13:03:05,noise
debit,729.39,,BRANCH78,Raj Haddad,ACCT3514361,2025-09-08 13:44:42,noise
debit,1336.59,,BRANCH78,Raj Haddad,ACCT3514361,2025-09-07 22:08:21,noise
credit,459.94,,BRANCH78,Raj Haddad,ACCT3514361,2025-08-29 09:32:04,noise
credit,883.19,,BRANCH78,Raj Haddad,ACCT3514361,2025-08-27 13:10:56,noise
credit,1194.3,,BRANCH78,Raj Haddad,ACCT3514361,2025-08-23 20:02:37,noise
debit,300.84,,BRANCH78,Raj Haddad,ACCT3514361,2025-08-22 20:23:19,noise
debit,373.78,ACCT4482480,BRANCH78,Raj Haddad,ACCT3514361,2025-08-22 12:28:09,noise
credit,2683.73,,BRANCH72,Raj Haddad,ACCT3514361,2025-08-15 12:06:07,noise
debit,2546.95,,BRANCH78,Raj Haddad,ACCT3514361,2025-08-15 11:18:35,noise
credit,598.97,,BRANCH78,Raj Haddad,ACCT3514361,2025-08-11 17:06:01,noise
debit,986.13,,BRANCH78,Raj Haddad,ACCT3514361,2025-08-10 19:42:22,noise
debit,263.44,,BRANCH61,Raj Haddad,ACCT3514361,2025-08-09 18:28:55,noise
debit,1135.5,,BRANCH56,Raj Haddad,ACCT3514361,2025-08-07 01:04:08,noise
credit,1020.65,,BRANCH78,Raj Haddad,ACCT3514361,2025-08-05 20:30:31,noise
debit,1381.83,,BRANCH78,Raj Haddad,ACCT3514361,2025-08-04 09:35:25,noise
debit,59.56,,BRANCH63,Jin Haddad,ACCT1022036,2025-10-03 11:43:04,noise
credit,465.28,,BRANCH40,Jin Haddad,ACCT1022036,2025-10-03 15:33:16,noise
credit,493.48,,BRANCH38,Jin Haddad,ACCT1022036,2025-09-30 10:04:56,noise
debit,662.05,ACCT2381314,BRANCH38,Jin Haddad,ACCT1022036,2025-09-30 18:14:17,noise
debit,410.06,,BRANCH22,Jin Haddad,ACCT1022036,2025-09-25 04:31:45,noise
debit,965.06,,BRANCH38,Jin Haddad,ACCT1022036,2025-09-23 20:19:01,noise
credit,128.03,ACCT4784164,BRANCH38,Jin Haddad,ACCT1022036,2025-09-22 19:19:12,noise
debit,2088.28,ACCT8534966,BRANCH30,Jin Haddad,ACCT1022036,2025-09-22 21:32:15,noise
debit,1010.69,,BRANCH38,Jin Haddad,ACCT1022036,2025-09-21 19:29:38,noise
debit,490.24,,BRANCH38,Jin Haddad,ACCT1022036,2025-09-19 11:28:04,noise
debit,582.36,,BRANCH23,Jin Haddad,ACCT1022036,2025-09-19 20:28:50,noise
credit,789.51,ACCT6868803,BRANCH38,Jin Haddad,ACCT1022036,2025-09-18 20:20:32,noise
credit,772.29,,BRANCH38,Jin Haddad,ACCT1022036,2025-09-16 05:26:45,noise
credit,1852.07,,BRANCH38,Jin Haddad,ACCT1022036,2025-09-13 13:00:30,noise
debit,560.33,ACCT6399547,BRANCH38,Jin Haddad,ACCT1022036,2025-09-11 08:33:45,noise
credit,286.63,,BRANCH38,Jin Haddad,ACCT1022036,2025-09-10 10:37:38,noise
credit,515.57,,BRANCH38,Jin Haddad,ACCT1022036,2025-09-07 13:21:47,noise
debit,869.42,,BRANCH38,Jin Haddad,ACCT1022036,2025-09-07 08:35:32,noise
credit,1335.23,ACCT1677557,BRANCH38,Jin Haddad,ACCT1022036,2025-09-06 14:07:15,noise
credit,802.73,ACCT4859594,BRANCH38,Jin Haddad,ACCT1022036,2025-09-04 12:17:43,noise
credit,252.59,ACCT8178151,BRANCH38,Jin Haddad,ACCT1022036,2025-08-29 18:15:51,noise
credit,2818.54,,BRANCH38,Jin Haddad,ACCT1022036,2025-08-28 10:11:29,noise
debit,2418.36,,BRANCH38,Jin Haddad,ACCT1022036,2025-08-26 05:31:36,noise
debit,723.2,,BRANCH10,Jin Haddad,ACCT1022036,2025-08-24 15:45:28,noise
credit,648.23,,BRANCH45,Jin Haddad,ACCT1022036,2025-08-23 14:32:36,noise
debit,514.13,,BRANCH38,Jin Haddad,ACCT1022036,2025-08-23 22:23:30,noise
debit,793.26,,BRANCH38,Jin Haddad,ACCT1022036,2025-08-22 04:22:48,noise
credit,919.2,,BRANCH38,Jin Haddad,ACCT1022036,2025-08-22 12:13:37,noise
debit,586.03,,BRANCH38,Jin Haddad,ACCT1022036,2025-08-21 23:07:13,noise
debit,1006.35,,BRANCH36,Jin Haddad,ACCT1022036,2025-08-13 17:17:40,noise
credit,2178.83,,BRANCH61,Jin Haddad,ACCT1022036,2025-08-13 09:12:09,noise
debit,950.15,,BRANCH38,Jin Haddad,ACCT1022036,2025-08-12 09:28:12,noise
credit,651.59,,BRANCH38,Jin Haddad,ACCT1022036,2025-08-12 12:27:11,noise
credit,1533.91,,BRANCH38,Jin Haddad,ACCT1022036,2025-08-08 09:35:31,noise
credit,1128.08,,BRANCH38,Jin Haddad,ACCT1022036,2025-08-08 14:15:31,noise
credit,446.53,ACCT4707726,BRANCH38,Jin Haddad,ACCT1022036,2025-08-05 10:09:10,noise
credit,156.5,,BRANCH52,Jin Haddad,ACCT1022036,2025-08-05 10:14:09,noise
debit,963.73,ACCT2181027,BRANCH19,Jin Fischer,ACCT6603714,2025-10-03 15:01:45,noise
debit,1746.1,,BRANCH19,Jin Fischer,ACCT6603714,2025-10-02 16:34:55,noise
credit,483.72,ACCT6431139,BRANCH17,Jin Fischer,ACCT6603714,2025-09-30 12:28:17,noise
credit,926.15,,BRANCH19,Jin Fischer,ACCT6603714,2025-09-28 11:33:01,noise
credit,667.62,ACCT1291307,BRANCH19,Jin Fischer,ACCT6603714,2025-09-28 19:00:59,noise
credit,341.72,,BRANCH93,Jin Fischer,ACCT6603714,2025-09-24 21:40:46,noise
debit,295.35,,BRANCH19,Jin Fischer,ACCT6603714,2025-09-23 16:43:07,noise
credit,942.41,,BRANCH19,Jin Fischer,ACCT6603714,2025-09-22 11:19:17,noise
credit,3146.75,,BRANCH19,Jin Fischer,ACCT6603714,2025-09-21 11:28:38,noise
debit,1318.18,ACCT1648181,BRANCH67,Jin Fischer,ACCT6603714,2025-09-21 09:02:23,noise
debit,778.23,,BRANCH19,Jin Fischer,ACCT6603714,2025-09-15 17:11:24,noise
debit,1729.48,ACCT8579756,BRANCH92,Jin Fischer,ACCT6603714,2025-09-12 15:36:43,noise
debit,469.58,,BRANCH19,Jin Fischer,ACCT6603714,2025-09-12 12:20:49,noise
credit,1222.09,,BRANCH19,Jin Fischer,ACCT6603714,2025-09-11 13:44:30,noise
debit,1090.61,,BRANCH19,Jin Fischer,ACCT6603714,2025-09-10 10:07:11,noise
debit,201.2,,BRANCH59,Jin Fischer,ACCT6603714,2025-09-10 19:01:39,noise
credit,467.01,ACCT4863733,BRANCH19,Jin Fischer,ACCT6603714,2025-09-06 16:03:38,noise
credit,208.82,,BRANCH96,Jin Fischer,ACCT6603714,2025-09-05 14:09:23,noise
credit,270.89,,BRANCH19,Jin Fischer,ACCT6603714,2025-09-04 17:42:45,noise
credit,310.72,,BRANCH19,Jin Fischer,ACCT6603714,2025-09-03 10:38:13,noise
debit,185.69,,BRANCH52,Jin Fischer,ACCT6603714,2025-09-03 20:35:36,noise
credit,928.84,,BRANCH23,Jin Fischer,ACCT6603714,2025-08-30 17:10:12,noise
debit,620.07,ACCT2593508,BRANCH19,Jin Fischer,ACCT6603714,2025-08-30 05:17:26,noise
credit,751.4,,BRANCH29,Jin Fischer,ACCT6603714,2025-08-29 20:11:47,noise
debit,1993.43,,BRANCH19,Jin Fischer,ACCT6603714,2025-08-27 23:20:46,noise
credit,809.01,,BRANCH19,Jin Fischer,ACCT6603714,2025-08-27 09:35:30,noise
debit,654.76,,BRANCH19,Jin Fischer,ACCT6603714,2025-08-26 15:08:52,noise
debit,1239.74,,BRANCH19,Jin Fischer,ACCT6603714,2025-08-25 05:40:40,noise
debit,339.3,,BRANCH91,Jin Fischer,ACCT6603714,2025-08-22 18:43:57,noise
credit,682.37,ACCT3316377,BRANCH50,Jin Fischer,ACCT6603714,2025-08-21 04:30:04,noise
credit,410.26,,BRANCH19,Jin Fischer,ACCT6603714,2025-08-20 19:03:01,noise
credit,235.21,,BRANCH19,Jin Fischer,ACCT6603714,2025-08-19 13:12:37,noise
debit,207.42,,BRANCH19,Jin Fischer,ACCT6603714,2025-08-19 11:32:12,noise
credit,148.61,ACCT6023218,BRANCH19,Jin Fischer,ACCT6603714,2025-08-15 19:17:25,noise
credit,324.66,ACCT9697347,BRANCH19,Jin Fischer,ACCT6603714,2025-08-14 13:36:53,noise
credit,964.79,ACCT1936847,BRANCH80,Jin Fischer,ACCT6603714,2025-08-13 12:00:34,noise
credit,629.08,,BRANCH19,Jin Fischer,ACCT6603714,2025-08-12 13:30:06,noise
credit,891.92,,BRANCH19,Jin Fischer,ACCT6603714,2025-08-11 20:14:03,noise
credit,197.32,,BRANCH19,Jin Fischer,ACCT6603714,2025-08-11 19:08:16,noise
debit,897.98,,BRANCH19,Jin Fischer,ACCT6603714,2025-08-08 17:34:09,noise
debit,203.04,,BRANCH19,Jin Fischer,ACCT6603714,2025-08-07 14:08:21,noise
credit,277.82,ACCT4859594,BRANCH20,Leo Fischer,ACCT8445003,2025-10-03 09:23:17,noise
credit,971.82,ACCT7512507,BRANCH20,Leo Fischer,ACCT8445003,2025-10-01 21:31:50,noise
debit,296.94,ACCT1986603,BRANCH20,Leo Fischer,ACCT8445003,2025-09-27 14:32:33,noise
credit,946.43,,BRANCH20,Leo Fischer,ACCT8445003,2025-09-27 09:10:24,noise
debit,916.41,,BRANCH20,Leo Fischer,ACCT8445003,2025-09-26 15:15:48,noise
credit,668.76,,BRANCH16,Leo Fischer,ACCT8445003,2025-09-26 13:15:48,noise
debit,352.52,ACCT1842933,BRANCH20,Leo Fischer,ACCT8445003,2025-09-23 18:45:35,noise
credit,331.07,,BRANCH20,Leo Fischer,ACCT8445003,2025-09-23 20:12:29,noise
debit,587.8,,BRANCH10,Leo Fischer,ACCT8445003,2025-09-22 15:44:15,noise
credit,316.07,,BRANCH90,Leo Fischer,ACCT8445003,2025-09-22 18:40:48,noise
debit,467.56,ACCT9855597,BRANCH20,Leo Fischer,ACCT8445003,2025-09-21 14:42:31,noise
credit,536.13,ACCT9094463,BRANCH61,Leo Fischer,ACCT8445003,2025-09-20 15:33:27,noise
debit,209.08,,BRANCH20,Leo Fischer,ACCT8445003,2025-09-20 18:21:14,noise
debit,1651.31,,BRANCH61,Leo Fischer,ACCT8445003,2025-09-19 10:42:42,noise
debit,1111.69,,BRANCH20,Leo Fischer,ACCT8445003,2025-09-19 17:40:22,noise
credit,616.26,,BRANCH20,Leo Fischer,ACCT8445003,2025-09-16 14:40:53,noise
credit,297.08,,BRANCH86,Leo Fischer,ACCT8445003,2025-09-15 17:18:40,noise
debit,923.53,ACCT9822265,BRANCH20,Leo Fischer,ACCT8445003,2025-09-15 12:35:29,noise
credit,585.34,,BRANCH20,Leo Fischer,ACCT8445003,2025-09-14 11:23:14,noise
debit,555.63,,BRANCH20,Leo Fischer,ACCT8445003,2025-09-14 15:13:10,noise
credit,473.31,ACCT9048537,BRANCH20,Leo Fischer,ACCT8445003,2025-09-13 01:37:51,noise
credit,302.27,ACCT6661796,BRANCH20,Leo Fischer,ACCT8445003,2025-09-12 20:02:14,noise
credit,210.48,,BRANCH49,Leo Fischer,ACCT8445003,2025-09-11 11:03:16,noise
credit,480.06,ACCT2948414,BRANCH20,Leo Fischer,ACCT8445003,2025-09-11 15:22:46,noise
credit,1687.95,,BRANCH20,Leo Fischer,ACCT8445003,2025-09-09 13:13:23,noise
debit,288.9,,BRANCH20,Leo Fischer,ACCT8445003,2025-09-08 12:15:55,noise
debit,2188.14,,BRANCH66,Leo Fischer,ACCT8445003,2025-09-05 16:09:37,noise
debit,2128.58,ACCT7356334,BRANCH20,Leo Fischer,ACCT8445003,2025-09-01 17:13:04,noise
credit,441.74,,BRANCH20,Leo Fischer,ACCT8445003,2025-09-01 09:06:05,noise
credit,1230.24,,BRANCH20,Leo Fischer,ACCT8445003,2025-08-29 04:22:23,noise
debit,510.39,ACCT1291307,BRANCH20,Leo Fischer,ACCT8445003,2025-08-25 12:14:32,noise
credit,232.67,ACCT4383425,BRANCH20,Leo Fischer,ACCT8445003,2025-08-21 08:31:14,noise
credit,1394.53,ACCT7678530,BRANCH20,Leo Fischer,ACCT8445003,2025-08-17 04:22:46,noise
credit,1916.22,,BRANCH47,Leo Fischer,ACCT8445003,2025-08-17 19:23:46,noise
credit,1361.92,,BRANCH20,Leo Fischer,ACCT8445003,2025-08-14 21:21:35,noise
debit,458.95,,BRANCH20,Leo Fischer,ACCT8445003,2025-08-12 14:28:16,noise
debit,948.79,,BRANCH20,Leo Fischer,ACCT8445003,2025-08-12 13:32:57,noise
credit,1344.25,ACCT7311230,BRANCH27,Leo Fischer,ACCT8445003,2025-08-10 14:32:20,noise
credit,1165.93,,BRANCH68,Leo Fischer,ACCT8445003,2025-08-09 18:29:29,noise
credit,395.97,,BRANCH39,Leo Fischer,ACCT8445003,2025-08-08 19:06:29,noise
debit,318.66,,BRANCH20,Leo Fischer,ACCT8445003,2025-08-07 09:01:14,noise
debit,1529.58,,BRANCH20,Leo Fischer,ACCT8445003,2025-08-07 13:01:27,noise
credit,316.48,,BRANCH20,Leo Fischer,ACCT8445003,2025-08-05 12:37:58,noise
credit,1140.95,,BRANCH20,Leo Fischer,ACCT8445003,2025-08-05 10:29:54,noise
debit,1824.22,,BRANCH20,Leo Fischer,ACCT8445003,2025-08-04 13:19:52,noise
debit,135.45,,BRANCH20,Leo Fischer,ACCT8445003,2025-08-04 13:30:53,noise
debit,2109.38,,BRANCH21,Fahad Chen,ACCT6951278,2025-10-03 23:22:18,noise
credit,660.09,,BRANCH22,Fahad Chen,ACCT6951278,2025-10-01 19:25:19,noise
debit,1262.24,,BRANCH21,Fahad Chen,ACCT6951278,2025-10-01 11:40:36,noise
debit,1865.43,,BRANCH21,Fahad Chen,ACCT6951278,2025-09-30 14:39:44,noise
credit,3326.55,,BRANCH21,Fahad Chen,ACCT6951278,2025-09-29 14:21:08,noise
credit,807.35,,BRANCH21,Fahad Chen,ACCT6951278,2025-09-27 09:32:52,noise
credit,3639.32,ACCT5279008,BRANCH26,Fahad Chen,ACCT6951278,2025-09-26 08:44:21,noise
credit,1453.64,,BRANCH21,Fahad Chen,ACCT6951278,2025-09-23 00:06:18,noise
credit,1888.19,ACCT5574734,BRANCH21,Fahad Chen,ACCT6951278,2025-09-22 18:10:01,noise
credit,193.02,,BRANCH21,Fahad Chen,ACCT6951278,2025-09-17 17:39:39,noise
credit,1249.86,,BRANCH21,Fahad Chen,ACCT6951278,2025-09-16 13:10:40,noise
credit,3063.81,,BRANCH21,Fahad Chen,ACCT6951278,2025-09-14 13:41:52,noise
debit,286.54,ACCT2696989,BRANCH21,Fahad Chen,ACCT6951278,2025-09-13 12:40:51,noise
credit,647.31,ACCT6399547,BRANCH84,Fahad Chen,ACCT6951278,2025-09-12 23:34:32,noise
credit,1240.5,,BRANCH21,Fahad Chen,ACCT6951278,2025-09-11 14:30:09,noise
credit,331.72,ACCT8579756,BRANCH69,Fahad Chen,ACCT6951278,2025-09-09 12:07:32,noise
debit,623.24,ACCT6399547,BRANCH21,Fahad Chen,ACCT6951278,2025-09-08 15:22:29,noise
credit,705.99,ACCT5288142,BRANCH21,Fahad Chen,ACCT6951278,2025-09-06 00:01:09,noise
debit,586.09,,BRANCH63,Fahad Chen,ACCT6951278,2025-09-06 17:20:40,noise
debit,1314.18,ACCT2255877,BRANCH21,Fahad Chen,ACCT6951278,2025-09-05 01:18:04,noise
debit,600.14,ACCT4606766,BRANCH95,Fahad Chen,ACCT6951278,2025-09-04 14:23:00,noise
debit,3000.0,ACCT9409981,BRANCH21,Fahad Chen,ACCT6951278,2025-09-03 12:27:07,noise
credit,1029.9,ACCT4368538,BRANCH21,Fahad Chen,ACCT6951278,2025-09-02 14:00:28,noise
debit,677.9,,BRANCH49,Fahad Chen,ACCT6951278,2025-09-01 19:10:23,noise
debit,269.1,,BRANCH43,Fahad Chen,ACCT6951278,2025-09-01 12:11:52,noise
credit,297.3,,BRANCH21,Fahad Chen,ACCT6951278,2025-08-30 20:14:37,noise
credit,51.24,,BRANCH21,Fahad Chen,ACCT6951278,2025-08-30 11:04:59,noise
debit,253.05,,BRANCH92,Fahad Chen,ACCT6951278,2025-08-29 05:31:33,noise
credit,1147.55,,BRANCH46,Fahad Chen,ACCT6951278,2025-08-29 17:33:11,noise
debit,1463.51,ACCT7173953,BRANCH21,Fahad Chen,ACCT6951278,2025-08-21 19:16:46,noise
credit,326.69,,BRANCH21,Fahad Chen,ACCT6951278,2025-08-20 11:37:15,noise
debit,279.29,ACCT9568629,BRANCH21,Fahad Chen,ACCT6951278,2025-08-19 19:00:46,noise
debit,111.64,,BRANCH21,Fahad Chen,ACCT6951278,2025-08-18 09:43:33,noise
credit,3348.93,,BRANCH21,Fahad Chen,ACCT6951278,2025-08-15 20:15:22,noise
debit,500.29,ACCT4337609,BRANCH21,Fahad Chen,ACCT6951278,2025-08-09 17:39:22,noise
credit,830.1,,BRANCH98,Fahad Chen,ACCT6951278,2025-08-08 11:24:28,noise
credit,486.92,,BRANCH58,Leo Iqbal,ACCT2593508,2025-10-02 16:12:50,noise
credit,498.26,,BRANCH58,Leo Iqbal,ACCT2593508,2025-09-30 17:14:15,noise
credit,2415.09,,BRANCH58,Leo Iqbal,ACCT2593508,2025-09-28 08:12:32,noise
credit,1450.23,,BRANCH58,Leo Iqbal,ACCT2593508,2025-09-25 08:43:12,noise
debit,729.8,,BRANCH58,Leo Iqbal,ACCT2593508,2025-09-24 09:21:01,noise
debit,1507.8,ACCT6165683,BRANCH70,Leo Iqbal,ACCT2593508,2025-09-23 23:26:15,noise
credit,2103.1,ACCT5267563,BRANCH96,Leo Iqbal,ACCT2593508,2025-09-21 13:19:08,noise
credit,129.04,,BRANCH58,Leo Iqbal,ACCT2593508,2025-09-21 18:38:36,noise
debit,3000.0,ACCT9855597,BRANCH58,Leo Iqbal,ACCT2593508,2025-09-20 09:28:11,noise
debit,994.39,,BRANCH50,Leo Iqbal,ACCT2593508,2025-09-19 12:37:15,noise
credit,1505.51,,BRANCH58,Leo Iqbal,ACCT2593508,2025-09-19 16:19:03,noise
credit,1093.16,,BRANCH58,Leo Iqbal,ACCT2593508,2025-09-17 15:37:34,noise
credit,307.25,,BRANCH44,Leo Iqbal,ACCT2593508,2025-09-15 10:26:13,noise
debit,1522.09,,BRANCH87,Leo Iqbal,ACCT2593508,2025-09-15 15:32:15,noise
credit,764.17,,BRANCH58,Leo Iqbal,ACCT2593508,2025-09-14 14:44:00,noise
credit,760.17,,BRANCH58,Leo Iqbal,ACCT2593508,2025-09-13 02:36:11,noise
credit,835.05,ACCT9902588,BRANCH34,Leo Iqbal,ACCT2593508,2025-09-11 02:26:58,noise
debit,1840.24,,BRANCH46,Leo Iqbal,ACCT2593508,2025-09-10 11:22:18,noise
debit,1212.08,,BRANCH58,Leo Iqbal,ACCT2593508,2025-09-07 09:24:31,noise
credit,389.67,,BRANCH40,Leo Iqbal,ACCT2593508,2025-09-05 13:30:46,noise
debit,443.56,ACCT3292131,BRANCH58,Leo Iqbal,ACCT2593508,2025-09-03 18:28:02,noise
credit,251.45,ACCT6213692,BRANCH83,Leo Iqbal,ACCT2593508,2025-09-01 20:17:34,noise
debit,3341.74,,BRANCH58,Leo Iqbal,ACCT2593508,2025-08-30 13:09:29,noise
debit,137.64,ACCT9902588,BRANCH58,Leo Iqbal,ACCT2593508,2025-08-27 08:29:11,noise
debit,563.53,,BRANCH58,Leo Iqbal,ACCT2593508,2025-08-25 09:07:02,noise
debit,546.33,,BRANCH58,Leo Iqbal,ACCT2593508,2025-08-23 08:31:19,noise
debit,106.47,,BRANCH58,Leo Iqbal,ACCT2593508,2025-08-22 15:32:55,noise
debit,640.13,,BRANCH58,Leo Iqbal,ACCT2593508,2025-08-22 18:31:33,noise
debit,301.28,ACCT4368538,BRANCH58,Leo Iqbal,ACCT2593508,2025-08-21 19:08:34,noise
credit,100.2,,BRANCH58,Leo Iqbal,ACCT2593508,2025-08-18 22:33:42,noise
credit,604.21,,BRANCH93,Leo Iqbal,ACCT2593508,2025-08-15 09:28:45,noise
credit,1600.46,,BRANCH58,Leo Iqbal,ACCT2593508,2025-08-15 09:34:28,noise
credit,1510.04,,BRANCH87,Leo Iqbal,ACCT2593508,2025-08-11 16:07:40,noise
debit,205.8,ACCT7421301,BRANCH82,Leo Iqbal,ACCT2593508,2025-08-10 19:09:34,noise
debit,597.31,ACCT5446283,BRANCH94,Leo Iqbal,ACCT2593508,2025-08-08 16:23:51,noise
credit,424.79,,BRANCH73,Diego Meyer,ACCT1291307,2025-09-30 11:16:02,noise
credit,1688.31,,BRANCH73,Diego Meyer,ACCT1291307,2025-09-27 08:41:56,noise
debit,215.08,,BRANCH75,Diego Meyer,ACCT1291307,2025-09-26 18:04:22,noise
credit,704.98,,BRANCH30,Diego Meyer,ACCT1291307,2025-09-23 08:32:54,noise
credit,714.8,,BRANCH70,Diego Meyer,ACCT1291307,2025-09-22 23:22:40,noise
credit,3536.56,,BRANCH73,Diego Meyer,ACCT1291307,2025-09-22 15:09:10,noise
credit,1169.13,ACCT7173953,BRANCH98,Diego Meyer,ACCT1291307,2025-09-21 10:04:38,noise
debit,459.34,,BRANCH73,Diego Meyer,ACCT1291307,2025-09-17 13:42:14,noise
credit,1488.03,ACCT9094463,BRANCH73,Diego Meyer,ACCT1291307,2025-09-17 12:20:27,noise
credit,644.68,,BRANCH73,Diego Meyer,ACCT1291307,2025-09-14 11:18:08,noise
credit,800.79,,BRANCH73,Diego Meyer,ACCT1291307,2025-09-13 19:19:48,noise
credit,578.87,,BRANCH73,Diego Meyer,ACCT1291307,2025-09-06 19:05:54,noise
debit,968.34,,BRANCH73,Diego Meyer,ACCT1291307,2025-09-06 11:29:32,noise
credit,799.94,,BRANCH73,Diego Meyer,ACCT1291307,2025-09-02 15:09:03,noise
debit,1297.22,ACCT6603714,BRANCH73,Diego Meyer,ACCT1291307,2025-09-02 11:02:14,noise
debit,1306.17,ACCT3502009,BRANCH73,Diego Meyer,ACCT1291307,2025-08-30 16:00:09,noise
debit,568.78,,BRANCH73,Diego Meyer,ACCT1291307,2025-08-27 21:15:53,noise
debit,356.9,ACCT5462826,BRANCH73,Diego Meyer,ACCT1291307,2025-08-25 10:43:58,noise
debit,324.59,ACCT3292131,BRANCH73,Diego Meyer,ACCT1291307,2025-08-24 12:41:08,noise
credit,683.36,,BRANCH73,Diego Meyer,ACCT1291307,2025-08-23 18:19:14,noise
debit,420.25,,BRANCH73,Diego Meyer,ACCT1291307,2025-08-22 23:31:39,noise
credit,145.53,,BRANCH73,Diego Meyer,ACCT1291307,2025-08-21 09:37:46,noise
credit,841.96,ACCT8579756,BRANCH73,Diego Meyer,ACCT1291307,2025-08-19 08:37:59,noise
debit,3000.0,ACCT7659933,BRANCH73,Diego Meyer,ACCT1291307,2025-08-18 13:40:56,noise
debit,321.61,,BRANCH73,Diego Meyer,ACCT1291307,2025-08-18 09:11:18,noise
credit,156.66,,BRANCH73,Diego Meyer,ACCT1291307,2025-08-17 13:05:40,noise
credit,147.3,,BRANCH73,Diego Meyer,ACCT1291307,2025-08-14 13:33:53,noise
credit,856.81,,BRANCH73,Diego Meyer,ACCT1291307,2025-08-08 19:40:36,noise
debit,790.33,,BRANCH73,Diego Meyer,ACCT1291307,2025-08-06 13:42:12,noise
debit,806.79,,BRANCH73,Diego Meyer,ACCT1291307,2025-08-04 00:26:29,noise
debit,290.58,,BRANCH55,Zane Duarte,ACCT7421301,2025-10-03 15:31:43,noise
debit,162.97,ACCT7356334,BRANCH55,Zane Duarte,ACCT7421301,2025-09-30 20:11:03,noise
debit,1071.42,,BRANCH28,Zane Duarte,ACCT7421301,2025-09-28 21:34:03,noise
debit,2518.27,,BRANCH55,Zane Duarte,ACCT7421301,2025-09-28 02:27:59,noise
debit,2855.45,,BRANCH86,Zane Duarte,ACCT7421301,2025-09-27 20:33:46,noise
credit,345.49,ACCT8445003,BRANCH55,Zane Duarte,ACCT7421301,2025-09-26 10:06:08,noise
debit,812.53,,BRANCH55,Zane Duarte,ACCT7421301,2025-09-23 16:00:56,noise
debit,1575.43,,BRANCH55,Zane Duarte,ACCT7421301,2025-09-23 04:02:40,noise
debit,3000.0,ACCT5558849,BRANCH55,Zane Duarte,ACCT7421301,2025-09-22 04:26:31,noise
credit,399.14,,BRANCH60,Zane Duarte,ACCT7421301,2025-09-22 11:16:31,noise
debit,374.51,,BRANCH55,Zane Duarte,ACCT7421301,2025-09-21 18:16:12,noise
debit,401.83,,BRANCH30,Zane Duarte,ACCT7421301,2025-09-17 10:25:57,noise
debit,713.03,ACCT7659933,BRANCH77,Zane Duarte,ACCT7421301,2025-09-17 10:41:12,noise
debit,1840.71,,BRANCH55,Zane Duarte,ACCT7421301,2025-09-15 23:41:44,noise
credit,216.01,,BRANCH55,Zane Duarte,ACCT7421301,2025-09-15 20:11:28,noise
debit,494.85,,BRANCH55,Zane Duarte,ACCT7421301,2025-09-12 19:07:06,noise
credit,27.98,,BRANCH55,Zane Duarte,ACCT7421301,2025-09-12 21:12:35,noise
debit,959.95,,BRANCH55,Zane Duarte,ACCT7421301,2025-09-10 22:23:42,noise
debit,3000.0,ACCT9902588,BRANCH55,Zane Duarte,ACCT7421301,2025-09-08 20:18:42,noise
debit,840.05,,BRANCH55,Zane Duarte,ACCT7421301,2025-09-06 10:39:38,noise
debit,1442.25,,BRANCH55,Zane Duarte,ACCT7421301,2025-09-04 22:40:36,noise
debit,1181.68,,BRANCH32,Zane Duarte,ACCT7421301,2025-09-02 18:45:23,noise
credit,186.52,,BRANCH78,Zane Duarte,ACCT7421301,2025-09-02 10:10:44,noise
credit,998.05,,BRANCH55,Zane Duarte,ACCT7421301,2025-08-31 01:23:32,noise
credit,740.04,ACCT1697663,BRANCH70,Zane Duarte,ACCT7421301,2025-08-31 11:01:31,noise
credit,740.59,,BRANCH55,Zane Duarte,ACCT7421301,2025-08-29 20:12:37,noise
debit,193.89,ACCT8534966,BRANCH55,Zane Duarte,ACCT7421301,2025-08-27 14:37:38,noise
credit,1226.45,,BRANCH55,Zane Duarte,ACCT7421301,2025-08-27 08:27:22,noise
debit,3000.0,ACCT5279008,BRANCH50,Zane Duarte,ACCT7421301,2025-08-23 17:31:11,noise
debit,726.58,,BRANCH55,Zane Duarte,ACCT7421301,2025-08-21 17:05:59,noise
debit,1792.78,,BRANCH55,Zane Duarte,ACCT7421301,2025-08-18 19:33:03,noise
credit,487.03,,BRANCH55,Zane Duarte,ACCT7421301,2025-08-18 12:05:35,noise
debit,445.51,,BRANCH55,Zane Duarte,ACCT7421301,2025-08-15 15:39:09,noise
debit,591.07,ACCT7678530,BRANCH55,Zane Duarte,ACCT7421301,2025-08-12 19:21:55,noise
credit,1431.75,,BRANCH55,Zane Duarte,ACCT7421301,2025-08-12 10:23:21,noise
credit,8880.23,,BRANCH55,Zane Duarte,ACCT7421301,2025-08-11 16:04:10,noise
debit,1012.25,ACCT8097980,BRANCH62,Zane Duarte,ACCT7421301,2025-08-11 08:06:36,noise
debit,269.47,,BRANCH79,Zane Duarte,ACCT7421301,2025-08-10 18:21:10,noise
debit,713.63,ACCT8178151,BRANCH55,Zane Duarte,ACCT7421301,2025-08-10 09:12:26,noise
credit,753.6,,BRANCH11,Zane Duarte,ACCT7421301,2025-08-09 15:03:31,noise
debit,301.59,,BRANCH88,Zane Duarte,ACCT7421301,2025-08-08 18:34:18,noise
credit,1096.31,,BRANCH55,Zane Duarte,ACCT7421301,2025-08-08 11:15:07,noise
credit,734.72,,BRANCH55,Zane Duarte,ACCT7421301,2025-08-07 18:20:43,noise
debit,3000.0,ACCT9855597,BRANCH55,Zane Duarte,ACCT7421301,2025-08-07 11:30:33,noise
credit,1061.87,ACCT5084009,BRANCH55,Zane Duarte,ACCT7421301,2025-08-04 15:06:14,noise
credit,963.16,,BRANCH52,Zane Duarte,ACCT7421301,2025-08-04 18:13:47,noise
credit,598.13,,BRANCH69,Ana Fischer,ACCT9409981,2025-10-01 17:32:29,noise
debit,2701.47,,BRANCH58,Ana Fischer,ACCT9409981,2025-09-27 08:05:00,noise
credit,2104.9,,BRANCH58,Ana Fischer,ACCT9409981,2025-09-26 08:39:10,noise
credit,3920.22,ACCT1022036,BRANCH44,Ana Fischer,ACCT9409981,2025-09-26 16:27:20,noise
credit,288.39,ACCT8445003,BRANCH10,Ana Fischer,ACCT9409981,2025-09-22 10:27:39,noise
credit,3661.73,,BRANCH53,Ana Fischer,ACCT9409981,2025-09-20 17:38:44,noise
debit,360.08,,BRANCH58,Ana Fischer,ACCT9409981,2025-09-16 16:04:42,noise
credit,1292.19,ACCT7678530,BRANCH58,Ana Fischer,ACCT9409981,2025-09-15 18:09:33,noise
credit,1670.83,ACCT2609165,BRANCH40,Ana Fischer,ACCT9409981,2025-09-15 09:11:16,noise
credit,605.83,,BRANCH58,Ana Fischer,ACCT9409981,2025-09-14 09:28:30,noise
credit,352.63,,BRANCH62,Ana Fischer,ACCT9409981,2025-09-12 13:07:40,noise
credit,1931.43,,BRANCH58,Ana Fischer,ACCT9409981,2025-09-11 20:43:32,noise
debit,421.59,,BRANCH58,Ana Fischer,ACCT9409981,2025-09-09 17:06:54,noise
credit,564.29,,BRANCH89,Ana Fischer,ACCT9409981,2025-09-06 11:40:07,noise
debit,640.48,,BRANCH58,Ana Fischer,ACCT9409981,2025-09-04 03:10:06,noise
debit,959.65,,BRANCH18,Ana Fischer,ACCT9409981,2025-09-03 20:15:40,noise
debit,1246.5,,BRANCH26,Ana Fischer,ACCT9409981,2025-09-03 23:04:40,noise
debit,141.1,,BRANCH20,Ana Fischer,ACCT9409981,2025-09-02 22:14:17,noise
credit,3474.97,ACCT3118963,BRANCH58,Ana Fischer,ACCT9409981,2025-08-31 08:33:32,noise
debit,622.23,ACCT4707726,BRANCH63,Ana Fischer,ACCT9409981,2025-08-26 12:18:11,noise
debit,976.59,ACCT2527022,BRANCH58,Ana Fischer,ACCT9409981,2025-08-24 08:17:51,noise
debit,470.12,,BRANCH29,Ana Fischer,ACCT9409981,2025-08-15 17:28:14,noise
debit,214.26,,BRANCH58,Ana Fischer,ACCT9409981,2025-08-11 18:05:56,noise
debit,952.07,ACCT7512507,BRANCH58,Ana Fischer,ACCT9409981,2025-08-09 23:23:01,noise
debit,844.97,ACCT2948414,BRANCH58,Ana Fischer,ACCT9409981,2025-08-07 12:27:10,noise
debit,6675.24,ACCT2625903,BRANCH58,Ana Fischer,ACCT9409981,2025-12-05 00:35:22,noise
debit,42907.14,ACCT2625903,BRANCH58,Ana Fischer,ACCT9409981,2025-12-22 21:18:11,noise
debit,5263.83,ACCT2625903,BRANCH58,Ana Fischer,ACCT9409981,2025-12-07 07:34:40,noise
debit,10366.05,ACCT2625903,BRANCH58,Ana Fischer,ACCT9409981,2025-12-18 03:34:52,noise
debit,30906.59,ACCT2625903,BRANCH58,Ana Fischer,ACCT9409981,2025-11-25 04:38:06,noise
debit,32865.88,ACCT2625903,BRANCH58,Ana Fischer,ACCT9409981,2025-11-22 22:28:48,noise
debit,499.99,,BRANCH85,Jin Brooks,ACCT9822265,2025-10-02 11:32:25,noise
credit,565.88,ACCT5574734,BRANCH85,Jin Brooks,ACCT9822265,2025-10-01 18:27:47,noise
debit,2062.11,ACCT7871979,BRANCH85,Jin Brooks,ACCT9822265,2025-09-25 19:19:38,noise
debit,605.47,,BRANCH43,Jin Brooks,ACCT9822265,2025-09-25 15:20:37,noise
debit,242.98,,BRANCH85,Jin Brooks,ACCT9822265,2025-09-21 15:24:14,noise
credit,598.08,,BRANCH85,Jin Brooks,ACCT9822265,2025-09-21 10:00:52,noise
debit,244.0,,BRANCH11,Jin Brooks,ACCT9822265,2025-09-20 18:16:51,noise
credit,644.94,ACCT6786427,BRANCH85,Jin Brooks,ACCT9822265,2025-09-12 09:28:21,noise
credit,272.89,,BRANCH85,Jin Brooks,ACCT9822265,2025-09-11 01:31:12,noise
debit,451.65,ACCT6023218,BRANCH85,Jin Brooks,ACCT9822265,2025-09-10 11:43:37,noise
debit,1078.48,,BRANCH63,Jin Brooks,ACCT9822265,2025-09-08 23:09:54,noise
credit,592.93,,BRANCH85,Jin Brooks,ACCT9822265,2025-09-08 20:21:15,noise
credit,275.26,,BRANCH85,Jin Brooks,ACCT9822265,2025-09-02 13:25:25,noise
credit,559.3,,BRANCH85,Jin Brooks,ACCT9822265,2025-08-28 02:19:06,noise
debit,1304.49,ACCT7909293,BRANCH85,Jin Brooks,ACCT9822265,2025-08-27 14:23:07,noise
debit,231.0,ACCT9117842,BRANCH39,Jin Brooks,ACCT9822265,2025-08-27 13:14:46,noise
credit,143.66,ACCT4337609,BRANCH85,Jin Brooks,ACCT9822265,2025-08-25 18:34:27,noise
debit,851.61,,BRANCH70,Jin Brooks,ACCT9822265,2025-08-25 18:36:19,noise
credit,2051.01,,BRANCH70,Jin Brooks,ACCT9822265,2025-08-21 10:01:38,noise
debit,308.79,,BRANCH34,Jin Brooks,ACCT9822265,2025-08-16 18:09:07,noise
credit,406.27,,BRANCH29,Jin Brooks,ACCT9822265,2025-08-14 11:36:40,noise
debit,280.46,,BRANCH85,Jin Brooks,ACCT9822265,2025-08-12 10:18:07,noise
credit,495.98,,BRANCH91,Jin Brooks,ACCT9822265,2025-08-12 09:31:14,noise
credit,753.29,,BRANCH85,Jin Brooks,ACCT9822265,2025-08-11 09:24:30,noise
debit,399.46,,BRANCH85,Jin Brooks,ACCT9822265,2025-08-10 15:42:38,noise
credit,573.01,,BRANCH73,Jin Brooks,ACCT9822265,2025-08-10 17:19:21,noise
credit,349.56,,BRANCH85,Jin Brooks,ACCT9822265,2025-08-09 05:18:37,noise
credit,771.22,,BRANCH85,Jin Brooks,ACCT9822265,2025-08-09 10:31:30,noise
debit,397.28,,BRANCH20,Jin Brooks,ACCT9822265,2025-08-06 12:27:35,noise
debit,1825.48,ACCT1022036,BRANCH72,Jin Brooks,ACCT9822265,2025-08-04 12:45:32,noise
debit,813.99,ACCT8582565,BRANCH62,Jin Brooks,ACCT9822265,2025-08-04 15:43:31,noise
debit,724.11,,BRANCH94,Wes Mehta,ACCT6609016,2025-10-03 16:11:37,noise
credit,350.99,,BRANCH94,Wes Mehta,ACCT6609016,2025-10-02 17:08:04,noise
credit,1175.76,,BRANCH21,Wes Mehta,ACCT6609016,2025-10-02 20:22:57,noise
debit,298.62,ACCT5737722,BRANCH94,Wes Mehta,ACCT6609016,2025-09-30 10:27:54,noise
debit,1387.7,ACCT1648181,BRANCH94,Wes Mehta,ACCT6609016,2025-09-30 12:17:29,noise
debit,218.33,ACCT3514361,BRANCH94,Wes Mehta,ACCT6609016,2025-09-29 09:33:15,noise
credit,581.07,,BRANCH94,Wes Mehta,ACCT6609016,2025-09-27 22:35:44,noise
debit,360.19,,BRANCH94,Wes Mehta,ACCT6609016,2025-09-25 14:40:14,noise
debit,654.45,,BRANCH94,Wes Mehta,ACCT6609016,2025-09-24 01:21:50,noise
debit,2824.41,,BRANCH25,Wes Mehta,ACCT6609016,2025-09-21 08:26:00,noise
credit,74.78,ACCT2625903,BRANCH94,Wes Mehta,ACCT6609016,2025-09-21 14:37:07,noise
debit,278.7,,BRANCH94,Wes Mehta,ACCT6609016,2025-09-17 00:45:55,noise
credit,1881.65,ACCT7931336,BRANCH29,Wes Mehta,ACCT6609016,2025-09-15 15:04:54,noise
debit,1047.19,ACCT1291307,BRANCH56,Wes Mehta,ACCT6609016,2025-09-12 09:25:12,noise
credit,1016.55,,BRANCH94,Wes Mehta,ACCT6609016,2025-09-09 13:21:49,noise
credit,921.22,,BRANCH94,Wes Mehta,ACCT6609016,2025-09-06 10:45:48,noise
credit,1518.49,ACCT9963981,BRANCH33,Wes Mehta,ACCT6609016,2025-09-05 16:32:38,noise
credit,742.06,ACCT2583045,BRANCH94,Wes Mehta,ACCT6609016,2025-09-02 09:16:04,noise
debit,395.01,,BRANCH94,Wes Mehta,ACCT6609016,2025-08-28 15:42:52,noise
debit,450.85,,BRANCH94,Wes Mehta,ACCT6609016,2025-08-28 12:00:43,noise
debit,1074.67,ACCT4707726,BRANCH94,Wes Mehta,ACCT6609016,2025-08-23 22:15:23,noise
debit,1891.2,,BRANCH94,Wes Mehta,ACCT6609016,2025-08-20 23:19:38,noise
credit,201.29,,BRANCH94,Wes Mehta,ACCT6609016,2025-08-16 15:12:44,noise
debit,623.36,,BRANCH94,Wes Mehta,ACCT6609016,2025-08-16 16:31:26,noise
debit,506.5,,BRANCH94,Wes Mehta,ACCT6609016,2025-08-11 10:15:00,noise
debit,225.79,,BRANCH96,Wes Mehta,ACCT6609016,2025-08-09 16:36:33,noise
credit,238.54,ACCT9409981,BRANCH21,Wes Mehta,ACCT6609016,2025-08-09 18:29:01,noise
credit,1065.94,,BRANCH94,Wes Mehta,ACCT6609016,2025-08-08 04:12:04,noise
credit,780.78,,BRANCH94,Wes Mehta,ACCT6609016,2025-08-06 14:30:38,noise
debit,1561.39,,BRANCH59,Wes Mehta,ACCT6609016,2025-08-05 01:17:19,noise
credit,458.1,ACCT5084009,BRANCH93,Wes Mehta,ACCT6609016,2025-08-05 13:11:19,noise
debit,1164.98,ACCT8178151,BRANCH57,Mara Vargas,ACCT6165683,2025-10-03 13:11:38,noise
debit,3822.2,,BRANCH21,Mara Vargas,ACCT6165683,2025-10-03 10:30:21,noise
credit,222.01,,BRANCH21,Mara Vargas,ACCT6165683,2025-10-02 14:13:30,noise
credit,1952.84,,BRANCH19,Mara Vargas,ACCT6165683,2025-10-02 08:45:31,noise
credit,209.95,,BRANCH21,Mara Vargas,ACCT6165683,2025-10-01 18:17:54,noise
credit,1013.14,,BRANCH91,Mara Vargas,ACCT6165683,2025-09-29 09:10:37,noise
credit,590.21,,BRANCH51,Mara Vargas,ACCT6165683,2025-09-28 12:21:21,noise
credit,326.7,,BRANCH21,Mara Vargas,ACCT6165683,2025-09-26 19:24:32,noise
debit,1424.54,,BRANCH21,Mara Vargas,ACCT6165683,2025-09-21 21:30:42,noise
credit,842.84,,BRANCH21,Mara Vargas,ACCT6165683,2025-09-21 14:43:02,noise
debit,119.37,,BRANCH38,Mara Vargas,ACCT6165683,2025-09-19 19:02:52,noise
debit,911.02,,BRANCH21,Mara Vargas,ACCT6165683,2025-09-19 08:04:01,noise
debit,311.97,,BRANCH21,Mara Vargas,ACCT6165683,2025-09-18 16:09:21,noise
debit,239.87,,BRANCH21,Mara Vargas,ACCT6165683,2025-09-17 12:10:58,noise
debit,592.61,ACCT1293841,BRANCH25,Mara Vargas,ACCT6165683,2025-09-17 15:08:04,noise
debit,672.97,,BRANCH67,Mara Vargas,ACCT6165683,2025-09-16 19:15:34,noise
credit,1369.57,,BRANCH21,Mara Vargas,ACCT6165683,2025-09-13 12:29:42,noise
debit,774.87,ACCT1051861,BRANCH21,Mara Vargas,ACCT6165683,2025-09-13 17:10:02,noise
debit,505.37,ACCT7421301,BRANCH21,Mara Vargas,ACCT6165683,2025-09-11 19:13:10,noise
debit,425.15,,BRANCH20,Mara Vargas,ACCT6165683,2025-09-09 09:25:47,noise
debit,359.14,,BRANCH21,Mara Vargas,ACCT6165683,2025-09-07 19:32:23,noise
credit,323.62,,BRANCH21,Mara Vargas,ACCT6165683,2025-09-06 20:26:44,noise
credit,1163.52,,BRANCH76,Mara Vargas,ACCT6165683,2025-09-04 12:26:43,noise
debit,746.99,ACCT4994880,BRANCH21,Mara Vargas,ACCT6165683,2025-09-02 08:43:06,noise
credit,814.65,,BRANCH21,Mara Vargas,ACCT6165683,2025-09-02 16:34:04,noise
debit,1152.18,,BRANCH21,Mara Vargas,ACCT6165683,2025-08-31 22:07:18,noise
credit,2927.22,ACCT1914186,BRANCH21,Mara Vargas,ACCT6165683,2025-08-27 20:19:43,noise
credit,299.1,,BRANCH21,Mara Vargas,ACCT6165683,2025-08-25 11:20:06,noise
credit,212.48,,BRANCH59,Mara Vargas,ACCT6165683,2025-08-23 16:32:47,noise
credit,1382.33,,BRANCH21,Mara Vargas,ACCT6165683,2025-08-23 09:28:25,noise
debit,995.1,,BRANCH21,Mara Vargas,ACCT6165683,2025-08-17 09:35:08,noise
credit,1135.18,ACCT5863257,BRANCH21,Mara Vargas,ACCT6165683,2025-08-16 01:13:26,noise
debit,231.7,,BRANCH21,Mara Vargas,ACCT6165683,2025-08-16 16:00:53,noise
credit,1368.74,ACCT9048537,BRANCH84,Mara Vargas,ACCT6165683,2025-08-15 17:45:37,noise
debit,185.77,,BRANCH21,Mara Vargas,ACCT6165683,2025-08-12 22:35:54,noise
credit,933.73,,BRANCH21,Mara Vargas,ACCT6165683,2025-08-10 15:44:23,noise
credit,68.71,ACCT8534966,BRANCH62,Mara Vargas,ACCT6165683,2025-08-10 12:09:11,noise
debit,3134.53,,BRANCH21,Mara Vargas,ACCT6165683,2025-08-09 14:39:57,noise
credit,270.43,,BRANCH21,Mara Vargas,ACCT6165683,2025-08-07 08:11:56,noise
debit,377.23,,BRANCH79,Lena Gomes,ACCT8582565,2025-10-03 20:16:27,noise
credit,3337.0,ACCT5033863,BRANCH79,Lena Gomes,ACCT8582565,2025-10-02 02:23:19,noise
debit,469.03,ACCT9048537,BRANCH79,Lena Gomes,ACCT8582565,2025-09-29 14:24:10,noise
credit,478.41,,BRANCH79,Lena Gomes,ACCT8582565,2025-09-29 11:27:14,noise
debit,606.63,,BRANCH79,Lena Gomes,ACCT8582565,2025-09-28 16:04:40,noise
credit,1328.09,,BRANCH79,Lena Gomes,ACCT8582565,2025-09-27 19:38:51,noise
debit,520.23,ACCT5446283,BRANCH79,Lena Gomes,ACCT8582565,2025-09-25 11:09:17,noise
credit,310.15,ACCT5737722,BRANCH86,Lena Gomes,ACCT8582565,2025-09-23 23:12:21,noise
credit,313.05,,BRANCH79,Lena Gomes,ACCT8582565,2025-09-22 12:19:57,noise
credit,1149.79,,BRANCH29,Lena Gomes,ACCT8582565,2025-09-21 11:31:02,noise
credit,340.56,ACCT2181027,BRANCH79,Lena Gomes,ACCT8582565,2025-09-20 19:26:23,noise
credit,2493.54,,BRANCH79,Lena Gomes,ACCT8582565,2025-09-19 08:16:50,noise
debit,258.97,,BRANCH39,Lena Gomes,ACCT8582565,2025-09-18 15:06:13,noise
debit,2467.81,,BRANCH79,Lena Gomes,ACCT8582565,2025-09-18 18:32:38,noise
debit,1287.94,ACCT8579756,BRANCH49,Lena Gomes,ACCT8582565,2025-09-11 19:18:57,noise
credit,1494.03,,BRANCH42,Lena Gomes,ACCT8582565,2025-09-06 14:37:11,noise
debit,2114.37,ACCT7931336,BRANCH13,Lena Gomes,ACCT8582565,2025-09-06 12:31:09,noise
debit,295.34,,BRANCH79,Lena Gomes,ACCT8582565,2025-09-02 12:04:45,noise
debit,273.34,,BRANCH79,Lena Gomes,ACCT8582565,2025-09-02 18:01:15,noise
debit,812.21,,BRANCH79,Lena Gomes,ACCT8582565,2025-08-26 21:43:19,noise
credit,703.64,,BRANCH79,Lena Gomes,ACCT8582565,2025-08-25 19:22:26,noise
debit,1998.36,,BRANCH79,Lena Gomes,ACCT8582565,2025-08-21 13:01:17,noise
debit,2760.02,ACCT4337609,BRANCH79,Lena Gomes,ACCT8582565,2025-08-19 16:12:51,noise
credit,313.5,,BRANCH81,Lena Gomes,ACCT8582565,2025-08-18 18:23:43,noise
credit,494.18,,BRANCH79,Lena Gomes,ACCT8582565,2025-08-18 17:45:58,noise
credit,499.92,,BRANCH67,Lena Gomes,ACCT8582565,2025-08-17 17:21:42,noise
debit,288.96,ACCT7678530,BRANCH79,Lena Gomes,ACCT8582565,2025-08-17 08:27:40,noise
credit,911.89,ACCT7909293,BRANCH79,Lena Gomes,ACCT8582565,2025-08-16 19:08:06,noise
credit,282.24,,BRANCH79,Lena Gomes,ACCT8582565,2025-08-16 08:24:55,noise
debit,275.98,,BRANCH79,Lena Gomes,ACCT8582565,2025-08-14 16:32:27,noise
debit,711.17,ACCT8388422,BRANCH89,Lena Gomes,ACCT8582565,2025-08-04 15:42:12,noise
debit,554.98,ACCT1842933,BRANCH71,Sara Carlos,ACCT5033863,2025-10-02 17:10:32,noise
debit,407.18,,BRANCH76,Sara Carlos,ACCT5033863,2025-10-02 02:05:20,noise
credit,1102.18,,BRANCH21,Sara Carlos,ACCT5033863,2025-10-01 00:14:54,noise
credit,5330.67,,BRANCH14,Sara Carlos,ACCT5033863,2025-10-01 15:40:54,noise
credit,497.62,,BRANCH21,Sara Carlos,ACCT5033863,2025-09-30 12:22:16,noise
debit,1094.4,,BRANCH21,Sara Carlos,ACCT5033863,2025-09-28 12:11:18,noise
debit,2220.43,,BRANCH21,Sara Carlos,ACCT5033863,2025-09-27 08:04:00,noise
credit,694.86,,BRANCH21,Sara Carlos,ACCT5033863,2025-09-19 08:19:05,noise
credit,2463.19,ACCT2255877,BRANCH21,Sara Carlos,ACCT5033863,2025-09-16 20:28:01,noise
debit,1616.51,ACCT4994880,BRANCH21,Sara Carlos,ACCT5033863,2025-09-16 22:44:07,noise
credit,282.06,,BRANCH21,Sara Carlos,ACCT5033863,2025-09-15 02:42:36,noise
debit,629.03,,BRANCH21,Sara Carlos,ACCT5033863,2025-09-14 15:45:04,noise
credit,558.93,,BRANCH22,Sara Carlos,ACCT5033863,2025-09-08 14:26:55,noise
credit,379.33,,BRANCH55,Sara Carlos,ACCT5033863,2025-09-08 15:18:42,noise
credit,1451.83,ACCT4482480,BRANCH21,Sara Carlos,ACCT5033863,2025-09-07 20:25:19,noise
credit,1847.42,,BRANCH21,Sara Carlos,ACCT5033863,2025-09-04 17:38:09,noise
credit,596.43,,BRANCH21,Sara Carlos,ACCT5033863,2025-09-02 10:38:43,noise
credit,1268.36,,BRANCH21,Sara Carlos,ACCT5033863,2025-08-31 17:38:22,noise
credit,305.99,,BRANCH21,Sara Carlos,ACCT5033863,2025-08-29 15:10:10,noise
debit,840.62,ACCT5288142,BRANCH21,Sara Carlos,ACCT5033863,2025-08-27 22:08:18,noise
credit,321.02,ACCT8178151,BRANCH50,Sara Carlos,ACCT5033863,2025-08-24 23:34:38,noise
credit,1243.38,,BRANCH21,Sara Carlos,ACCT5033863,2025-08-16 20:38:23,noise
debit,442.13,,BRANCH21,Sara Carlos,ACCT5033863,2025-08-13 18:20:42,noise
credit,270.64,,BRANCH18,Sara Carlos,ACCT5033863,2025-08-12 19:03:20,noise
debit,293.63,,BRANCH21,Sara Carlos,ACCT5033863,2025-08-12 20:45:25,noise
credit,683.12,ACCT4383425,BRANCH21,Sara Carlos,ACCT5033863,2025-08-11 18:24:51,noise
debit,760.19,ACCT6399547,BRANCH87,Sara Carlos,ACCT5033863,2025-08-10 11:12:01,noise
debit,669.99,,BRANCH21,Sara Carlos,ACCT5033863,2025-08-10 13:10:57,noise
credit,2276.52,,BRANCH21,Sara Carlos,ACCT5033863,2025-08-08 09:35:47,noise
debit,120.4,,BRANCH81,Kai Iqbal,ACCT9568629,2025-10-03 18:04:25,noise
credit,1436.97,,BRANCH62,Kai Iqbal,ACCT9568629,2025-10-02 14:34:59,noise
debit,447.9,,BRANCH97,Kai Iqbal,ACCT9568629,2025-10-01 13:22:36,noise
debit,590.49,,BRANCH84,Kai Iqbal,ACCT9568629,2025-09-30 20:08:07,noise
debit,70.12,ACCT7173953,BRANCH97,Kai Iqbal,ACCT9568629,2025-09-30 23:26:08,noise
credit,55.58,,BRANCH97,Kai Iqbal,ACCT9568629,2025-09-21 18:33:36,noise
debit,272.98,,BRANCH97,Kai Iqbal,ACCT9568629,2025-09-21 10:33:03,noise
credit,765.99,ACCT9428019,BRANCH62,Kai Iqbal,ACCT9568629,2025-09-19 14:42:01,noise
debit,163.14,ACCT2087902,BRANCH13,Kai Iqbal,ACCT9568629,2025-09-15 18:19:07,noise
credit,202.14,,BRANCH71,Kai Iqbal,ACCT9568629,2025-09-11 10:21:39,noise
debit,117.19,,BRANCH97,Kai Iqbal,ACCT9568629,2025-09-07 02:18:21,noise
credit,112.83,,BRANCH97,Kai Iqbal,ACCT9568629,2025-09-07 11:39:27,noise
credit,331.05,,BRANCH22,Kai Iqbal,ACCT9568629,2025-09-06 14:39:07,noise
credit,180.8,ACCT1051861,BRANCH97,Kai Iqbal,ACCT9568629,2025-09-04 11:05:05,noise
debit,157.94,,BRANCH97,Kai Iqbal,ACCT9568629,2025-08-31 23:29:21,noise
debit,3088.53,,BRANCH97,Kai Iqbal,ACCT9568629,2025-08-30 22:05:53,noise
credit,213.34,,BRANCH97,Kai Iqbal,ACCT9568629,2025-08-30 19:38:29,noise
debit,2414.75,,BRANCH97,Kai Iqbal,ACCT9568629,2025-08-28 01:12:23,noise
debit,706.88,,BRANCH97,Kai Iqbal,ACCT9568629,2025-08-26 13:21:22,noise
credit,507.16,,BRANCH97,Kai Iqbal,ACCT9568629,2025-08-26 16:12:12,noise
debit,681.3,,BRANCH57,Kai Iqbal,ACCT9568629,2025-08-25 01:14:44,noise
credit,427.57,,BRANCH97,Kai Iqbal,ACCT9568629,2025-08-23 15:10:10,noise
debit,762.73,,BRANCH97,Kai Iqbal,ACCT9568629,2025-08-22 11:21:01,noise
debit,671.69,ACCT3118963,BRANCH97,Kai Iqbal,ACCT9568629,2025-08-21 04:13:52,noise
debit,162.75,,BRANCH97,Kai Iqbal,ACCT9568629,2025-08-20 10:16:33,noise
credit,577.67,ACCT5462826,BRANCH72,Kai Iqbal,ACCT9568629,2025-08-19 08:22:35,noise
debit,374.75,,BRANCH83,Kai Iqbal,ACCT9568629,2025-08-19 20:34:09,noise
credit,421.56,,BRANCH86,Kai Iqbal,ACCT9568629,2025-08-17 08:24:59,noise
credit,302.77,,BRANCH49,Kai Iqbal,ACCT9568629,2025-08-17 11:15:00,noise
debit,937.12,,BRANCH39,Kai Iqbal,ACCT9568629,2025-08-16 11:36:33,noise
credit,159.92,,BRANCH97,Kai Iqbal,ACCT9568629,2025-08-14 12:15:32,noise
credit,380.0,,BRANCH97,Kai Iqbal,ACCT9568629,2025-08-13 14:41:23,noise
debit,1352.15,ACCT4482480,BRANCH97,Kai Iqbal,ACCT9568629,2025-08-11 23:31:53,noise
debit,603.78,,BRANCH97,Kai Iqbal,ACCT9568629,2025-08-11 17:26:17,noise
debit,1078.65,,BRANCH97,Kai Iqbal,ACCT9568629,2025-08-09 10:10:54,noise
credit,301.68,,BRANCH97,Kai Iqbal,ACCT9568629,2025-08-07 14:28:11,noise
credit,1173.25,ACCT5328426,BRANCH97,Kai Iqbal,ACCT9568629,2025-08-06 01:45:02,noise
credit,415.77,ACCT6661796,BRANCH97,Kai Iqbal,ACCT9568629,2025-08-06 14:37:07,noise
debit,829.58,,BRANCH79,Wes Okafor,ACCT2255877,2025-10-03 10:28:39,noise
credit,992.05,,BRANCH79,Wes Okafor,ACCT2255877,2025-10-02 19:02:42,noise
debit,4887.03,,BRANCH79,Wes Okafor,ACCT2255877,2025-09-30 11:10:17,noise
debit,412.35,,BRANCH79,Wes Okafor,ACCT2255877,2025-09-30 17:43:12,noise
credit,1513.02,,BRANCH79,Wes Okafor,ACCT2255877,2025-09-26 08:12:31,noise
credit,553.24,,BRANCH79,Wes Okafor,ACCT2255877,2025-09-25 08:28:24,noise
debit,2935.22,,BRANCH79,Wes Okafor,ACCT2255877,2025-09-25 16:04:05,noise
credit,274.88,ACCT9117842,BRANCH79,Wes Okafor,ACCT2255877,2025-09-22 20:07:35,noise
credit,1163.31,,BRANCH79,Wes Okafor,ACCT2255877,2025-09-22 10:45:10,noise
debit,1040.41,,BRANCH65,Wes Okafor,ACCT2255877,2025-09-20 13:18:52,noise
debit,2842.68,,BRANCH79,Wes Okafor,ACCT2255877,2025-09-20 20:29:44,noise
debit,172.93,,BRANCH79,Wes Okafor,ACCT2255877,2025-09-19 10:36:00,noise
credit,3013.59,ACCT3959309,BRANCH79,Wes Okafor,ACCT2255877,2025-09-17 13:38:36,noise
debit,679.12,,BRANCH79,Wes Okafor,ACCT2255877,2025-09-16 01:36:14,noise
credit,3192.4,ACCT1842933,BRANCH79,Wes Okafor,ACCT2255877,2025-09-16 08:17:08,noise
credit,1837.09,,BRANCH95,Wes Okafor,ACCT2255877,2025-09-07 14:27:43,noise
credit,882.15,,BRANCH79,Wes Okafor,ACCT2255877,2025-09-07 09:06:48,noise
credit,200.16,ACCT1677557,BRANCH26,Wes Okafor,ACCT2255877,2025-09-06 16:15:44,noise
debit,184.16,,BRANCH79,Wes Okafor,ACCT2255877,2025-08-29 15:01:31,noise
credit,885.58,,BRANCH79,Wes Okafor,ACCT2255877,2025-08-29 21:08:05,noise
credit,225.38,ACCT1842933,BRANCH79,Wes Okafor,ACCT2255877,2025-08-28 10:41:26,noise
debit,990.67,,BRANCH79,Wes Okafor,ACCT2255877,2025-08-28 11:41:49,noise
credit,578.45,,BRANCH79,Wes Okafor,ACCT2255877,2025-08-26 16:25:51,noise
debit,883.67,,BRANCH79,Wes Okafor,ACCT2255877,2025-08-25 08:30:39,noise
debit,971.17,,BRANCH79,Wes Okafor,ACCT2255877,2025-08-24 11:34:43,noise
credit,440.29,,BRANCH79,Wes Okafor,ACCT2255877,2025-08-24 08:32:08,noise
credit,1031.94,,BRANCH79,Wes Okafor,ACCT2255877,2025-08-21 08:22:32,noise
credit,246.74,,BRANCH98,Wes Okafor,ACCT2255877,2025-08-20 21:04:01,noise
credit,467.15,ACCT4288544,BRANCH79,Wes Okafor,ACCT2255877,2025-08-18 16:36:52,noise
credit,1651.25,ACCT6868803,BRANCH79,Wes Okafor,ACCT2255877,2025-08-18 14:08:13,noise
credit,303.73,,BRANCH39,Wes Okafor,ACCT2255877,2025-08-17 16:16:02,noise
debit,368.7,,BRANCH79,Wes Okafor,ACCT2255877,2025-08-06 14:14:27,noise
credit,708.95,,BRANCH79,Wes Okafor,ACCT2255877,2025-08-06 11:26:52,noise
debit,1090.38,,BRANCH79,Wes Okafor,ACCT2255877,2025-08-05 11:15:03,noise
debit,540.68,ACCT4383425,BRANCH79,Wes Okafor,ACCT2255877,2025-08-05 15:45:57,noise
debit,716.33,,BRANCH79,Wes Okafor,ACCT2255877,2025-08-04 15:05:19,noise
credit,1072.19,,BRANCH43,Elena ElSayed,ACCT3292131,2025-10-01 09:08:22,noise
debit,1263.55,ACCT7687712,BRANCH16,Elena ElSayed,ACCT3292131,2025-09-25 13:19:27,noise
credit,1510.13,,BRANCH96,Elena ElSayed,ACCT3292131,2025-09-23 16:22:27,noise
debit,188.2,ACCT6661796,BRANCH96,Elena ElSayed,ACCT3292131,2025-09-23 10:08:05,noise
debit,334.55,,BRANCH96,Elena ElSayed,ACCT3292131,2025-09-19 03:40:17,noise
debit,180.76,ACCT6431139,BRANCH96,Elena ElSayed,ACCT3292131,2025-09-19 19:42:23,noise
debit,114.35,,BRANCH96,Elena ElSayed,ACCT3292131,2025-09-13 12:45:58,noise
debit,813.62,,BRANCH96,Elena ElSayed,ACCT3292131,2025-09-09 12:19:11,noise
debit,1232.42,ACCT6936784,BRANCH96,Elena ElSayed,ACCT3292131,2025-09-07 20:37:57,noise
debit,1141.31,ACCT4863733,BRANCH96,Elena ElSayed,ACCT3292131,2025-09-03 13:20:57,noise
credit,151.4,,BRANCH96,Elena ElSayed,ACCT3292131,2025-09-02 17:41:56,noise
debit,3858.23,,BRANCH96,Elena ElSayed,ACCT3292131,2025-08-31 16:28:35,noise
credit,587.67,,BRANCH96,Elena ElSayed,ACCT3292131,2025-08-31 09:14:09,noise
credit,261.04,,BRANCH96,Elena ElSayed,ACCT3292131,2025-08-30 19:17:18,noise
debit,341.43,,BRANCH64,Elena ElSayed,ACCT3292131,2025-08-28 03:16:37,noise
credit,1557.3,,BRANCH96,Elena ElSayed,ACCT3292131,2025-08-27 19:27:31,noise
debit,1263.26,,BRANCH36,Elena ElSayed,ACCT3292131,2025-08-27 12:34:06,noise
credit,70.32,,BRANCH96,Elena ElSayed,ACCT3292131,2025-08-16 13:39:48,noise
credit,296.97,,BRANCH96,Elena ElSayed,ACCT3292131,2025-08-15 23:08:20,noise
debit,1014.83,,BRANCH25,Elena ElSayed,ACCT3292131,2025-08-12 11:35:07,noise
credit,665.23,,BRANCH96,Elena ElSayed,ACCT3292131,2025-08-07 19:25:36,noise
debit,99.68,,BRANCH96,Elena ElSayed,ACCT3292131,2025-08-06 20:22:55,noise
credit,865.8,,BRANCH96,Elena ElSayed,ACCT3292131,2025-08-06 04:35:59,noise
credit,1072.19,,BRANCH43,Elena ElSayed,ACCT3292131,2025-10-01 09:08:22,noise
debit,1263.55,ACCT7687712,BRANCH16,Elena ElSayed,ACCT3292131,2025-09-25 13:19:27,noise
credit,1510.13,,BRANCH96,Elena ElSayed,ACCT3292131,2025-09-23 16:22:27,noise
debit,188.2,ACCT6661796,BRANCH96,Elena ElSayed,ACCT3292131,2025-09-23 10:08:05,noise
debit,334.55,,BRANCH96,Elena ElSayed,ACCT3292131,2025-09-19 03:40:17,noise
debit,180.76,ACCT6431139,BRANCH96,Elena ElSayed,ACCT3292131,2025-09-19 19:42:23,noise
debit,114.35,,BRANCH96,Elena ElSayed,ACCT3292131,2025-09-13 12:45:58,noise
debit,813.62,,BRANCH96,Elena ElSayed,ACCT3292131,2025-09-09 12:19:11,noise
debit,1232.42,ACCT6936784,BRANCH96,Elena ElSayed,ACCT3292131,2025-09-07 20:37:57,noise
debit,1141.31,ACCT4863733,BRANCH96,Elena ElSayed,ACCT3292131,2025-09-03 13:20:57,noise
credit,151.4,,BRANCH96,Elena ElSayed,ACCT3292131,2025-09-02 17:41:56,noise
debit,3858.23,,BRANCH96,Elena ElSayed,ACCT3292131,2025-08-31 16:28:35,noise
credit,587.67,,BRANCH96,Elena ElSayed,ACCT3292131,2025-08-31 09:14:09,noise
credit,261.04,,BRANCH96,Elena ElSayed,ACCT3292131,2025-08-30 19:17:18,noise
debit,341.43,,BRANCH64,Elena ElSayed,ACCT3292131,2025-08-28 03:16:37,noise
credit,1557.3,,BRANCH96,Elena ElSayed,ACCT3292131,2025-08-27 19:27:31,noise
debit,1263.26,,BRANCH36,Elena ElSayed,ACCT3292131,2025-08-27 12:34:06,noise
credit,70.32,,BRANCH96,Elena ElSayed,ACCT3292131,2025-08-16 13:39:48,noise
credit,296.97,,BRANCH96,Elena ElSayed,ACCT3292131,2025-08-15 23:08:20,noise
debit,1014.83,,BRANCH25,Elena ElSayed,ACCT3292131,2025-08-12 11:35:07,noise
credit,665.23,,BRANCH96,Elena ElSayed,ACCT3292131,2025-08-07 19:25:36,noise
debit,99.68,,BRANCH96,Elena ElSayed,ACCT3292131,2025-08-06 20:22:55,noise
credit,865.8,,BRANCH96,Elena ElSayed,ACCT3292131,2025-08-06 04:35:59,noise
debit,618812.36,ACCT2625903,BRANCH96,Elena ElSayed,ACCT3292131,2025-12-03 03:28:27,noise
credit,340.46,,BRANCH99,Yara Vargas,ACCT5383303,2025-10-01 21:19:27,noise
credit,238.63,,BRANCH99,Yara Vargas,ACCT5383303,2025-09-27 19:08:52,noise
credit,766.63,,BRANCH99,Yara Vargas,ACCT5383303,2025-09-26 08:28:24,noise
debit,375.46,,BRANCH45,Yara Vargas,ACCT5383303,2025-09-22 12:05:37,noise
credit,755.35,ACCT7871979,BRANCH99,Yara Vargas,ACCT5383303,2025-09-21 08:05:22,noise
credit,348.24,ACCT2181027,BRANCH91,Yara Vargas,ACCT5383303,2025-09-19 17:31:33,noise
credit,878.57,,BRANCH99,Yara Vargas,ACCT5383303,2025-09-19 18:01:08,noise
debit,835.02,ACCT7356334,BRANCH99,Yara Vargas,ACCT5383303,2025-09-18 15:13:14,noise
credit,639.58,,BRANCH42,Yara Vargas,ACCT5383303,2025-09-18 10:28:56,noise
debit,1943.0,,BRANCH25,Yara Vargas,ACCT5383303,2025-09-17 20:37:56,noise
credit,431.96,,BRANCH99,Yara Vargas,ACCT5383303,2025-09-13 19:21:24,noise
credit,870.66,,BRANCH99,Yara Vargas,ACCT5383303,2025-09-13 12:38:34,noise
debit,4203.79,,BRANCH99,Yara Vargas,ACCT5383303,2025-09-08 21:39:13,noise
credit,1174.91,ACCT8626467,BRANCH99,Yara Vargas,ACCT5383303,2025-09-07 08:16:04,noise
debit,2857.25,,BRANCH99,Yara Vargas,ACCT5383303,2025-09-07 14:05:14,noise
debit,177.24,,BRANCH48,Yara Vargas,ACCT5383303,2025-09-05 12:19:18,noise
debit,2849.84,ACCT8388422,BRANCH99,Yara Vargas,ACCT5383303,2025-09-03 09:04:39,noise
debit,5049.53,,BRANCH99,Yara Vargas,ACCT5383303,2025-08-31 11:36:28,noise
debit,1219.58,,BRANCH99,Yara Vargas,ACCT5383303,2025-08-30 11:43:00,noise
debit,282.13,,BRANCH98,Yara Vargas,ACCT5383303,2025-08-29 08:20:48,noise
debit,385.35,ACCT8318584,BRANCH55,Yara Vargas,ACCT5383303,2025-08-27 16:09:10,noise
debit,1117.84,,BRANCH99,Yara Vargas,ACCT5383303,2025-08-27 09:11:49,noise
credit,1318.73,,BRANCH99,Yara Vargas,ACCT5383303,2025-08-26 10:29:24,noise
credit,303.35,,BRANCH99,Yara Vargas,ACCT5383303,2025-08-26 10:01:18,noise
credit,1888.28,,BRANCH99,Yara Vargas,ACCT5383303,2025-08-25 20:04:19,noise
credit,1416.24,,BRANCH76,Yara Vargas,ACCT5383303,2025-08-24 08:39:31,noise
debit,444.52,ACCT7512507,BRANCH99,Yara Vargas,ACCT5383303,2025-08-24 18:32:18,noise
credit,641.49,ACCT1677557,BRANCH90,Yara Vargas,ACCT5383303,2025-08-15 20:18:54,noise
credit,2312.07,,BRANCH99,Yara Vargas,ACCT5383303,2025-08-14 20:32:11,noise
credit,755.93,,BRANCH99,Yara Vargas,ACCT5383303,2025-08-12 15:16:23,noise
credit,429.92,,BRANCH99,Yara Vargas,ACCT5383303,2025-08-10 13:22:43,noise
credit,1112.29,,BRANCH99,Yara Vargas,ACCT5383303,2025-08-09 15:10:27,noise
debit,290.83,ACCT4288544,BRANCH52,Yara Vargas,ACCT5383303,2025-08-04 05:11:03,noise
credit,394.22,,BRANCH24,Mara Carlos,ACCT4859594,2025-09-28 02:38:44,noise
credit,407.32,,BRANCH90,Mara Carlos,ACCT4859594,2025-09-25 10:03:31,noise
credit,1827.81,ACCT3514361,BRANCH30,Mara Carlos,ACCT4859594,2025-09-22 19:38:24,noise
credit,560.81,,BRANCH33,Mara Carlos,ACCT4859594,2025-09-22 18:35:17,noise
debit,456.88,,BRANCH30,Mara Carlos,ACCT4859594,2025-09-11 04:29:34,noise
credit,853.87,,BRANCH74,Mara Carlos,ACCT4859594,2025-09-06 08:42:17,noise
credit,4302.66,ACCT6603714,BRANCH30,Mara Carlos,ACCT4859594,2025-09-06 15:39:12,noise
debit,3000.0,ACCT7343587,BRANCH30,Mara Carlos,ACCT4859594,2025-09-05 09:41:54,noise
credit,892.21,ACCT3502009,BRANCH30,Mara Carlos,ACCT4859594,2025-09-03 12:37:40,noise
credit,1336.85,,BRANCH30,Mara Carlos,ACCT4859594,2025-09-03 08:22:48,noise
debit,771.38,,BRANCH30,Mara Carlos,ACCT4859594,2025-09-01 01:03:02,noise
debit,689.09,ACCT6283785,BRANCH61,Mara Carlos,ACCT4859594,2025-09-01 14:43:32,noise
credit,398.88,,BRANCH92,Mara Carlos,ACCT4859594,2025-08-31 22:03:35,noise
credit,135.64,,BRANCH99,Mara Carlos,ACCT4859594,2025-08-31 14:10:50,noise
debit,288.86,,BRANCH35,Mara Carlos,ACCT4859594,2025-08-30 19:32:40,noise
debit,457.97,,BRANCH30,Mara Carlos,ACCT4859594,2025-08-30 16:40:12,noise
credit,3615.51,ACCT2583045,BRANCH30,Mara Carlos,ACCT4859594,2025-08-28 20:15:52,noise
debit,278.72,,BRANCH30,Mara Carlos,ACCT4859594,2025-08-28 12:33:48,noise
debit,3449.92,,BRANCH64,Mara Carlos,ACCT4859594,2025-08-16 17:21:14,noise
credit,133.49,,BRANCH30,Mara Carlos,ACCT4859594,2025-08-15 12:22:41,noise
credit,1171.4,,BRANCH30,Mara Carlos,ACCT4859594,2025-08-10 11:35:27,noise
debit,1046.22,,BRANCH30,Mara Carlos,ACCT4859594,2025-08-10 18:23:03,noise
credit,977.52,,BRANCH30,Mara Carlos,ACCT4859594,2025-08-08 22:10:20,noise
credit,424.19,,BRANCH34,Mara Carlos,ACCT4859594,2025-08-08 20:39:26,noise
debit,1212.71,ACCT6165683,BRANCH24,Mara Carlos,ACCT4859594,2025-08-07 19:38:07,noise
credit,167.34,,BRANCH30,Mara Carlos,ACCT4859594,2025-08-04 17:28:13,noise
credit,254.57,,BRANCH30,Mara Carlos,ACCT4859594,2025-08-04 16:20:27,noise
debit,40257.69,ACCT4784164,BRANCH30,Mara Carlos,ACCT4859594,2025-12-12 06:38:27,noise
debit,33208.18,ACCT4784164,BRANCH30,Mara Carlos,ACCT4859594,2025-12-21 21:36:50,noise
debit,15349.16,ACCT4784164,BRANCH30,Mara Carlos,ACCT4859594,2025-11-22 02:33:31,noise
debit,13862.26,ACCT4784164,BRANCH30,Mara Carlos,ACCT4859594,2025-12-29 20:16:01,noise
debit,19093.78,ACCT4784164,BRANCH30,Mara Carlos,ACCT4859594,2025-12-18 05:28:57,noise
debit,23849.96,ACCT4784164,BRANCH30,Mara Carlos,ACCT4859594,2025-12-30 05:31:52,noise
credit,12358.88,ACCT8097980,BRANCH85,Fahad Silva,ACCT7039617,2025-12-13 18:24:58,noise
credit,8965.5,ACCT3502009,BRANCH85,Fahad Silva,ACCT7039617,2025-12-03 01:13:14,noise
credit,12526.65,ACCT9117842,BRANCH85,Fahad Silva,ACCT7039617,2025-12-02 18:30:34,noise
credit,12505.81,ACCT1648181,BRANCH85,Fahad Silva,ACCT7039617,2025-11-21 01:26:19,noise
credit,574.65,,BRANCH25,Leo Unger,ACCT4383425,2025-09-28 08:05:50,noise
debit,319.63,,BRANCH11,Leo Unger,ACCT4383425,2025-09-28 15:05:44,noise
credit,302.2,,BRANCH25,Leo Unger,ACCT4383425,2025-09-26 22:24:32,noise
credit,198.63,ACCT9855597,BRANCH25,Leo Unger,ACCT4383425,2025-09-25 16:25:27,noise
debit,652.3,,BRANCH25,Leo Unger,ACCT4383425,2025-09-21 17:40:12,noise
debit,254.25,,BRANCH17,Leo Unger,ACCT4383425,2025-09-21 18:10:42,noise
debit,308.75,,BRANCH55,Leo Unger,ACCT4383425,2025-09-20 11:42:20,noise
credit,320.85,,BRANCH25,Leo Unger,ACCT4383425,2025-09-19 17:39:15,noise
debit,2378.94,,BRANCH51,Leo Unger,ACCT4383425,2025-09-17 08:45:07,noise
debit,989.67,,BRANCH25,Leo Unger,ACCT4383425,2025-09-17 11:17:08,noise
debit,891.32,,BRANCH25,Leo Unger,ACCT4383425,2025-09-15 10:36:28,noise
credit,1107.97,,BRANCH25,Leo Unger,ACCT4383425,2025-09-15 19:36:34,noise
credit,1631.29,,BRANCH26,Leo Unger,ACCT4383425,2025-09-11 12:38:13,noise
debit,210.3,ACCT6023218,BRANCH25,Leo Unger,ACCT4383425,2025-09-11 19:44:46,noise
debit,188.76,,BRANCH25,Leo Unger,ACCT4383425,2025-09-09 08:06:03,noise
credit,2056.64,,BRANCH25,Leo Unger,ACCT4383425,2025-09-07 10:16:14,noise
credit,401.58,,BRANCH25,Leo Unger,ACCT4383425,2025-09-06 15:25:42,noise
debit,3000.0,ACCT8582565,BRANCH25,Leo Unger,ACCT4383425,2025-09-05 17:20:10,noise
debit,111.75,,BRANCH25,Leo Unger,ACCT4383425,2025-09-05 11:28:56,noise
credit,1154.77,ACCT2087902,BRANCH25,Leo Unger,ACCT4383425,2025-09-04 15:44:30,noise
credit,616.48,,BRANCH25,Leo Unger,ACCT4383425,2025-09-04 08:45:08,noise
debit,1526.77,,BRANCH39,Leo Unger,ACCT4383425,2025-08-31 09:09:02,noise
credit,344.8,,BRANCH25,Leo Unger,ACCT4383425,2025-08-31 22:29:26,noise
debit,1918.7,ACCT9568629,BRANCH91,Leo Unger,ACCT4383425,2025-08-29 19:01:47,noise
debit,346.02,,BRANCH25,Leo Unger,ACCT4383425,2025-08-28 13:28:14,noise
debit,2380.6,ACCT7687712,BRANCH64,Leo Unger,ACCT4383425,2025-08-27 19:19:51,noise
debit,222.34,,BRANCH25,Leo Unger,ACCT4383425,2025-08-25 22:21:46,noise
debit,783.11,ACCT2609165,BRANCH76,Leo Unger,ACCT4383425,2025-08-24 20:03:03,noise
credit,1203.9,,BRANCH25,Leo Unger,ACCT4383425,2025-08-22 09:22:13,noise
credit,810.83,,BRANCH34,Leo Unger,ACCT4383425,2025-08-21 01:20:17,noise
debit,373.31,,BRANCH10,Leo Unger,ACCT4383425,2025-08-20 15:18:34,noise
debit,165.5,,BRANCH69,Leo Unger,ACCT4383425,2025-08-18 14:09:41,noise
credit,187.13,,BRANCH25,Leo Unger,ACCT4383425,2025-08-18 21:43:36,noise
debit,112.03,,BRANCH25,Leo Unger,ACCT4383425,2025-08-17 18:12:00,noise
debit,883.0,,BRANCH25,Leo Unger,ACCT4383425,2025-08-13 18:39:21,noise
credit,267.17,,BRANCH25,Leo Unger,ACCT4383425,2025-08-13 18:02:14,noise
debit,927.34,ACCT5574734,BRANCH54,Leo Unger,ACCT4383425,2025-08-12 01:11:39,noise
credit,419.01,,BRANCH70,Leo Unger,ACCT4383425,2025-08-11 10:43:57,noise
credit,5978.13,,BRANCH25,Leo Unger,ACCT4383425,2025-08-10 12:24:13,noise
debit,1589.02,,BRANCH25,Leo Unger,ACCT4383425,2025-08-10 23:30:44,noise
debit,2539.35,,BRANCH43,Leo Unger,ACCT4383425,2025-08-06 13:00:19,noise
debit,25.77,,BRANCH68,Leo Unger,ACCT4383425,2025-08-04 15:06:02,noise
credit,574.65,,BRANCH25,Leo Unger,ACCT4383425,2025-09-28 08:05:50,noise
debit,319.63,,BRANCH11,Leo Unger,ACCT4383425,2025-09-28 15:05:44,noise
credit,302.2,,BRANCH25,Leo Unger,ACCT4383425,2025-09-26 22:24:32,noise
credit,198.63,ACCT9855597,BRANCH25,Leo Unger,ACCT4383425,2025-09-25 16:25:27,noise
debit,652.3,,BRANCH25,Leo Unger,ACCT4383425,2025-09-21 17:40:12,noise
debit,254.25,,BRANCH17,Leo Unger,ACCT4383425,2025-09-21 18:10:42,noise
debit,308.75,,BRANCH55,Leo Unger,ACCT4383425,2025-09-20 11:42:20,noise
credit,320.85,,BRANCH25,Leo Unger,ACCT4383425,2025-09-19 17:39:15,noise
debit,2378.94,,BRANCH51,Leo Unger,ACCT4383425,2025-09-17 08:45:07,noise
debit,989.67,,BRANCH25,Leo Unger,ACCT4383425,2025-09-17 11:17:08,noise
debit,891.32,,BRANCH25,Leo Unger,ACCT4383425,2025-09-15 10:36:28,noise
credit,1107.97,,BRANCH25,Leo Unger,ACCT4383425,2025-09-15 19:36:34,noise
credit,1631.29,,BRANCH26,Leo Unger,ACCT4383425,2025-09-11 12:38:13,noise
debit,210.3,ACCT6023218,BRANCH25,Leo Unger,ACCT4383425,2025-09-11 19:44:46,noise
debit,188.76,,BRANCH25,Leo Unger,ACCT4383425,2025-09-09 08:06:03,noise
credit,2056.64,,BRANCH25,Leo Unger,ACCT4383425,2025-09-07 10:16:14,noise
credit,401.58,,BRANCH25,Leo Unger,ACCT4383425,2025-09-06 15:25:42,noise
debit,3000.0,ACCT8582565,BRANCH25,Leo Unger,ACCT4383425,2025-09-05 17:20:10,noise
debit,111.75,,BRANCH25,Leo Unger,ACCT4383425,2025-09-05 11:28:56,noise
credit,1154.77,ACCT2087902,BRANCH25,Leo Unger,ACCT4383425,2025-09-04 15:44:30,noise
credit,616.48,,BRANCH25,Leo Unger,ACCT4383425,2025-09-04 08:45:08,noise
debit,1526.77,,BRANCH39,Leo Unger,ACCT4383425,2025-08-31 09:09:02,noise
credit,344.8,,BRANCH25,Leo Unger,ACCT4383425,2025-08-31 22:29:26,noise
debit,1918.7,ACCT9568629,BRANCH91,Leo Unger,ACCT4383425,2025-08-29 19:01:47,noise
debit,346.02,,BRANCH25,Leo Unger,ACCT4383425,2025-08-28 13:28:14,noise
debit,2380.6,ACCT7687712,BRANCH64,Leo Unger,ACCT4383425,2025-08-27 19:19:51,noise
debit,222.34,,BRANCH25,Leo Unger,ACCT4383425,2025-08-25 22:21:46,noise
debit,783.11,ACCT2609165,BRANCH76,Leo Unger,ACCT4383425,2025-08-24 20:03:03,noise
credit,1203.9,,BRANCH25,Leo Unger,ACCT4383425,2025-08-22 09:22:13,noise
credit,810.83,,BRANCH34,Leo Unger,ACCT4383425,2025-08-21 01:20:17,noise
debit,373.31,,BRANCH10,Leo Unger,ACCT4383425,2025-08-20 15:18:34,noise
debit,165.5,,BRANCH69,Leo Unger,ACCT4383425,2025-08-18 14:09:41,noise
credit,187.13,,BRANCH25,Leo Unger,ACCT4383425,2025-08-18 21:43:36,noise
debit,112.03,,BRANCH25,Leo Unger,ACCT4383425,2025-08-17 18:12:00,noise
debit,883.0,,BRANCH25,Leo Unger,ACCT4383425,2025-08-13 18:39:21,noise
credit,267.17,,BRANCH25,Leo Unger,ACCT4383425,2025-08-13 18:02:14,noise
debit,927.34,ACCT5574734,BRANCH54,Leo Unger,ACCT4383425,2025-08-12 01:11:39,noise
credit,419.01,,BRANCH70,Leo Unger,ACCT4383425,2025-08-11 10:43:57,noise
credit,5978.13,,BRANCH25,Leo Unger,ACCT4383425,2025-08-10 12:24:13,noise
debit,1589.02,,BRANCH25,Leo Unger,ACCT4383425,2025-08-10 23:30:44,noise
debit,2539.35,,BRANCH43,Leo Unger,ACCT4383425,2025-08-06 13:00:19,noise
debit,25.77,,BRANCH68,Leo Unger,ACCT4383425,2025-08-04 15:06:02,noise
debit,367524.25,ACCT4337609,BRANCH25,Leo Unger,ACCT4383425,2025-12-03 00:12:22,noise
credit,724.04,,BRANCH92,Priya Yamamoto,ACCT3502009,2025-10-03 14:23:58,noise
debit,1661.5,,BRANCH92,Priya Yamamoto,ACCT3502009,2025-09-29 12:45:23,noise
debit,403.19,,BRANCH92,Priya Yamamoto,ACCT3502009,2025-09-28 08:06:18,noise
debit,1538.83,ACCT7421301,BRANCH92,Priya Yamamoto,ACCT3502009,2025-09-28 12:11:21,noise
credit,1086.47,ACCT7169131,BRANCH92,Priya Yamamoto,ACCT3502009,2025-09-27 17:29:07,noise
credit,294.05,,BRANCH71,Priya Yamamoto,ACCT3502009,2025-09-26 23:33:22,noise
debit,1743.72,,BRANCH92,Priya Yamamoto,ACCT3502009,2025-09-26 13:19:37,noise
credit,381.68,ACCT3292131,BRANCH74,Priya Yamamoto,ACCT3502009,2025-09-25 14:43:04,noise
credit,383.92,,BRANCH92,Priya Yamamoto,ACCT3502009,2025-09-25 08:42:00,noise
debit,726.36,,BRANCH22,Priya Yamamoto,ACCT3502009,2025-09-24 19:17:50,noise
credit,559.96,,BRANCH92,Priya Yamamoto,ACCT3502009,2025-09-24 00:12:01,noise
credit,589.72,,BRANCH31,Priya Yamamoto,ACCT3502009,2025-09-22 15:27:01,noise
credit,2089.18,,BRANCH92,Priya Yamamoto,ACCT3502009,2025-09-19 09:06:40,noise
debit,635.76,,BRANCH50,Priya Yamamoto,ACCT3502009,2025-09-19 08:38:37,noise
debit,716.89,,BRANCH92,Priya Yamamoto,ACCT3502009,2025-09-15 15:24:57,noise
debit,905.39,,BRANCH51,Priya Yamamoto,ACCT3502009,2025-09-14 02:31:00,noise
credit,364.88,ACCT7678530,BRANCH15,Priya Yamamoto,ACCT3502009,2025-09-14 15:06:40,noise
debit,1585.3,ACCT1936847,BRANCH92,Priya Yamamoto,ACCT3502009,2025-09-10 08:08:08,noise
debit,907.84,,BRANCH92,Priya Yamamoto,ACCT3502009,2025-09-09 11:30:02,noise
debit,314.34,ACCT5737722,BRANCH92,Priya Yamamoto,ACCT3502009,2025-09-07 18:35:44,noise
credit,6063.42,ACCT4288544,BRANCH92,Priya Yamamoto,ACCT3502009,2025-09-06 16:12:27,noise
credit,241.02,,BRANCH72,Priya Yamamoto,ACCT3502009,2025-09-06 13:15:41,noise
credit,1108.63,,BRANCH61,Priya Yamamoto,ACCT3502009,2025-09-04 22:01:25,noise
debit,423.3,,BRANCH92,Priya Yamamoto,ACCT3502009,2025-09-04 17:13:40,noise
credit,2060.09,,BRANCH92,Priya Yamamoto,ACCT3502009,2025-08-27 12:03:54,noise
debit,660.21,ACCT5288142,BRANCH92,Priya Yamamoto,ACCT3502009,2025-08-27 17:10:25,noise
credit,115.44,,BRANCH65,Priya Yamamoto,ACCT3502009,2025-08-24 15:35:12,noise
debit,2064.83,ACCT8445003,BRANCH92,Priya Yamamoto,ACCT3502009,2025-08-19 14:23:33,noise
credit,260.63,,BRANCH92,Priya Yamamoto,ACCT3502009,2025-08-19 21:41:33,noise
debit,711.28,,BRANCH92,Priya Yamamoto,ACCT3502009,2025-08-18 23:05:27,noise
debit,378.36,ACCT1936847,BRANCH92,Priya Yamamoto,ACCT3502009,2025-08-16 13:01:35,noise
credit,1604.81,,BRANCH92,Priya Yamamoto,ACCT3502009,2025-08-16 21:22:21,noise
credit,3232.66,ACCT6283785,BRANCH92,Priya Yamamoto,ACCT3502009,2025-08-13 08:28:52,noise
debit,951.66,,BRANCH92,Priya Yamamoto,ACCT3502009,2025-08-12 19:36:46,noise
debit,774.92,,BRANCH92,Priya Yamamoto,ACCT3502009,2025-08-11 03:38:52,noise
credit,1129.35,,BRANCH92,Priya Yamamoto,ACCT3502009,2025-08-11 19:04:42,noise
credit,253.63,,BRANCH92,Priya Yamamoto,ACCT3502009,2025-08-10 19:40:30,noise
credit,340.0,,BRANCH92,Priya Yamamoto,ACCT3502009,2025-08-07 17:38:03,noise
credit,397.13,,BRANCH92,Priya Yamamoto,ACCT3502009,2025-08-04 18:26:10,noise
debit,97064.04,ACCT2087902,BRANCH92,Priya Yamamoto,ACCT3502009,2025-12-22 02:03:57,noise
debit,45741.59,ACCT7687712,BRANCH87,Noah Kim,ACCT2087902,2025-12-30 03:30:27,noise
debit,30706.0,ACCT5328426,BRANCH21,Ivy Duarte,ACCT7687712,2025-12-31 08:21:38,noise
