txn_date,amount,beneficiary,account_no,branch_code
2025-01-01 10:00:00,5000.0,P0,ACCT0,BR0
2025-02-02 11:07:00,5013.0,P1,ACCT1,BR1
2025-03-03 12:14:00,5026.0,P2,ACCT2,BR2
2025-04-04 13:21:00,5039.0,P3,ACCT3,BR3
2025-05-05 14:28:00,5052.0,P4,ACCT4,BR0
2025-06-06 15:35:00,5065.0,P5,ACCT0,BR1
2025-01-07 16:42:00,5078.0,P6,ACCT1,BR2
2025-02-08 17:49:00,5091.0,P0,ACCT2,BR3
2025-03-09 18:56:00,5104.0,P1,ACCT3,BR0
2025-04-10 10:03:00,5117.0,P2,ACCT4,BR1
2025-05-11 11:10:00,5130.0,P3,ACCT0,BR2
2025-06-12 12:17:00,5143.0,P4,ACCT1,BR3
2025-01-13 13:24:00,5156.0,P5,ACCT2,BR0
2025-02-14 14:31:00,5169.0,P6,ACCT3,BR1
2025-03-15 15:38:00,5182.0,P0,ACCT4,BR2
2025-04-16 16:45:00,5195.0,P1,ACCT0,BR3
2025-05-17 17:52:00,5208.0,P2,ACCT1,BR0
2025-06-18 18:59:00,5221.0,P3,ACCT2,BR1
2025-01-19 10:06:00,5234.0,P4,ACCT3,BR2
2025-02-20 11:13:00,5247.0,P5,ACCT4,BR3
2025-03-21 12:20:00,5260.0,P6,ACCT0,BR0
2025-04-22 13:27:00,5273.0,P0,ACCT1,BR1
2025-05-23 14:34:00,5286.0,P1,ACCT2,BR2
2025-06-24 15:41:00,5299.0,P2,ACCT3,BR3
2025-01-25 16:48:00,5312.0,P3,ACCT4,BR0
2025-02-26 17:55:00,5325.0,P4,ACCT0,BR1
2025-03-27 18:02:00,5338.0,P5,ACCT1,BR2
2025-04-01 10:09:00,5351.0,P6,ACCT2,BR3
2025-05-02 11:16:00,5364.0,P0,ACCT3,BR0
2025-06-03 12:23:00,5377.0,P1,ACCT4,BR1
2025-01-04 13:30:00,5390.0,P2,ACCT0,BR2
2025-02-05 14:37:00,5403.0,P3,ACCT1,BR3
2025-03-06 15:44:00,5416.0,P4,ACCT2,BR0
2025-04-07 16:51:00,5429.0,P5,ACCT3,BR1
2025-05-08 17:58:00,5442.0,P6,ACCT4,BR2
2025-06-09 18:05:00,5455.0,P0,ACCT0,BR3
2025-01-10 10:12:00,5468.0,P1,ACCT1,BR0
2025-02-11 11:19:00,5481.0,P2,ACCT2,BR1
2025-03-12 12:26:00,5494.0,P3,ACCT3,BR2
2025-04-13 13:33:00,5507.0,P4,ACCT4,BR3
2025-05-14 14:40:00,5520.0,P5,ACCT0,BR0
2025-06-15 15:47:00,5533.0,P6,ACCT1,BR1
2025-01-16 16:54:00,5546.0,P0,ACCT2,BR2
2025-02-17 17:01:00,5559.0,P1,ACCT3,BR3
2025-03-18 18:08:00,5572.0,P2,ACCT4,BR0
2025-04-19 10:15:00,5585.0,P3,ACCT0,BR1
2025-05-20 11:22:00,5598.0,P4,ACCT1,BR2
2025-06-21 12:29:00,5611.0,P5,ACCT2,BR3
2025-01-22 13:36:00,5624.0,P6,ACCT3,BR0
2025-02-23 14:43:00,5637.0,P0,ACCT4,BR1
2025-03-24 15:50:00,5650.0,P1,ACCT0,BR2
2025-04-25 16:57:00,5663.0,P2,ACCT1,BR3
2025-05-26 17:04:00,5676.0,P3,ACCT2,BR0
2025-06-27 18:11:00,5689.0,P4,ACCT3,BR1
2025-01-01 10:18:00,5702.0,P5,ACCT4,BR2
2025-02-02 11:25:00,5715.0,P6,ACCT0,BR3
2025-03-03 12:32:00,5728.0,P0,ACCT1,BR0
2025-04-04 13:39:00,5741.0,P1,ACCT2,BR1
2025-05-05 14:46:00,5754.0,P2,ACCT3,BR2
2025-06-06 15:53:00,5767.0,P3,ACCT4,BR3
2025-01-07 16:00:00,5780.0,P4,ACCT0,BR0
2025-02-08 17:07:00,5793.0,P5,ACCT1,BR1
2025-03-09 18:14:00,5806.0,P6,ACCT2,BR2
2025-04-10 10:21:00,5819.0,P0,ACCT3,BR3
2025-05-11 11:28:00,5832.0,P1,ACCT4,BR0
2025-06-12 12:35:00,5845.0,P2,ACCT0,BR1
2025-01-13 13:42:00,5858.0,P3,ACCT1,BR2
2025-02-14 14:49:00,5871.0,P4,ACCT2,BR3
2025-03-15 15:56:00,5884.0,P5,ACCT3,BR0
2025-04-16 16:03:00,5897.0,P6,ACCT4,BR1
2025-05-17 17:10:00,5910.0,P0,ACCT0,BR2
2025-06-18 18:17:00,5923.0,P1,ACCT1,BR3
2025-01-19 10:24:00,5936.0,P2,ACCT2,BR0
2025-02-20 11:31:00,5949.0,P3,ACCT3,BR1
2025-03-21 12:38:00,5962.0,P4,ACCT4,BR2
2025-04-22 13:45:00,5975.0,P5,ACCT0,BR3
2025-05-23 14:52:00,5988.0,P6,ACCT1,BR0
2025-06-24 15:59:00,6001.0,P0,ACCT2,BR1
2025-01-25 16:06:00,6014.0,P1,ACCT3,BR2
2025-02-26 17:13:00,6027.0,P2,ACCT4,BR3
2025-01-01 10:00:00,6040.0,P3,ACCT0,BR0
2025-02-02 11:07:00,6053.0,P4,ACCT1,BR1
2025-03-03 12:14:00,6066.0,P5,ACCT2,BR2
2025-04-04 13:21:00,6079.0,P6,ACCT3,BR3
2025-05-05 14:28:00,6092.0,P0,ACCT4,BR0
2025-06-06 15:35:00,6105.0,P1,ACCT0,BR1
2025-01-07 16:42:00,6118.0,P2,ACCT1,BR2
2025-02-08 17:49:00,6131.0,P3,ACCT2,BR3
2025-03-09 18:56:00,6144.0,P4,ACCT3,BR0
2025-04-10 10:03:00,6157.0,P5,ACCT4,BR1
2025-05-11 11:10:00,6170.0,P6,ACCT0,BR2
2025-06-12 12:17:00,6183.0,P0,ACCT1,BR3
2025-01-13 13:24:00,6196.0,P1,ACCT2,BR0
2025-02-14 14:31:00,6209.0,P2,ACCT3,BR1
2025-03-15 15:38:00,6222.0,P3,ACCT4,BR2
2025-04-16 16:45:00,6235.0,P4,ACCT0,BR3
2025-05-17 17:52:00,6248.0,P5,ACCT1,BR0
2025-06-18 18:59:00,6261.0,P6,ACCT2,BR1
2025-01-19 10:06:00,6274.0,P0,ACCT3,BR2
2025-02-20 11:13:00,6287.0,P1,ACCT4,BR3
2025-03-21 12:20:00,6300.0,P2,ACCT0,BR0
2025-04-22 13:27:00,6313.0,P3,ACCT1,BR1
2025-05-23 14:34:00,6326.0,P4,ACCT2,BR2
2025-06-24 15:41:00,6339.0,P5,ACCT3,BR3
2025-01-25 16:48:00,6352.0,P6,ACCT4,BR0
2025-02-26 17:55:00,6365.0,P0,ACCT0,BR1
2025-03-27 18:02:00,6378.0,P1,ACCT1,BR2
2025-04-01 10:09:00,6391.0,P2,ACCT2,BR3
2025-05-02 11:16:00,6404.0,P3,ACCT3,BR0
2025-06-03 12:23:00,6417.0,P4,ACCT4,BR1
2025-01-04 13:30:00,6430.0,P5,ACCT0,BR2
2025-02-05 14:37:00,6443.0,P6,ACCT1,BR3
2025-03-06 15:44:00,6456.0,P0,ACCT2,BR0
2025-04-07 16:51:00,6469.0,P1,ACCT3,BR1
2025-05-08 17:58:00,6482.0,P2,ACCT4,BR2
2025-06-09 18:05:00,6495.0,P3,ACCT0,BR3
2025-01-10 10:12:00,6508.0,P4,ACCT1,BR0
2025-02-11 11:19:00,6521.0,P5,ACCT2,BR1
2025-03-12 12:26:00,6534.0,P6,ACCT3,BR2
2025-04-13 13:33:00,6547.0,P0,ACCT4,BR3
2025-05-14 14:40:00,6560.0,P1,ACCT0,BR0
2025-06-15 15:47:00,6573.0,P2,ACCT1,BR1
2025-01-16 16:54:00,6586.0,P3,ACCT2,BR2
2025-02-17 17:01:00,6599.0,P4,ACCT3,BR3
2025-03-18 18:08:00,6612.0,P5,ACCT4,BR0
2025-04-19 10:15:00,6625.0,P6,ACCT0,BR1
2025-05-20 11:22:00,6638.0,P0,ACCT1,BR2
2025-06-21 12:29:00,6651.0,P1,ACCT2,BR3
2025-01-22 13:36:00,6664.0,P2,ACCT3,BR0
2025-02-23 14:43:00,6677.0,P3,ACCT4,BR1
2025-03-24 15:50:00,6690.0,P4,ACCT0,BR2
2025-04-25 16:57:00,6703.0,P5,ACCT1,BR3
2025-05-26 17:04:00,6716.0,P6,ACCT2,BR0
2025-06-27 18:11:00,6729.0,P0,ACCT3,BR1
2025-01-01 10:18:00,6742.0,P1,ACCT4,BR2
2025-02-02 11:25:00,6755.0,P2,ACCT0,BR3
2025-03-03 12:32:00,6768.0,P3,ACCT1,BR0
2025-04-04 13:39:00,6781.0,P4,ACCT2,BR1
2025-05-05 14:46:00,6794.0,P5,ACCT3,BR2
2025-06-06 15:53:00,6807.0,P6,ACCT4,BR3
2025-01-07 16:00:00,6820.0,P0,ACCT0,BR0
2025-02-08 17:07:00,6833.0,P1,ACCT1,BR1
2025-03-09 18:14:00,6846.0,P2,ACCT2,BR2
2025-04-10 10:21:00,6859.0,P3,ACCT3,BR3
2025-05-11 11:28:00,6872.0,P4,ACCT4,BR0
2025-06-12 12:35:00,6885.0,P5,ACCT0,BR1
2025-01-13 13:42:00,6898.0,P6,ACCT1,BR2
2025-02-14 14:49:00,6911.0,P0,ACCT2,BR3
2025-03-15 15:56:00,6924.0,P1,ACCT3,BR0
2025-04-16 16:03:00,6937.0,P2,ACCT4,BR1
2025-05-17 17:10:00,6950.0,P3,ACCT0,BR2
2025-06-18 18:17:00,6963.0,P4,ACCT1,BR3
2025-01-19 10:24:00,6976.0,P5,ACCT2,BR0
2025-02-20 11:31:00,6989.0,P6,ACCT3,BR1
2025-03-21 12:38:00,7002.0,P0,ACCT4,BR2
2025-04-22 13:45:00,7015.0,P1,ACCT0,BR3
2025-05-23 14:52:00,7028.0,P2,ACCT1,BR0
2025-06-24 15:59:00,7041.0,P3,ACCT2,BR1
2025-01-25 16:06:00,7054.0,P4,ACCT3,BR2
2025-02-26 17:13:00,7067.0,P5,ACCT4,BR3
2025-01-01 10:00:00,7080.0,P6,ACCT0,BR0
2025-02-02 11:07:00,7093.0,P0,ACCT1,BR1
2025-03-03 12:14:00,7106.0,P1,ACCT2,BR2
2025-04-04 13:21:00,7119.0,P2,ACCT3,BR3
2025-05-05 14:28:00,7132.0,P3,ACCT4,BR0
2025-06-06 15:35:00,7145.0,P4,ACCT0,BR1
2025-01-07 16:42:00,7158.0,P5,ACCT1,BR2
2025-02-08 17:49:00,7171.0,P6,ACCT2,BR3
2025-03-09 18:56:00,7184.0,P0,ACCT3,BR0
2025-04-10 10:03:00,7197.0,P1,ACCT4,BR1
2025-05-11 11:10:00,7210.0,P2,ACCT0,BR2
2025-06-12 12:17:00,7223.0,P3,ACCT1,BR3
2025-01-13 13:24:00,7236.0,P4,ACCT2,BR0
2025-02-14 14:31:00,7249.0,P5,ACCT3,BR1
2025-03-15 15:38:00,7262.0,P6,ACCT4,BR2
2025-04-16 16:45:00,7275.0,P0,ACCT0,BR3
2025-05-17 17:52:00,7288.0,P1,ACCT1,BR0
2025-06-18 18:59:00,7301.0,P2,ACCT2,BR1
2025-01-19 10:06:00,7314.0,P3,ACCT3,BR2
2025-02-20 11:13:00,7327.0,P4,ACCT4,BR3
2025-03-21 12:20:00,7340.0,P5,ACCT0,BR0
2025-04-22 13:27:00,7353.0,P6,ACCT1,BR1
2025-05-23 14:34:00,7366.0,P0,ACCT2,BR2
2025-06-24 15:41:00,7379.0,P1,ACCT3,BR3
2025-01-25 16:48:00,7392.0,P2,ACCT4,BR0
2025-02-26 17:55:00,7405.0,P3,ACCT0,BR1
2025-03-27 18:02:00,7418.0,P4,ACCT1,BR2
2025-04-01 10:09:00,7431.0,P5,ACCT2,BR3
2025-05-02 11:16:00,7444.0,P6,ACCT3,BR0
2025-06-03 12:23:00,7457.0,P0,ACCT4,BR1
2025-01-04 13:30:00,7470.0,P1,ACCT0,BR2
2025-02-05 14:37:00,7483.0,P2,ACCT1,BR3
2025-03-06 15:44:00,7496.0,P3,ACCT2,BR0
2025-04-07 16:51:00,7509.0,P4,ACCT3,BR1
2025-05-08 17:58:00,7522.0,P5,ACCT4,BR2
2025-06-09 18:05:00,7535.0,P6,ACCT0,BR3
2025-01-10 10:12:00,7548.0,P0,ACCT1,BR0
2025-02-11 11:19:00,7561.0,P1,ACCT2,BR1
2025-03-12 12:26:00,7574.0,P2,ACCT3,BR2
2025-04-13 13:33:00,7587.0,P3,ACCT4,BR3
2025-05-14 14:40:00,7600.0,P4,ACCT0,BR0
2025-06-15 15:47:00,7613.0,P5,ACCT1,BR1
2025-01-16 16:54:00,7626.0,P6,ACCT2,BR2
2025-02-17 17:01:00,7639.0,P0,ACCT3,BR3
2025-03-18 18:08:00,7652.0,P1,ACCT4,BR0
2025-04-19 10:15:00,7665.0,P2,ACCT0,BR1
2025-05-20 11:22:00,7678.0,P3,ACCT1,BR2
2025-06-21 12:29:00,7691.0,P4,ACCT2,BR3
2025-01-22 13:36:00,7704.0,P5,ACCT3,BR0
2025-02-23 14:43:00,7717.0,P6,ACCT4,BR1
2025-03-24 15:50:00,7730.0,P0,ACCT0,BR2
2025-04-25 16:57:00,7743.0,P1,ACCT1,BR3
2025-05-26 17:04:00,7756.0,P2,ACCT2,BR0
2025-06-27 18:11:00,7769.0,P3,ACCT3,BR1
2025-01-01 10:18:00,7782.0,P4,ACCT4,BR2
2025-02-02 11:25:00,7795.0,P5,ACCT0,BR3
2025-03-03 12:32:00,7808.0,P6,ACCT1,BR0
2025-04-04 13:39:00,7821.0,P0,ACCT2,BR1
2025-05-05 14:46:00,7834.0,P1,ACCT3,BR2
2025-06-06 15:53:00,7847.0,P2,ACCT4,BR3
2025-01-07 16:00:00,7860.0,P3,ACCT0,BR0
2025-02-08 17:07:00,7873.0,P4,ACCT1,BR1
2025-03-09 18:14:00,7886.0,P5,ACCT2,BR2
2025-04-10 10:21:00,7899.0,P6,ACCT3,BR3
2025-05-11 11:28:00,7912.0,P0,ACCT4,BR0
2025-06-12 12:35:00,7925.0,P1,ACCT0,BR1
2025-01-13 13:42:00,7938.0,P2,ACCT1,BR2
2025-02-14 14:49:00,7951.0,P3,ACCT2,BR3
2025-03-15 15:56:00,7964.0,P4,ACCT3,BR0
2025-04-16 16:03:00,7977.0,P5,ACCT4,BR1
2025-05-17 17:10:00,7990.0,P6,ACCT0,BR2
2025-06-18 18:17:00,8003.0,P0,ACCT1,BR3
2025-01-19 10:24:00,8016.0,P1,ACCT2,BR0
2025-02-20 11:31:00,8029.0,P2,ACCT3,BR1
2025-03-21 12:38:00,8042.0,P3,ACCT4,BR2
2025-04-22 13:45:00,8055.0,P4,ACCT0,BR3
2025-05-23 14:52:00,8068.0,P5,ACCT1,BR0
2025-06-24 15:59:00,8081.0,P6,ACCT2,BR1
2025-01-25 16:06:00,8094.0,P0,ACCT3,BR2
2025-02-26 17:13:00,8107.0,P1,ACCT4,BR3
2025-01-01 10:00:00,8120.0,P2,ACCT0,BR0
2025-02-02 11:07:00,8133.0,P3,ACCT1,BR1
2025-03-03 12:14:00,8146.0,P4,ACCT2,BR2
2025-04-04 13:21:00,8159.0,P5,ACCT3,BR3
2025-05-05 14:28:00,8172.0,P6,ACCT4,BR0
2025-06-06 15:35:00,8185.0,P0,ACCT0,BR1
2025-01-07 16:42:00,8198.0,P1,ACCT1,BR2
2025-02-08 17:49:00,8211.0,P2,ACCT2,BR3
2025-03-09 18:56:00,8224.0,P3,ACCT3,BR0
2025-04-10 10:03:00,8237.0,P4,ACCT4,BR1
2025-05-11 11:10:00,8250.0,P5,ACCT0,BR2
2025-06-12 12:17:00,8263.0,P6,ACCT1,BR3
2025-01-13 13:24:00,8276.0,P0,ACCT2,BR0
2025-02-14 14:31:00,8289.0,P1,ACCT3,BR1
2025-03-15 15:38:00,8302.0,P2,ACCT4,BR2
2025-04-16 16:45:00,8315.0,P3,ACCT0,BR3
2025-05-17 17:52:00,8328.0,P4,ACCT1,BR0
2025-06-18 18:59:00,8341.0,P5,ACCT2,BR1
2025-01-19 10:06:00,8354.0,P6,ACCT3,BR2
2025-02-20 11:13:00,8367.0,P0,ACCT4,BR3
2025-03-21 12:20:00,8380.0,P1,ACCT0,BR0
2025-04-22 13:27:00,8393.0,P2,ACCT1,BR1
2025-05-23 14:34:00,8406.0,P3,ACCT2,BR2
2025-06-24 15:41:00,8419.0,P4,ACCT3,BR3
2025-01-25 16:48:00,8432.0,P5,ACCT4,BR0
2025-02-26 17:55:00,8445.0,P6,ACCT0,BR1
2025-03-27 18:02:00,8458.0,P0,ACCT1,BR2
2025-04-01 10:09:00,8471.0,P1,ACCT2,BR3
2025-05-02 11:16:00,8484.0,P2,ACCT3,BR0
2025-06-03 12:23:00,8497.0,P3,ACCT4,BR1
2025-01-04 13:30:00,8510.0,P4,ACCT0,BR2
2025-02-05 14:37:00,8523.0,P5,ACCT1,BR3
2025-03-06 15:44:00,8536.0,P6,ACCT2,BR0
2025-04-07 16:51:00,8549.0,P0,ACCT3,BR1
2025-05-08 17:58:00,8562.0,P1,ACCT4,BR2
2025-06-09 18:05:00,8575.0,P2,ACCT0,BR3
2025-01-10 10:12:00,8588.0,P3,ACCT1,BR0
2025-02-11 11:19:00,8601.0,P4,ACCT2,BR1
2025-03-12 12:26:00,8614.0,P5,ACCT3,BR2
2025-04-13 13:33:00,8627.0,P6,ACCT4,BR3
2025-05-14 14:40:00,8640.0,P0,ACCT0,BR0
2025-06-15 15:47:00,8653.0,P1,ACCT1,BR1
2025-01-16 16:54:00,8666.0,P2,ACCT2,BR2
2025-02-17 17:01:00,8679.0,P3,ACCT3,BR3
2025-03-18 18:08:00,8692.0,P4,ACCT4,BR0
2025-04-19 10:15:00,8705.0,P5,ACCT0,BR1
2025-05-20 11:22:00,8718.0,P6,ACCT1,BR2
2025-06-21 12:29:00,8731.0,P0,ACCT2,BR3
2025-01-22 13:36:00,8744.0,P1,ACCT3,BR0
2025-02-23 14:43:00,8757.0,P2,ACCT4,BR1
2025-03-24 15:50:00,8770.0,P3,ACCT0,BR2
2025-04-25 16:57:00,8783.0,P4,ACCT1,BR3
2025-05-26 17:04:00,8796.0,P5,ACCT2,BR0
2025-06-27 18:11:00,8809.0,P6,ACCT3,BR1
2025-01-01 10:18:00,8822.0,P0,ACCT4,BR2
2025-02-02 11:25:00,8835.0,P1,ACCT0,BR3
2025-03-03 12:32:00,8848.0,P2,ACCT1,BR0
2025-04-04 13:39:00,8861.0,P3,ACCT2,BR1
2025-05-05 14:46:00,8874.0,P4,ACCT3,BR2
2025-06-06 15:53:00,8887.0,P5,ACCT4,BR3
2025-01-07 16:00:00,8900.0,P6,ACCT0,BR0
2025-02-08 17:07:00,8913.0,P0,ACCT1,BR1
2025-03-09 18:14:00,8926.0,P1,ACCT2,BR2
2025-04-10 10:21:00,8939.0,P2,ACCT3,BR3
2025-05-11 11:28:00,8952.0,P3,ACCT4,BR0
2025-06-12 12:35:00,8965.0,P4,ACCT0,BR1
2025-01-13 13:42:00,8978.0,P5,ACCT1,BR2
2025-02-14 14:49:00,8991.0,P6,ACCT2,BR3
2025-03-15 15:56:00,9004.0,P0,ACCT3,BR0
2025-04-16 16:03:00,9017.0,P1,ACCT4,BR1
2025-05-17 17:10:00,9030.0,P2,ACCT0,BR2
2025-06-18 18:17:00,9043.0,P3,ACCT1,BR3
2025-01-19 10:24:00,9056.0,P4,ACCT2,BR0
2025-02-20 11:31:00,9069.0,P5,ACCT3,BR1
2025-03-21 12:38:00,9082.0,P6,ACCT4,BR2
2025-04-22 13:45:00,9095.0,P0,ACCT0,BR3
2025-05-23 14:52:00,9108.0,P1,ACCT1,BR0
2025-06-24 15:59:00,9121.0,P2,ACCT2,BR1
2025-01-25 16:06:00,9134.0,P3,ACCT3,BR2
2025-02-26 17:13:00,9147.0,P4,ACCT4,BR3
2025-01-01 10:00:00,9160.0,P5,ACCT0,BR0
2025-02-02 11:07:00,9173.0,P6,ACCT1,BR1
2025-03-03 12:14:00,9186.0,P0,ACCT2,BR2
2025-04-04 13:21:00,9199.0,P1,ACCT3,BR3
2025-05-05 14:28:00,9212.0,P2,ACCT4,BR0
2025-06-06 15:35:00,9225.0,P3,ACCT0,BR1
2025-01-07 16:42:00,9238.0,P4,ACCT1,BR2
2025-02-08 17:49:00,9251.0,P5,ACCT2,BR3
2025-03-09 18:56:00,9264.0,P6,ACCT3,BR0
2025-04-10 10:03:00,9277.0,P0,ACCT4,BR1
2025-05-11 11:10:00,9290.0,P1,ACCT0,BR2
2025-06-12 12:17:00,9303.0,P2,ACCT1,BR3
2025-01-13 13:24:00,9316.0,P3,ACCT2,BR0
2025-02-14 14:31:00,9329.0,P4,ACCT3,BR1
2025-03-15 15:38:00,9342.0,P5,ACCT4,BR2
2025-04-16 16:45:00,9355.0,P6,ACCT0,BR3
2025-05-17 17:52:00,9368.0,P0,ACCT1,BR0
2025-06-18 18:59:00,9381.0,P1,ACCT2,BR1
2025-01-19 10:06:00,9394.0,P2,ACCT3,BR2
2025-02-20 11:13:00,9407.0,P3,ACCT4,BR3
2025-03-21 12:20:00,9420.0,P4,ACCT0,BR0
2025-04-22 13:27:00,9433.0,P5,ACCT1,BR1
2025-05-23 14:34:00,9446.0,P6,ACCT2,BR2
2025-06-24 15:41:00,9459.0,P0,ACCT3,BR3
2025-01-25 16:48:00,9472.0,P1,ACCT4,BR0
2025-02-26 17:55:00,9485.0,P2,ACCT0,BR1
2025-03-27 18:02:00,9498.0,P3,ACCT1,BR2
2025-04-01 10:09:00,9511.0,P4,ACCT2,BR3
2025-05-02 11:16:00,9524.0,P5,ACCT3,BR0
2025-06-03 12:23:00,9537.0,P6,ACCT4,BR1
2025-01-04 13:30:00,9550.0,P0,ACCT0,BR2
2025-02-05 14:37:00,9563.0,P1,ACCT1,BR3
2025-03-06 15:44:00,9576.0,P2,ACCT2,BR0
2025-04-07 16:51:00,9589.0,P3,ACCT3,BR1
2025-05-08 17:58:00,9602.0,P4,ACCT4,BR2
2025-06-09 18:05:00,9615.0,P5,ACCT0,BR3
2025-01-10 10:12:00,9628.0,P6,ACCT1,BR0
2025-02-11 11:19:00,9641.0,P0,ACCT2,BR1
2025-03-12 12:26:00,9654.0,P1,ACCT3,BR2
2025-04-13 13:33:00,9667.0,P2,ACCT4,BR3
2025-05-14 14:40:00,9680.0,P3,ACCT0,BR0
2025-06-15 15:47:00,9693.0,P4,ACCT1,BR1
2025-01-16 16:54:00,9706.0,P5,ACCT2,BR2
2025-02-17 17:01:00,9719.0,P6,ACCT3,BR3
2025-03-18 18:08:00,9732.0,P0,ACCT4,BR0
2025-04-19 10:15:00,9745.0,P1,ACCT0,BR1
2025-05-20 11:22:00,9758.0,P2,ACCT1,BR2
2025-06-21 12:29:00,9771.0,P3,ACCT2,BR3
2025-01-22 13:36:00,9784.0,P4,ACCT3,BR0
2025-02-23 14:43:00,9797.0,P5,ACCT4,BR1
2025-03-24 15:50:00,9810.0,P6,ACCT0,BR2
2025-04-25 16:57:00,9823.0,P0,ACCT1,BR3
2025-05-26 17:04:00,9836.0,P1,ACCT2,BR0
2025-06-27 18:11:00,9849.0,P2,ACCT3,BR1
2025-01-01 10:18:00,9862.0,P3,ACCT4,BR2
2025-02-02 11:25:00,9875.0,P4,ACCT0,BR3
2025-03-03 12:32:00,9888.0,P5,ACCT1,BR0
2025-04-04 13:39:00,9901.0,P6,ACCT2,BR1
2025-05-05 14:46:00,9914.0,P0,ACCT3,BR2
2025-06-06 15:53:00,9927.0,P1,ACCT4,BR3
2025-01-07 16:00:00,9940.0,P2,ACCT0,BR0
2025-02-08 17:07:00,9953.0,P3,ACCT1,BR1
2025-03-09 18:14:00,9966.0,P4,ACCT2,BR2
2025-04-10 10:21:00,9979.0,P5,ACCT3,BR3
2025-05-11 11:28:00,9992.0,P6,ACCT4,BR0
2025-06-12 12:35:00,10005.0,P0,ACCT0,BR1
2025-01-13 13:42:00,10018.0,P1,ACCT1,BR2
2025-02-14 14:49:00,10031.0,P2,ACCT2,BR3
2025-03-15 15:56:00,10044.0,P3,ACCT3,BR0
2025-04-16 16:03:00,10057.0,P4,ACCT4,BR1
2025-05-17 17:10:00,10070.0,P5,ACCT0,BR2
2025-06-18 18:17:00,10083.0,P6,ACCT1,BR3
2025-01-19 10:24:00,10096.0,P0,ACCT2,BR0
2025-02-20 11:31:00,10109.0,P1,ACCT3,BR1
2025-03-21 12:38:00,10122.0,P2,ACCT4,BR2
2025-04-22 13:45:00,10135.0,P3,ACCT0,BR3
2025-05-23 14:52:00,10148.0,P4,ACCT1,BR0
2025-06-24 15:59:00,10161.0,P5,ACCT2,BR1
2025-01-25 16:06:00,10174.0,P6,ACCT3,BR2
2025-02-26 17:13:00,10187.0,P0,ACCT4,BR3
