call_time,msisdn,terminating_number,duration_secs,tower
2025-01-01 20:00:00,639100000000,639900000000,10.0,T0
2025-02-02 21:03:00,639100000001,639900000001,11.0,T1
2025-03-03 22:06:00,639100000002,639900000002,12.0,T2
2025-04-04 23:09:00,639100000003,639900000003,13.0,T3
2025-05-05 24:12:00,639100000004,639900000004,14.0,T4
2025-06-06 25:15:00,639100000005,639900000005,15.0,T5
2025-01-07 26:18:00,639100000006,639900000006,16.0,T6
2025-02-08 27:21:00,639100000007,639900000007,17.0,T7
2025-03-09 28:24:00,639100000008,639900000008,18.0,T8
2025-04-10 20:27:00,639100000009,639900000000,19.0,T9
2025-05-11 21:30:00,639100000000,639900000001,20.0,T10
2025-06-12 22:33:00,639100000001,639900000002,21.0,T11
2025-01-13 23:36:00,639100000002,639900000003,22.0,T0
2025-02-14 24:39:00,639100000003,639900000004,23.0,T1
2025-03-15 25:42:00,639100000004,639900000005,24.0,T2
2025-04-16 26:45:00,639100000005,639900000006,25.0,T3
2025-05-17 27:48:00,639100000006,639900000007,26.0,T4
2025-06-18 28:51:00,639100000007,639900000008,27.0,T5
2025-01-19 20:54:00,639100000008,639900000000,28.0,T6
2025-02-20 21:57:00,639100000009,639900000001,29.0,T7
2025-03-21 22:00:00,639100000000,639900000002,30.0,T8
2025-04-22 23:03:00,639100000001,639900000003,31.0,T9
2025-05-23 24:06:00,639100000002,639900000004,32.0,T10
2025-06-24 25:09:00,639100000003,639900000005,33.0,T11
2025-01-25 26:12:00,639100000004,639900000006,34.0,T0
2025-02-26 27:15:00,639100000005,639900000007,35.0,T1
2025-03-27 28:18:00,639100000006,639900000008,36.0,T2
2025-04-01 20:21:00,639100000007,639900000000,37.0,T3
2025-05-02 21:24:00,639100000008,639900000001,38.0,T4
2025-06-03 22:27:00,639100000009,639900000002,39.0,T5
2025-01-04 23:30:00,639100000000,639900000003,40.0,T6
2025-02-05 24:33:00,639100000001,639900000004,41.0,T7
2025-03-06 25:36:00,639100000002,639900000005,42.0,T8
2025-04-07 26:39:00,639100000003,639900000006,43.0,T9
2025-05-08 27:42:00,639100000004,639900000007,44.0,T10
2025-06-09 28:45:00,639100000005,639900000008,45.0,T11
2025-01-10 20:48:00,639100000006,639900000000,46.0,T0
2025-02-11 21:51:00,639100000007,639900000001,47.0,T1
2025-03-12 22:54:00,639100000008,639900000002,48.0,T2
2025-04-13 23:57:00,639100000009,639900000003,49.0,T3
2025-05-14 24:00:00,639100000000,639900000004,50.0,T4
2025-06-15 25:03:00,639100000001,639900000005,51.0,T5
2025-01-16 26:06:00,639100000002,639900000006,52.0,T6
2025-02-17 27:09:00,639100000003,639900000007,53.0,T7
2025-03-18 28:12:00,639100000004,639900000008,54.0,T8
2025-04-19 20:15:00,639100000005,639900000000,55.0,T9
2025-05-20 21:18:00,639100000006,639900000001,56.0,T10
2025-06-21 22:21:00,639100000007,639900000002,57.0,T11
2025-01-22 23:24:00,639100000008,639900000003,58.0,T0
2025-02-23 24:27:00,639100000009,639900000004,59.0,T1
2025-03-24 25:30:00,639100000000,639900000005,60.0,T2
2025-04-25 26:33:00,639100000001,639900000006,61.0,T3
2025-05-26 27:36:00,639100000002,639900000007,62.0,T4
2025-06-27 28:39:00,639100000003,639900000008,63.0,T5
2025-01-01 20:42:00,639100000004,639900000000,64.0,T6
2025-02-02 21:45:00,639100000005,639900000001,65.0,T7
2025-03-03 22:48:00,639100000006,639900000002,66.0,T8
2025-04-04 23:51:00,639100000007,639900000003,67.0,T9
2025-05-05 24:54:00,639100000008,639900000004,68.0,T10
2025-06-06 25:57:00,639100000009,639900000005,69.0,T11
2025-01-07 26:00:00,639100000000,639900000006,10.0,T0
2025-02-08 27:03:00,639100000001,639900000007,11.0,T1
2025-03-09 28:06:00,639100000002,639900000008,12.0,T2
2025-04-10 20:09:00,639100000003,639900000000,13.0,T3
2025-05-11 21:12:00,639100000004,639900000001,14.0,T4
2025-06-12 22:15:00,639100000005,639900000002,15.0,T5
2025-01-13 23:18:00,639100000006,639900000003,16.0,T6
2025-02-14 24:21:00,639100000007,639900000004,17.0,T7
2025-03-15 25:24:00,639100000008,639900000005,18.0,T8
2025-04-16 26:27:00,639100000009,639900000006,19.0,T9
2025-05-17 27:30:00,639100000000,639900000007,20.0,T10
2025-06-18 28:33:00,639100000001,639900000008,21.0,T11
2025-01-19 20:36:00,639100000002,639900000000,22.0,T0
2025-02-20 21:39:00,639100000003,639900000001,23.0,T1
2025-03-21 22:42:00,639100000004,639900000002,24.0,T2
2025-04-22 23:45:00,639100000005,639900000003,25.0,T3
2025-05-23 24:48:00,639100000006,639900000004,26.0,T4
2025-06-24 25:51:00,639100000007,639900000005,27.0,T5
2025-01-25 26:54:00,639100000008,639900000006,28.0,T6
2025-02-26 27:57:00,639100000009,639900000007,29.0,T7
2025-03-27 28:00:00,639100000000,639900000008,30.0,T8
2025-04-01 20:03:00,639100000001,639900000000,31.0,T9
2025-05-02 21:06:00,639100000002,639900000001,32.0,T10
2025-06-03 22:09:00,639100000003,639900000002,33.0,T11
2025-01-04 23:12:00,639100000004,639900000003,34.0,T0
2025-02-05 24:15:00,639100000005,639900000004,35.0,T1
2025-03-06 25:18:00,639100000006,639900000005,36.0,T2
2025-04-07 26:21:00,639100000007,639900000006,37.0,T3
2025-05-08 27:24:00,639100000008,639900000007,38.0,T4
2025-06-09 28:27:00,639100000009,639900000008,39.0,T5
2025-01-10 20:30:00,639100000000,639900000000,40.0,T6
2025-02-11 21:33:00,639100000001,639900000001,41.0,T7
2025-03-12 22:36:00,639100000002,639900000002,42.0,T8
2025-04-13 23:39:00,639100000003,639900000003,43.0,T9
2025-05-14 24:42:00,639100000004,639900000004,44.0,T10
2025-06-15 25:45:00,639100000005,639900000005,45.0,T11
2025-01-16 26:48:00,639100000006,639900000006,46.0,T0
2025-02-17 27:51:00,639100000007,639900000007,47.0,T1
2025-03-18 28:54:00,639100000008,639900000008,48.0,T2
2025-04-19 20:57:00,639100000009,639900000000,49.0,T3
2025-05-20 21:00:00,639100000000,639900000001,50.0,T4
2025-06-21 22:03:00,639100000001,639900000002,51.0,T5
2025-01-22 23:06:00,639100000002,639900000003,52.0,T6
2025-02-23 24:09:00,639100000003,639900000004,53.0,T7
2025-03-24 25:12:00,639100000004,639900000005,54.0,T8
2025-04-25 26:15:00,639100000005,639900000006,55.0,T9
2025-05-26 27:18:00,639100000006,639900000007,56.0,T10
2025-06-27 28:21:00,639100000007,639900000008,57.0,T11
2025-01-01 20:24:00,639100000008,639900000000,58.0,T0
2025-02-02 21:27:00,639100000009,639900000001,59.0,T1
2025-03-03 22:30:00,639100000000,639900000002,60.0,T2
2025-04-04 23:33:00,639100000001,639900000003,61.0,T3
2025-05-05 24:36:00,639100000002,639900000004,62.0,T4
2025-06-06 25:39:00,639100000003,639900000005,63.0,T5
2025-01-07 26:42:00,639100000004,639900000006,64.0,T6
2025-02-08 27:45:00,639100000005,639900000007,65.0,T7
2025-03-09 28:48:00,639100000006,639900000008,66.0,T8
2025-04-10 20:51:00,639100000007,639900000000,67.0,T9
2025-05-11 21:54:00,639100000008,639900000001,68.0,T10
2025-06-12 22:57:00,639100000009,639900000002,69.0,T11
2025-01-13 23:00:00,639100000000,639900000003,10.0,T0
2025-02-14 24:03:00,639100000001,639900000004,11.0,T1
2025-03-15 25:06:00,639100000002,639900000005,12.0,T2
2025-04-16 26:09:00,639100000003,639900000006,13.0,T3
2025-05-17 27:12:00,639100000004,639900000007,14.0,T4
2025-06-18 28:15:00,639100000005,639900000008,15.0,T5
2025-01-19 20:18:00,639100000006,639900000000,16.0,T6
2025-02-20 21:21:00,639100000007,639900000001,17.0,T7
2025-03-21 22:24:00,639100000008,639900000002,18.0,T8
2025-04-22 23:27:00,639100000009,639900000003,19.0,T9
2025-05-23 24:30:00,639100000000,639900000004,20.0,T10
2025-06-24 25:33:00,639100000001,639900000005,21.0,T11
2025-01-25 26:36:00,639100000002,639900000006,22.0,T0
2025-02-26 27:39:00,639100000003,639900000007,23.0,T1
2025-03-27 28:42:00,639100000004,639900000008,24.0,T2
2025-04-01 20:45:00,639100000005,639900000000,25.0,T3
2025-05-02 21:48:00,639100000006,639900000001,26.0,T4
2025-06-03 22:51:00,639100000007,639900000002,27.0,T5
2025-01-04 23:54:00,639100000008,639900000003,28.0,T6
2025-02-05 24:57:00,639100000009,639900000004,29.0,T7
2025-03-06 25:00:00,639100000000,639900000005,30.0,T8
2025-04-07 26:03:00,639100000001,639900000006,31.0,T9
2025-05-08 27:06:00,639100000002,639900000007,32.0,T10
2025-06-09 28:09:00,639100000003,639900000008,33.0,T11
2025-01-10 20:12:00,639100000004,639900000000,34.0,T0
2025-02-11 21:15:00,639100000005,639900000001,35.0,T1
2025-03-12 22:18:00,639100000006,639900000002,36.0,T2
2025-04-13 23:21:00,639100000007,639900000003,37.0,T3
2025-05-14 24:24:00,639100000008,639900000004,38.0,T4
2025-06-15 25:27:00,639100000009,639900000005,39.0,T5
2025-01-16 26:30:00,639100000000,639900000006,40.0,T6
2025-02-17 27:33:00,639100000001,639900000007,41.0,T7
2025-03-18 28:36:00,639100000002,639900000008,42.0,T8
2025-04-19 20:39:00,639100000003,639900000000,43.0,T9
2025-05-20 21:42:00,639100000004,639900000001,44.0,T10
2025-06-21 22:45:00,639100000005,639900000002,45.0,T11
2025-01-22 23:48:00,639100000006,639900000003,46.0,T0
2025-02-23 24:51:00,639100000007,639900000004,47.0,T1
2025-03-24 25:54:00,639100000008,639900000005,48.0,T2
2025-04-25 26:57:00,639100000009,639900000006,49.0,T3
2025-05-26 27:00:00,639100000000,639900000007,50.0,T4
2025-06-27 28:03:00,639100000001,639900000008,51.0,T5
2025-01-01 20:06:00,639100000002,639900000000,52.0,T6
2025-02-02 21:09:00,639100000003,639900000001,53.0,T7
2025-03-03 22:12:00,639100000004,639900000002,54.0,T8
2025-04-04 23:15:00,639100000005,639900000003,55.0,T9
2025-05-05 24:18:00,639100000006,639900000004,56.0,T10
2025-06-06 25:21:00,639100000007,639900000005,57.0,T11
2025-01-07 26:24:00,639100000008,639900000006,58.0,T0
2025-02-08 27:27:00,639100000009,639900000007,59.0,T1
2025-03-09 28:30:00,639100000000,639900000008,60.0,T2
2025-04-10 20:33:00,639100000001,639900000000,61.0,T3
2025-05-11 21:36:00,639100000002,639900000001,62.0,T4
2025-06-12 22:39:00,639100000003,639900000002,63.0,T5
2025-01-13 23:42:00,639100000004,639900000003,64.0,T6
2025-02-14 24:45:00,639100000005,639900000004,65.0,T7
2025-03-15 25:48:00,639100000006,639900000005,66.0,T8
2025-04-16 26:51:00,639100000007,639900000006,67.0,T9
2025-05-17 27:54:00,639100000008,639900000007,68.0,T10
2025-06-18 28:57:00,639100000009,639900000008,69.0,T11
2025-01-19 20:00:00,639100000000,639900000000,10.0,T0
2025-02-20 21:03:00,639100000001,639900000001,11.0,T1
2025-03-21 22:06:00,639100000002,639900000002,12.0,T2
2025-04-22 23:09:00,639100000003,639900000003,13.0,T3
2025-05-23 24:12:00,639100000004,639900000004,14.0,T4
2025-06-24 25:15:00,639100000005,639900000005,15.0,T5
2025-01-25 26:18:00,639100000006,639900000006,16.0,T6
2025-02-26 27:21:00,639100000007,639900000007,17.0,T7
2025-03-27 28:24:00,639100000008,639900000008,18.0,T8
2025-04-01 20:27:00,639100000009,639900000000,19.0,T9
2025-05-02 21:30:00,639100000000,639900000001,20.0,T10
2025-06-03 22:33:00,639100000001,639900000002,21.0,T11
2025-01-04 23:36:00,639100000002,639900000003,22.0,T0
2025-02-05 24:39:00,639100000003,639900000004,23.0,T1
2025-03-06 25:42:00,639100000004,639900000005,24.0,T2
2025-04-07 26:45:00,639100000005,639900000006,25.0,T3
2025-05-08 27:48:00,639100000006,639900000007,26.0,T4
2025-06-09 28:51:00,639100000007,639900000008,27.0,T5
2025-01-10 20:54:00,639100000008,639900000000,28.0,T6
2025-02-11 21:57:00,639100000009,639900000001,29.0,T7
2025-03-12 22:00:00,639100000000,639900000002,30.0,T8
2025-04-13 23:03:00,639100000001,639900000003,31.0,T9
2025-05-14 24:06:00,639100000002,639900000004,32.0,T10
2025-06-15 25:09:00,639100000003,639900000005,33.0,T11
2025-01-16 26:12:00,639100000004,639900000006,34.0,T0
2025-02-17 27:15:00,639100000005,639900000007,35.0,T1
2025-03-18 28:18:00,639100000006,639900000008,36.0,T2
2025-04-19 20:21:00,639100000007,639900000000,37.0,T3
2025-05-20 21:24:00,639100000008,639900000001,38.0,T4
2025-06-21 22:27:00,639100000009,639900000002,39.0,T5
2025-01-22 23:30:00,639100000000,639900000003,40.0,T6
2025-02-23 24:33:00,639100000001,639900000004,41.0,T7
2025-03-24 25:36:00,639100000002,639900000005,42.0,T8
2025-04-25 26:39:00,639100000003,639900000006,43.0,T9
2025-05-26 27:42:00,639100000004,639900000007,44.0,T10
2025-06-27 28:45:00,639100000005,639900000008,45.0,T11
2025-01-01 20:48:00,639100000006,639900000000,46.0,T0
2025-02-02 21:51:00,639100000007,639900000001,47.0,T1
2025-03-03 22:54:00,639100000008,639900000002,48.0,T2
2025-04-04 23:57:00,639100000009,639900000003,49.0,T3
2025-05-05 24:00:00,639100000000,639900000004,50.0,T4
2025-06-06 25:03:00,639100000001,639900000005,51.0,T5
2025-01-07 26:06:00,639100000002,639900000006,52.0,T6
2025-02-08 27:09:00,639100000003,639900000007,53.0,T7
2025-03-09 28:12:00,639100000004,639900000008,54.0,T8
2025-04-10 20:15:00,639100000005,639900000000,55.0,T9
2025-05-11 21:18:00,639100000006,639900000001,56.0,T10
2025-06-12 22:21:00,639100000007,639900000002,57.0,T11
2025-01-13 23:24:00,639100000008,639900000003,58.0,T0
2025-02-14 24:27:00,639100000009,639900000004,59.0,T1
2025-03-15 25:30:00,639100000000,639900000005,60.0,T2
2025-04-16 26:33:00,639100000001,639900000006,61.0,T3
2025-05-17 27:36:00,639100000002,639900000007,62.0,T4
2025-06-18 28:39:00,639100000003,639900000008,63.0,T5
2025-01-19 20:42:00,639100000004,639900000000,64.0,T6
2025-02-20 21:45:00,639100000005,639900000001,65.0,T7
2025-03-21 22:48:00,639100000006,639900000002,66.0,T8
2025-04-22 23:51:00,639100000007,639900000003,67.0,T9
2025-05-23 24:54:00,639100000008,639900000004,68.0,T10
2025-06-24 25:57:00,639100000009,639900000005,69.0,T11
2025-01-25 26:00:00,639100000000,639900000006,10.0,T0
2025-02-26 27:03:00,639100000001,639900000007,11.0,T1
2025-03-27 28:06:00,639100000002,639900000008,12.0,T2
2025-04-01 20:09:00,639100000003,639900000000,13.0,T3
2025-05-02 21:12:00,639100000004,639900000001,14.0,T4
2025-06-03 22:15:00,639100000005,639900000002,15.0,T5
2025-01-04 23:18:00,639100000006,639900000003,16.0,T6
2025-02-05 24:21:00,639100000007,639900000004,17.0,T7
2025-03-06 25:24:00,639100000008,639900000005,18.0,T8
2025-04-07 26:27:00,639100000009,639900000006,19.0,T9
2025-05-08 27:30:00,639100000000,639900000007,20.0,T10
2025-06-09 28:33:00,639100000001,639900000008,21.0,T11
2025-01-10 20:36:00,639100000002,639900000000,22.0,T0
2025-02-11 21:39:00,639100000003,639900000001,23.0,T1
2025-03-12 22:42:00,639100000004,639900000002,24.0,T2
2025-04-13 23:45:00,639100000005,639900000003,25.0,T3
2025-05-14 24:48:00,639100000006,639900000004,26.0,T4
2025-06-15 25:51:00,639100000007,639900000005,27.0,T5
2025-01-16 26:54:00,639100000008,639900000006,28.0,T6
2025-02-17 27:57:00,639100000009,639900000007,29.0,T7
2025-03-18 28:00:00,639100000000,639900000008,30.0,T8
2025-04-19 20:03:00,639100000001,639900000000,31.0,T9
2025-05-20 21:06:00,639100000002,639900000001,32.0,T10
2025-06-21 22:09:00,639100000003,639900000002,33.0,T11
2025-01-22 23:12:00,639100000004,639900000003,34.0,T0
2025-02-23 24:15:00,639100000005,639900000004,35.0,T1
2025-03-24 25:18:00,639100000006,639900000005,36.0,T2
2025-04-25 26:21:00,639100000007,639900000006,37.0,T3
2025-05-26 27:24:00,639100000008,639900000007,38.0,T4
2025-06-27 28:27:00,639100000009,639900000008,39.0,T5
2025-01-01 20:30:00,639100000000,639900000000,40.0,T6
2025-02-02 21:33:00,639100000001,639900000001,41.0,T7
2025-03-03 22:36:00,639100000002,639900000002,42.0,T8
2025-04-04 23:39:00,639100000003,639900000003,43.0,T9
2025-05-05 24:42:00,639100000004,639900000004,44.0,T10
2025-06-06 25:45:00,639100000005,639900000005,45.0,T11
2025-01-07 26:48:00,639100000006,639900000006,46.0,T0
2025-02-08 27:51:00,639100000007,639900000007,47.0,T1
2025-03-09 28:54:00,639100000008,639900000008,48.0,T2
2025-04-10 20:57:00,639100000009,639900000000,49.0,T3
2025-05-11 21:00:00,639100000000,639900000001,50.0,T4
2025-06-12 22:03:00,639100000001,639900000002,51.0,T5
2025-01-13 23:06:00,639100000002,639900000003,52.0,T6
2025-02-14 24:09:00,639100000003,639900000004,53.0,T7
2025-03-15 25:12:00,639100000004,639900000005,54.0,T8
2025-04-16 26:15:00,639100000005,639900000006,55.0,T9
2025-05-17 27:18:00,639100000006,639900000007,56.0,T10
2025-06-18 28:21:00,639100000007,639900000008,57.0,T11
2025-01-19 20:24:00,639100000008,639900000000,58.0,T0
2025-02-20 21:27:00,639100000009,639900000001,59.0,T1
2025-03-21 22:30:00,639100000000,639900000002,60.0,T2
2025-04-22 23:33:00,639100000001,639900000003,61.0,T3
2025-05-23 24:36:00,639100000002,639900000004,62.0,T4
2025-06-24 25:39:00,639100000003,639900000005,63.0,T5
2025-01-25 26:42:00,639100000004,639900000006,64.0,T6
2025-02-26 27:45:00,639100000005,639900000007,65.0,T7
2025-03-27 28:48:00,639100000006,639900000008,66.0,T8
2025-04-01 20:51:00,639100000007,639900000000,67.0,T9
2025-05-02 21:54:00,639100000008,639900000001,68.0,T10
2025-06-03 22:57:00,639100000009,639900000002,69.0,T11
2025-01-04 23:00:00,639100000000,639900000003,10.0,T0
2025-02-05 24:03:00,639100000001,639900000004,11.0,T1
2025-03-06 25:06:00,639100000002,639900000005,12.0,T2
2025-04-07 26:09:00,639100000003,639900000006,13.0,T3
2025-05-08 27:12:00,639100000004,639900000007,14.0,T4
2025-06-09 28:15:00,639100000005,639900000008,15.0,T5
2025-01-10 20:18:00,639100000006,639900000000,16.0,T6
2025-02-11 21:21:00,639100000007,639900000001,17.0,T7
2025-03-12 22:24:00,639100000008,639900000002,18.0,T8
2025-04-13 23:27:00,639100000009,639900000003,19.0,T9
2025-05-14 24:30:00,639100000000,639900000004,20.0,T10
2025-06-15 25:33:00,639100000001,639900000005,21.0,T11
2025-01-16 26:36:00,639100000002,639900000006,22.0,T0
2025-02-17 27:39:00,639100000003,639900000007,23.0,T1
2025-03-18 28:42:00,639100000004,639900000008,24.0,T2
2025-04-19 20:45:00,639100000005,639900000000,25.0,T3
2025-05-20 21:48:00,639100000006,639900000001,26.0,T4
2025-06-21 22:51:00,639100000007,639900000002,27.0,T5
2025-01-22 23:54:00,639100000008,639900000003,28.0,T6
2025-02-23 24:57:00,639100000009,639900000004,29.0,T7
2025-03-24 25:00:00,639100000000,639900000005,30.0,T8
2025-04-25 26:03:00,639100000001,639900000006,31.0,T9
2025-05-26 27:06:00,639100000002,639900000007,32.0,T10
2025-06-27 28:09:00,639100000003,639900000008,33.0,T11
2025-01-01 20:12:00,639100000004,639900000000,34.0,T0
2025-02-02 21:15:00,639100000005,639900000001,35.0,T1
2025-03-03 22:18:00,639100000006,639900000002,36.0,T2
2025-04-04 23:21:00,639100000007,639900000003,37.0,T3
2025-05-05 24:24:00,639100000008,639900000004,38.0,T4
2025-06-06 25:27:00,639100000009,639900000005,39.0,T5
2025-01-07 26:30:00,639100000000,639900000006,40.0,T6
2025-02-08 27:33:00,639100000001,639900000007,41.0,T7
2025-03-09 28:36:00,639100000002,639900000008,42.0,T8
2025-04-10 20:39:00,639100000003,639900000000,43.0,T9
2025-05-11 21:42:00,639100000004,639900000001,44.0,T10
2025-06-12 22:45:00,639100000005,639900000002,45.0,T11
2025-01-13 23:48:00,639100000006,639900000003,46.0,T0
2025-02-14 24:51:00,639100000007,639900000004,47.0,T1
2025-03-15 25:54:00,639100000008,639900000005,48.0,T2
2025-04-16 26:57:00,639100000009,639900000006,49.0,T3
2025-05-17 27:00:00,639100000000,639900000007,50.0,T4
2025-06-18 28:03:00,639100000001,639900000008,51.0,T5
2025-01-19 20:06:00,639100000002,639900000000,52.0,T6
2025-02-20 21:09:00,639100000003,639900000001,53.0,T7
2025-03-21 22:12:00,639100000004,639900000002,54.0,T8
2025-04-22 23:15:00,639100000005,639900000003,55.0,T9
2025-05-23 24:18:00,639100000006,639900000004,56.0,T10
2025-06-24 25:21:00,639100000007,639900000005,57.0,T11
2025-01-25 26:24:00,639100000008,639900000006,58.0,T0
2025-02-26 27:27:00,639100000009,639900000007,59.0,T1
2025-03-27 28:30:00,639100000000,639900000008,60.0,T2
2025-04-01 20:33:00,639100000001,639900000000,61.0,T3
2025-05-02 21:36:00,639100000002,639900000001,62.0,T4
2025-06-03 22:39:00,639100000003,639900000002,63.0,T5
2025-01-04 23:42:00,639100000004,639900000003,64.0,T6
2025-02-05 24:45:00,639100000005,639900000004,65.0,T7
2025-03-06 25:48:00,639100000006,639900000005,66.0,T8
2025-04-07 26:51:00,639100000007,639900000006,67.0,T9
2025-05-08 27:54:00,639100000008,639900000007,68.0,T10
2025-06-09 28:57:00,639100000009,639900000008,69.0,T11
2025-01-10 20:00:00,639100000000,639900000000,10.0,T0
2025-02-11 21:03:00,639100000001,639900000001,11.0,T1
2025-03-12 22:06:00,639100000002,639900000002,12.0,T2
2025-04-13 23:09:00,639100000003,639900000003,13.0,T3
2025-05-14 24:12:00,639100000004,639900000004,14.0,T4
2025-06-15 25:15:00,639100000005,639900000005,15.0,T5
2025-01-16 26:18:00,639100000006,639900000006,16.0,T6
2025-02-17 27:21:00,639100000007,639900000007,17.0,T7
2025-03-18 28:24:00,639100000008,639900000008,18.0,T8
2025-04-19 20:27:00,639100000009,639900000000,19.0,T9
2025-05-20 21:30:00,639100000000,639900000001,20.0,T10
2025-06-21 22:33:00,639100000001,639900000002,21.0,T11
2025-01-22 23:36:00,639100000002,639900000003,22.0,T0
2025-02-23 24:39:00,639100000003,639900000004,23.0,T1
2025-03-24 25:42:00,639100000004,639900000005,24.0,T2
2025-04-25 26:45:00,639100000005,639900000006,25.0,T3
2025-05-26 27:48:00,639100000006,639900000007,26.0,T4
2025-06-27 28:51:00,639100000007,639900000008,27.0,T5
2025-01-01 20:54:00,639100000008,639900000000,28.0,T6
2025-02-02 21:57:00,639100000009,639900000001,29.0,T7
2025-03-03 22:00:00,639100000000,639900000002,30.0,T8
2025-04-04 23:03:00,639100000001,639900000003,31.0,T9
2025-05-05 24:06:00,639100000002,639900000004,32.0,T10
2025-06-06 25:09:00,639100000003,639900000005,33.0,T11
2025-01-07 26:12:00,639100000004,639900000006,34.0,T0
2025-02-08 27:15:00,639100000005,639900000007,35.0,T1
2025-03-09 28:18:00,639100000006,639900000008,36.0,T2
2025-04-10 20:21:00,639100000007,639900000000,37.0,T3
2025-05-11 21:24:00,639100000008,639900000001,38.0,T4
2025-06-12 22:27:00,639100000009,639900000002,39.0,T5
2025-01-13 23:30:00,639100000000,639900000003,40.0,T6
2025-02-14 24:33:00,639100000001,639900000004,41.0,T7
2025-03-15 25:36:00,639100000002,639900000005,42.0,T8
2025-04-16 26:39:00,639100000003,639900000006,43.0,T9
2025-05-17 27:42:00,639100000004,639900000007,44.0,T10
2025-06-18 28:45:00,639100000005,639900000008,45.0,T11
2025-01-19 20:48:00,639100000006,639900000000,46.0,T0
2025-02-20 21:51:00,639100000007,639900000001,47.0,T1
2025-03-21 22:54:00,639100000008,639900000002,48.0,T2
2025-04-22 23:57:00,639100000009,639900000003,49.0,T3
