date,amt,to,iban
2025-01-01 10:00:00,"$1,234.56",P0,ACCT0
2025-02-02 11:07:00,(500.00),P1,ACCT1
2025-03-03 12:14:00,"1 200,50",P2,ACCT2
2025-04-04 13:21:00,€77.00,P3,ACCT3
2025-05-05 14:28:00,"1.234,56",P4,ACCT4
2025-06-06 15:35:00,12.5 USD,P5,ACCT0
2025-01-07 16:42:00,N/A,P6,ACCT1
2025-02-08 17:49:00,—,P0,ACCT2
2025-03-09 18:56:00,0.00,P1,ACCT3
2025-04-10 10:03:00,"-1,000.25",P2,ACCT4
2025-05-11 11:10:00,"9,999.99",P3,ACCT0
2025-06-12 12:17:00,500,P4,ACCT1
2025-01-13 13:24:00,"$1,234.56",P5,ACCT2
2025-02-14 14:31:00,(500.00),P6,ACCT3
2025-03-15 15:38:00,"1 200,50",P0,ACCT4
2025-04-16 16:45:00,€77.00,P1,ACCT0
2025-05-17 17:52:00,"1.234,56",P2,ACCT1
2025-06-18 18:59:00,12.5 USD,P3,ACCT2
2025-01-19 10:06:00,N/A,P4,ACCT3
2025-02-20 11:13:00,—,P5,ACCT4
2025-03-21 12:20:00,0.00,P6,ACCT0
2025-04-22 13:27:00,"-1,000.25",P0,ACCT1
2025-05-23 14:34:00,"9,999.99",P1,ACCT2
2025-06-24 15:41:00,500,P2,ACCT3
2025-01-25 16:48:00,"$1,234.56",P3,ACCT4
2025-02-26 17:55:00,(500.00),P4,ACCT0
2025-03-27 18:02:00,"1 200,50",P5,ACCT1
2025-04-01 10:09:00,€77.00,P6,ACCT2
2025-05-02 11:16:00,"1.234,56",P0,ACCT3
2025-06-03 12:23:00,12.5 USD,P1,ACCT4
2025-01-04 13:30:00,N/A,P2,ACCT0
2025-02-05 14:37:00,—,P3,ACCT1
2025-03-06 15:44:00,0.00,P4,ACCT2
2025-04-07 16:51:00,"-1,000.25",P5,ACCT3
2025-05-08 17:58:00,"9,999.99",P6,ACCT4
2025-06-09 18:05:00,500,P0,ACCT0
2025-01-10 10:12:00,"$1,234.56",P1,ACCT1
2025-02-11 11:19:00,(500.00),P2,ACCT2
2025-03-12 12:26:00,"1 200,50",P3,ACCT3
2025-04-13 13:33:00,€77.00,P4,ACCT4
2025-05-14 14:40:00,"1.234,56",P5,ACCT0
2025-06-15 15:47:00,12.5 USD,P6,ACCT1
2025-01-16 16:54:00,N/A,P0,ACCT2
2025-02-17 17:01:00,—,P1,ACCT3
2025-03-18 18:08:00,0.00,P2,ACCT4
2025-04-19 10:15:00,"-1,000.25",P3,ACCT0
2025-05-20 11:22:00,"9,999.99",P4,ACCT1
2025-06-21 12:29:00,500,P5,ACCT2
2025-01-22 13:36:00,"$1,234.56",P6,ACCT3
2025-02-23 14:43:00,(500.00),P0,ACCT4
2025-03-24 15:50:00,"1 200,50",P1,ACCT0
2025-04-25 16:57:00,€77.00,P2,ACCT1
2025-05-26 17:04:00,"1.234,56",P3,ACCT2
2025-06-27 18:11:00,12.5 USD,P4,ACCT3
2025-01-01 10:18:00,N/A,P5,ACCT4
2025-02-02 11:25:00,—,P6,ACCT0
2025-03-03 12:32:00,0.00,P0,ACCT1
2025-04-04 13:39:00,"-1,000.25",P1,ACCT2
2025-05-05 14:46:00,"9,999.99",P2,ACCT3
2025-06-06 15:53:00,500,P3,ACCT4
2025-01-07 16:00:00,"$1,234.56",P4,ACCT0
2025-02-08 17:07:00,(500.00),P5,ACCT1
2025-03-09 18:14:00,"1 200,50",P6,ACCT2
2025-04-10 10:21:00,€77.00,P0,ACCT3
2025-05-11 11:28:00,"1.234,56",P1,ACCT4
2025-06-12 12:35:00,12.5 USD,P2,ACCT0
2025-01-13 13:42:00,N/A,P3,ACCT1
2025-02-14 14:49:00,—,P4,ACCT2
2025-03-15 15:56:00,0.00,P5,ACCT3
2025-04-16 16:03:00,"-1,000.25",P6,ACCT4
2025-05-17 17:10:00,"9,999.99",P0,ACCT0
2025-06-18 18:17:00,500,P1,ACCT1
2025-01-19 10:24:00,"$1,234.56",P2,ACCT2
2025-02-20 11:31:00,(500.00),P3,ACCT3
2025-03-21 12:38:00,"1 200,50",P4,ACCT4
2025-04-22 13:45:00,€77.00,P5,ACCT0
2025-05-23 14:52:00,"1.234,56",P6,ACCT1
2025-06-24 15:59:00,12.5 USD,P0,ACCT2
2025-01-25 16:06:00,N/A,P1,ACCT3
2025-02-26 17:13:00,—,P2,ACCT4
2025-01-01 10:00:00,0.00,P3,ACCT0
2025-02-02 11:07:00,"-1,000.25",P4,ACCT1
2025-03-03 12:14:00,"9,999.99",P5,ACCT2
2025-04-04 13:21:00,500,P6,ACCT3
2025-05-05 14:28:00,"$1,234.56",P0,ACCT4
2025-06-06 15:35:00,(500.00),P1,ACCT0
2025-01-07 16:42:00,"1 200,50",P2,ACCT1
2025-02-08 17:49:00,€77.00,P3,ACCT2
2025-03-09 18:56:00,"1.234,56",P4,ACCT3
2025-04-10 10:03:00,12.5 USD,P5,ACCT4
2025-05-11 11:10:00,N/A,P6,ACCT0
2025-06-12 12:17:00,—,P0,ACCT1
2025-01-13 13:24:00,0.00,P1,ACCT2
2025-02-14 14:31:00,"-1,000.25",P2,ACCT3
2025-03-15 15:38:00,"9,999.99",P3,ACCT4
2025-04-16 16:45:00,500,P4,ACCT0
2025-05-17 17:52:00,"$1,234.56",P5,ACCT1
2025-06-18 18:59:00,(500.00),P6,ACCT2
2025-01-19 10:06:00,"1 200,50",P0,ACCT3
2025-02-20 11:13:00,€77.00,P1,ACCT4
2025-03-21 12:20:00,"1.234,56",P2,ACCT0
2025-04-22 13:27:00,12.5 USD,P3,ACCT1
2025-05-23 14:34:00,N/A,P4,ACCT2
2025-06-24 15:41:00,—,P5,ACCT3
2025-01-25 16:48:00,0.00,P6,ACCT4
2025-02-26 17:55:00,"-1,000.25",P0,ACCT0
2025-03-27 18:02:00,"9,999.99",P1,ACCT1
2025-04-01 10:09:00,500,P2,ACCT2
2025-05-02 11:16:00,"$1,234.56",P3,ACCT3
2025-06-03 12:23:00,(500.00),P4,ACCT4
2025-01-04 13:30:00,"1 200,50",P5,ACCT0
2025-02-05 14:37:00,€77.00,P6,ACCT1
2025-03-06 15:44:00,"1.234,56",P0,ACCT2
2025-04-07 16:51:00,12.5 USD,P1,ACCT3
2025-05-08 17:58:00,N/A,P2,ACCT4
2025-06-09 18:05:00,—,P3,ACCT0
2025-01-10 10:12:00,0.00,P4,ACCT1
2025-02-11 11:19:00,"-1,000.25",P5,ACCT2
2025-03-12 12:26:00,"9,999.99",P6,ACCT3
2025-04-13 13:33:00,500,P0,ACCT4
2025-05-14 14:40:00,"$1,234.56",P1,ACCT0
2025-06-15 15:47:00,(500.00),P2,ACCT1
2025-01-16 16:54:00,"1 200,50",P3,ACCT2
2025-02-17 17:01:00,€77.00,P4,ACCT3
2025-03-18 18:08:00,"1.234,56",P5,ACCT4
2025-04-19 10:15:00,12.5 USD,P6,ACCT0
2025-05-20 11:22:00,N/A,P0,ACCT1
2025-06-21 12:29:00,—,P1,ACCT2
2025-01-22 13:36:00,0.00,P2,ACCT3
2025-02-23 14:43:00,"-1,000.25",P3,ACCT4
2025-03-24 15:50:00,"9,999.99",P4,ACCT0
2025-04-25 16:57:00,500,P5,ACCT1
2025-05-26 17:04:00,"$1,234.56",P6,ACCT2
2025-06-27 18:11:00,(500.00),P0,ACCT3
2025-01-01 10:18:00,"1 200,50",P1,ACCT4
2025-02-02 11:25:00,€77.00,P2,ACCT0
2025-03-03 12:32:00,"1.234,56",P3,ACCT1
2025-04-04 13:39:00,12.5 USD,P4,ACCT2
2025-05-05 14:46:00,N/A,P5,ACCT3
2025-06-06 15:53:00,—,P6,ACCT4
2025-01-07 16:00:00,0.00,P0,ACCT0
2025-02-08 17:07:00,"-1,000.25",P1,ACCT1
2025-03-09 18:14:00,"9,999.99",P2,ACCT2
2025-04-10 10:21:00,500,P3,ACCT3
2025-05-11 11:28:00,"$1,234.56",P4,ACCT4
2025-06-12 12:35:00,(500.00),P5,ACCT0
2025-01-13 13:42:00,"1 200,50",P6,ACCT1
2025-02-14 14:49:00,€77.00,P0,ACCT2
2025-03-15 15:56:00,"1.234,56",P1,ACCT3
2025-04-16 16:03:00,12.5 USD,P2,ACCT4
2025-05-17 17:10:00,N/A,P3,ACCT0
2025-06-18 18:17:00,—,P4,ACCT1
2025-01-19 10:24:00,0.00,P5,ACCT2
2025-02-20 11:31:00,"-1,000.25",P6,ACCT3
2025-03-21 12:38:00,"9,999.99",P0,ACCT4
2025-04-22 13:45:00,500,P1,ACCT0
2025-05-23 14:52:00,"$1,234.56",P2,ACCT1
2025-06-24 15:59:00,(500.00),P3,ACCT2
2025-01-25 16:06:00,"1 200,50",P4,ACCT3
2025-02-26 17:13:00,€77.00,P5,ACCT4
2025-01-01 10:00:00,"1.234,56",P6,ACCT0
2025-02-02 11:07:00,12.5 USD,P0,ACCT1
2025-03-03 12:14:00,N/A,P1,ACCT2
2025-04-04 13:21:00,—,P2,ACCT3
2025-05-05 14:28:00,0.00,P3,ACCT4
2025-06-06 15:35:00,"-1,000.25",P4,ACCT0
2025-01-07 16:42:00,"9,999.99",P5,ACCT1
2025-02-08 17:49:00,500,P6,ACCT2
2025-03-09 18:56:00,"$1,234.56",P0,ACCT3
2025-04-10 10:03:00,(500.00),P1,ACCT4
2025-05-11 11:10:00,"1 200,50",P2,ACCT0
2025-06-12 12:17:00,€77.00,P3,ACCT1
2025-01-13 13:24:00,"1.234,56",P4,ACCT2
2025-02-14 14:31:00,12.5 USD,P5,ACCT3
2025-03-15 15:38:00,N/A,P6,ACCT4
2025-04-16 16:45:00,—,P0,ACCT0
2025-05-17 17:52:00,0.00,P1,ACCT1
2025-06-18 18:59:00,"-1,000.25",P2,ACCT2
2025-01-19 10:06:00,"9,999.99",P3,ACCT3
2025-02-20 11:13:00,500,P4,ACCT4
2025-03-21 12:20:00,"$1,234.56",P5,ACCT0
2025-04-22 13:27:00,(500.00),P6,ACCT1
2025-05-23 14:34:00,"1 200,50",P0,ACCT2
2025-06-24 15:41:00,€77.00,P1,ACCT3
2025-01-25 16:48:00,"1.234,56",P2,ACCT4
2025-02-26 17:55:00,12.5 USD,P3,ACCT0
2025-03-27 18:02:00,N/A,P4,ACCT1
2025-04-01 10:09:00,—,P5,ACCT2
2025-05-02 11:16:00,0.00,P6,ACCT3
2025-06-03 12:23:00,"-1,000.25",P0,ACCT4
2025-01-04 13:30:00,"9,999.99",P1,ACCT0
2025-02-05 14:37:00,500,P2,ACCT1
2025-03-06 15:44:00,"$1,234.56",P3,ACCT2
2025-04-07 16:51:00,(500.00),P4,ACCT3
2025-05-08 17:58:00,"1 200,50",P5,ACCT4
2025-06-09 18:05:00,€77.00,P6,ACCT0
2025-01-10 10:12:00,"1.234,56",P0,ACCT1
2025-02-11 11:19:00,12.5 USD,P1,ACCT2
2025-03-12 12:26:00,N/A,P2,ACCT3
2025-04-13 13:33:00,—,P3,ACCT4
