fecha,monto,beneficiario,cuenta,sucursal
2025-01-01 10:00:00,100.0,P0,ACCT0,BR0
2025-02-02 11:07:00,107.5,P1,ACCT1,BR1
2025-03-03 12:14:00,115.0,P2,ACCT2,BR2
2025-04-04 13:21:00,122.5,P3,ACCT3,BR3
2025-05-05 14:28:00,130.0,P4,ACCT4,BR0
2025-06-06 15:35:00,137.5,P5,ACCT0,BR1
2025-01-07 16:42:00,145.0,P6,ACCT1,BR2
2025-02-08 17:49:00,152.5,P0,ACCT2,BR3
2025-03-09 18:56:00,160.0,P1,ACCT3,BR0
2025-04-10 10:03:00,167.5,P2,ACCT4,BR1
2025-05-11 11:10:00,175.0,P3,ACCT0,BR2
2025-06-12 12:17:00,182.5,P4,ACCT1,BR3
2025-01-13 13:24:00,190.0,P5,ACCT2,BR0
2025-02-14 14:31:00,197.5,P6,ACCT3,BR1
2025-03-15 15:38:00,205.0,P0,ACCT4,BR2
2025-04-16 16:45:00,212.5,P1,ACCT0,BR3
2025-05-17 17:52:00,220.0,P2,ACCT1,BR0
2025-06-18 18:59:00,227.5,P3,ACCT2,BR1
2025-01-19 10:06:00,235.0,P4,ACCT3,BR2
2025-02-20 11:13:00,242.5,P5,ACCT4,BR3
2025-03-21 12:20:00,250.0,P6,ACCT0,BR0
2025-04-22 13:27:00,257.5,P0,ACCT1,BR1
2025-05-23 14:34:00,265.0,P1,ACCT2,BR2
2025-06-24 15:41:00,272.5,P2,ACCT3,BR3
2025-01-25 16:48:00,280.0,P3,ACCT4,BR0
2025-02-26 17:55:00,287.5,P4,ACCT0,BR1
2025-03-27 18:02:00,295.0,P5,ACCT1,BR2
2025-04-01 10:09:00,302.5,P6,ACCT2,BR3
2025-05-02 11:16:00,310.0,P0,ACCT3,BR0
2025-06-03 12:23:00,317.5,P1,ACCT4,BR1
2025-01-04 13:30:00,325.0,P2,ACCT0,BR2
2025-02-05 14:37:00,332.5,P3,ACCT1,BR3
2025-03-06 15:44:00,340.0,P4,ACCT2,BR0
2025-04-07 16:51:00,347.5,P5,ACCT3,BR1
2025-05-08 17:58:00,355.0,P6,ACCT4,BR2
2025-06-09 18:05:00,362.5,P0,ACCT0,BR3
2025-01-10 10:12:00,370.0,P1,ACCT1,BR0
2025-02-11 11:19:00,377.5,P2,ACCT2,BR1
2025-03-12 12:26:00,385.0,P3,ACCT3,BR2
2025-04-13 13:33:00,392.5,P4,ACCT4,BR3
2025-05-14 14:40:00,400.0,P5,ACCT0,BR0
2025-06-15 15:47:00,407.5,P6,ACCT1,BR1
2025-01-16 16:54:00,415.0,P0,ACCT2,BR2
2025-02-17 17:01:00,422.5,P1,ACCT3,BR3
2025-03-18 18:08:00,430.0,P2,ACCT4,BR0
2025-04-19 10:15:00,437.5,P3,ACCT0,BR1
2025-05-20 11:22:00,445.0,P4,ACCT1,BR2
2025-06-21 12:29:00,452.5,P5,ACCT2,BR3
2025-01-22 13:36:00,460.0,P6,ACCT3,BR0
2025-02-23 14:43:00,467.5,P0,ACCT4,BR1
2025-03-24 15:50:00,475.0,P1,ACCT0,BR2
2025-04-25 16:57:00,482.5,P2,ACCT1,BR3
2025-05-26 17:04:00,490.0,P3,ACCT2,BR0
2025-06-27 18:11:00,497.5,P4,ACCT3,BR1
2025-01-01 10:18:00,505.0,P5,ACCT4,BR2
2025-02-02 11:25:00,512.5,P6,ACCT0,BR3
2025-03-03 12:32:00,520.0,P0,ACCT1,BR0
2025-04-04 13:39:00,527.5,P1,ACCT2,BR1
2025-05-05 14:46:00,535.0,P2,ACCT3,BR2
2025-06-06 15:53:00,542.5,P3,ACCT4,BR3
2025-01-07 16:00:00,550.0,P4,ACCT0,BR0
2025-02-08 17:07:00,557.5,P5,ACCT1,BR1
2025-03-09 18:14:00,565.0,P6,ACCT2,BR2
2025-04-10 10:21:00,572.5,P0,ACCT3,BR3
2025-05-11 11:28:00,580.0,P1,ACCT4,BR0
2025-06-12 12:35:00,587.5,P2,ACCT0,BR1
2025-01-13 13:42:00,595.0,P3,ACCT1,BR2
2025-02-14 14:49:00,602.5,P4,ACCT2,BR3
2025-03-15 15:56:00,610.0,P5,ACCT3,BR0
2025-04-16 16:03:00,617.5,P6,ACCT4,BR1
2025-05-17 17:10:00,625.0,P0,ACCT0,BR2
2025-06-18 18:17:00,632.5,P1,ACCT1,BR3
2025-01-19 10:24:00,640.0,P2,ACCT2,BR0
2025-02-20 11:31:00,647.5,P3,ACCT3,BR1
2025-03-21 12:38:00,655.0,P4,ACCT4,BR2
2025-04-22 13:45:00,662.5,P5,ACCT0,BR3
2025-05-23 14:52:00,670.0,P6,ACCT1,BR0
2025-06-24 15:59:00,677.5,P0,ACCT2,BR1
2025-01-25 16:06:00,685.0,P1,ACCT3,BR2
2025-02-26 17:13:00,692.5,P2,ACCT4,BR3
2025-01-01 10:00:00,700.0,P3,ACCT0,BR0
2025-02-02 11:07:00,707.5,P4,ACCT1,BR1
2025-03-03 12:14:00,715.0,P5,ACCT2,BR2
2025-04-04 13:21:00,722.5,P6,ACCT3,BR3
2025-05-05 14:28:00,730.0,P0,ACCT4,BR0
2025-06-06 15:35:00,737.5,P1,ACCT0,BR1
2025-01-07 16:42:00,745.0,P2,ACCT1,BR2
2025-02-08 17:49:00,752.5,P3,ACCT2,BR3
2025-03-09 18:56:00,760.0,P4,ACCT3,BR0
2025-04-10 10:03:00,767.5,P5,ACCT4,BR1
2025-05-11 11:10:00,775.0,P6,ACCT0,BR2
2025-06-12 12:17:00,782.5,P0,ACCT1,BR3
2025-01-13 13:24:00,790.0,P1,ACCT2,BR0
2025-02-14 14:31:00,797.5,P2,ACCT3,BR1
2025-03-15 15:38:00,805.0,P3,ACCT4,BR2
2025-04-16 16:45:00,812.5,P4,ACCT0,BR3
2025-05-17 17:52:00,820.0,P5,ACCT1,BR0
2025-06-18 18:59:00,827.5,P6,ACCT2,BR1
2025-01-19 10:06:00,835.0,P0,ACCT3,BR2
2025-02-20 11:13:00,842.5,P1,ACCT4,BR3
2025-03-21 12:20:00,850.0,P2,ACCT0,BR0
2025-04-22 13:27:00,857.5,P3,ACCT1,BR1
2025-05-23 14:34:00,865.0,P4,ACCT2,BR2
2025-06-24 15:41:00,872.5,P5,ACCT3,BR3
2025-01-25 16:48:00,880.0,P6,ACCT4,BR0
2025-02-26 17:55:00,887.5,P0,ACCT0,BR1
2025-03-27 18:02:00,895.0,P1,ACCT1,BR2
2025-04-01 10:09:00,902.5,P2,ACCT2,BR3
2025-05-02 11:16:00,910.0,P3,ACCT3,BR0
2025-06-03 12:23:00,917.5,P4,ACCT4,BR1
2025-01-04 13:30:00,925.0,P5,ACCT0,BR2
2025-02-05 14:37:00,932.5,P6,ACCT1,BR3
2025-03-06 15:44:00,940.0,P0,ACCT2,BR0
2025-04-07 16:51:00,947.5,P1,ACCT3,BR1
2025-05-08 17:58:00,955.0,P2,ACCT4,BR2
2025-06-09 18:05:00,962.5,P3,ACCT0,BR3
2025-01-10 10:12:00,970.0,P4,ACCT1,BR0
2025-02-11 11:19:00,977.5,P5,ACCT2,BR1
2025-03-12 12:26:00,985.0,P6,ACCT3,BR2
2025-04-13 13:33:00,992.5,P0,ACCT4,BR3
2025-05-14 14:40:00,1000.0,P1,ACCT0,BR0
2025-06-15 15:47:00,1007.5,P2,ACCT1,BR1
2025-01-16 16:54:00,1015.0,P3,ACCT2,BR2
2025-02-17 17:01:00,1022.5,P4,ACCT3,BR3
2025-03-18 18:08:00,1030.0,P5,ACCT4,BR0
2025-04-19 10:15:00,1037.5,P6,ACCT0,BR1
2025-05-20 11:22:00,1045.0,P0,ACCT1,BR2
2025-06-21 12:29:00,1052.5,P1,ACCT2,BR3
2025-01-22 13:36:00,1060.0,P2,ACCT3,BR0
2025-02-23 14:43:00,1067.5,P3,ACCT4,BR1
2025-03-24 15:50:00,1075.0,P4,ACCT0,BR2
2025-04-25 16:57:00,1082.5,P5,ACCT1,BR3
2025-05-26 17:04:00,1090.0,P6,ACCT2,BR0
2025-06-27 18:11:00,1097.5,P0,ACCT3,BR1
2025-01-01 10:18:00,1105.0,P1,ACCT4,BR2
2025-02-02 11:25:00,1112.5,P2,ACCT0,BR3
2025-03-03 12:32:00,1120.0,P3,ACCT1,BR0
2025-04-04 13:39:00,1127.5,P4,ACCT2,BR1
2025-05-05 14:46:00,1135.0,P5,ACCT3,BR2
2025-06-06 15:53:00,1142.5,P6,ACCT4,BR3
2025-01-07 16:00:00,1150.0,P0,ACCT0,BR0
2025-02-08 17:07:00,1157.5,P1,ACCT1,BR1
2025-03-09 18:14:00,1165.0,P2,ACCT2,BR2
2025-04-10 10:21:00,1172.5,P3,ACCT3,BR3
2025-05-11 11:28:00,1180.0,P4,ACCT4,BR0
2025-06-12 12:35:00,1187.5,P5,ACCT0,BR1
2025-01-13 13:42:00,1195.0,P6,ACCT1,BR2
2025-02-14 14:49:00,1202.5,P0,ACCT2,BR3
2025-03-15 15:56:00,1210.0,P1,ACCT3,BR0
2025-04-16 16:03:00,1217.5,P2,ACCT4,BR1
2025-05-17 17:10:00,1225.0,P3,ACCT0,BR2
2025-06-18 18:17:00,1232.5,P4,ACCT1,BR3
2025-01-19 10:24:00,1240.0,P5,ACCT2,BR0
2025-02-20 11:31:00,1247.5,P6,ACCT3,BR1
2025-03-21 12:38:00,1255.0,P0,ACCT4,BR2
2025-04-22 13:45:00,1262.5,P1,ACCT0,BR3
2025-05-23 14:52:00,1270.0,P2,ACCT1,BR0
2025-06-24 15:59:00,1277.5,P3,ACCT2,BR1
2025-01-25 16:06:00,1285.0,P4,ACCT3,BR2
2025-02-26 17:13:00,1292.5,P5,ACCT4,BR3
2025-01-01 10:00:00,1300.0,P6,ACCT0,BR0
2025-02-02 11:07:00,1307.5,P0,ACCT1,BR1
2025-03-03 12:14:00,1315.0,P1,ACCT2,BR2
2025-04-04 13:21:00,1322.5,P2,ACCT3,BR3
2025-05-05 14:28:00,1330.0,P3,ACCT4,BR0
2025-06-06 15:35:00,1337.5,P4,ACCT0,BR1
2025-01-07 16:42:00,1345.0,P5,ACCT1,BR2
2025-02-08 17:49:00,1352.5,P6,ACCT2,BR3
2025-03-09 18:56:00,1360.0,P0,ACCT3,BR0
2025-04-10 10:03:00,1367.5,P1,ACCT4,BR1
2025-05-11 11:10:00,1375.0,P2,ACCT0,BR2
2025-06-12 12:17:00,1382.5,P3,ACCT1,BR3
2025-01-13 13:24:00,1390.0,P4,ACCT2,BR0
2025-02-14 14:31:00,1397.5,P5,ACCT3,BR1
2025-03-15 15:38:00,1405.0,P6,ACCT4,BR2
2025-04-16 16:45:00,1412.5,P0,ACCT0,BR3
2025-05-17 17:52:00,1420.0,P1,ACCT1,BR0
2025-06-18 18:59:00,1427.5,P2,ACCT2,BR1
2025-01-19 10:06:00,1435.0,P3,ACCT3,BR2
2025-02-20 11:13:00,1442.5,P4,ACCT4,BR3
2025-03-21 12:20:00,1450.0,P5,ACCT0,BR0
2025-04-22 13:27:00,1457.5,P6,ACCT1,BR1
2025-05-23 14:34:00,1465.0,P0,ACCT2,BR2
2025-06-24 15:41:00,1472.5,P1,ACCT3,BR3
2025-01-25 16:48:00,1480.0,P2,ACCT4,BR0
2025-02-26 17:55:00,1487.5,P3,ACCT0,BR1
2025-03-27 18:02:00,1495.0,P4,ACCT1,BR2
2025-04-01 10:09:00,1502.5,P5,ACCT2,BR3
2025-05-02 11:16:00,1510.0,P6,ACCT3,BR0
2025-06-03 12:23:00,1517.5,P0,ACCT4,BR1
2025-01-04 13:30:00,1525.0,P1,ACCT0,BR2
2025-02-05 14:37:00,1532.5,P2,ACCT1,BR3
2025-03-06 15:44:00,1540.0,P3,ACCT2,BR0
2025-04-07 16:51:00,1547.5,P4,ACCT3,BR1
2025-05-08 17:58:00,1555.0,P5,ACCT4,BR2
2025-06-09 18:05:00,1562.5,P6,ACCT0,BR3
2025-01-10 10:12:00,1570.0,P0,ACCT1,BR0
2025-02-11 11:19:00,1577.5,P1,ACCT2,BR1
2025-03-12 12:26:00,1585.0,P2,ACCT3,BR2
2025-04-13 13:33:00,1592.5,P3,ACCT4,BR3
