fecha,monto,beneficiario,cuenta
2025-01-01 10:00:00,200.0,José Martínez,ACCT0
2025-02-02 11:07:00,201.0,José Martínez,ACCT1
2025-03-03 12:14:00,202.0,José Martínez,ACCT2
2025-04-04 13:21:00,203.0,José Martínez,ACCT3
2025-05-05 14:28:00,204.0,José Martínez,ACCT4
2025-06-06 15:35:00,205.0,José Martínez,ACCT0
2025-01-07 16:42:00,206.0,José Martínez,ACCT1
2025-02-08 17:49:00,207.0,José Martínez,ACCT2
2025-03-09 18:56:00,208.0,José Martínez,ACCT3
2025-04-10 10:03:00,209.0,José Martínez,ACCT4
2025-05-11 11:10:00,210.0,José Martínez,ACCT0
2025-06-12 12:17:00,211.0,José Martínez,ACCT1
2025-01-13 13:24:00,212.0,José Martínez,ACCT2
2025-02-14 14:31:00,213.0,José Martínez,ACCT3
2025-03-15 15:38:00,214.0,José Martínez,ACCT4
2025-04-16 16:45:00,215.0,José Martínez,ACCT0
2025-05-17 17:52:00,216.0,José Martínez,ACCT1
2025-06-18 18:59:00,217.0,José Martínez,ACCT2
2025-01-19 10:06:00,218.0,José Martínez,ACCT3
2025-02-20 11:13:00,219.0,José Martínez,ACCT4
2025-03-21 12:20:00,220.0,José Martínez,ACCT0
2025-04-22 13:27:00,221.0,José Martínez,ACCT1
2025-05-23 14:34:00,222.0,José Martínez,ACCT2
2025-06-24 15:41:00,223.0,José Martínez,ACCT3
2025-01-25 16:48:00,224.0,José Martínez,ACCT4
2025-02-26 17:55:00,225.0,José Martínez,ACCT0
2025-03-27 18:02:00,226.0,José Martínez,ACCT1
2025-04-01 10:09:00,227.0,José Martínez,ACCT2
2025-05-02 11:16:00,228.0,José Martínez,ACCT3
2025-06-03 12:23:00,229.0,José Martínez,ACCT4
2025-01-04 13:30:00,230.0,José Martínez,ACCT0
2025-02-05 14:37:00,231.0,José Martínez,ACCT1
2025-03-06 15:44:00,232.0,José Martínez,ACCT2
2025-04-07 16:51:00,233.0,José Martínez,ACCT3
2025-05-08 17:58:00,234.0,José Martínez,ACCT4
2025-06-09 18:05:00,235.0,José Martínez,ACCT0
2025-01-10 10:12:00,236.0,José Martínez,ACCT1
2025-02-11 11:19:00,237.0,José Martínez,ACCT2
2025-03-12 12:26:00,238.0,José Martínez,ACCT3
2025-04-13 13:33:00,239.0,José Martínez,ACCT4
2025-05-14 14:40:00,240.0,José Martínez,ACCT0
2025-06-15 15:47:00,241.0,José Martínez,ACCT1
2025-01-16 16:54:00,242.0,José Martínez,ACCT2
2025-02-17 17:01:00,243.0,José Martínez,ACCT3
2025-03-18 18:08:00,244.0,José Martínez,ACCT4
2025-04-19 10:15:00,245.0,José Martínez,ACCT0
2025-05-20 11:22:00,246.0,José Martínez,ACCT1
2025-06-21 12:29:00,247.0,José Martínez,ACCT2
2025-01-22 13:36:00,248.0,José Martínez,ACCT3
2025-02-23 14:43:00,249.0,José Martínez,ACCT4
2025-03-24 15:50:00,250.0,José Martínez,ACCT0
2025-04-25 16:57:00,251.0,José Martínez,ACCT1
2025-05-26 17:04:00,252.0,José Martínez,ACCT2
2025-06-27 18:11:00,253.0,José Martínez,ACCT3
2025-01-01 10:18:00,254.0,José Martínez,ACCT4
2025-02-02 11:25:00,255.0,José Martínez,ACCT0
2025-03-03 12:32:00,256.0,José Martínez,ACCT1
2025-04-04 13:39:00,257.0,José Martínez,ACCT2
2025-05-05 14:46:00,258.0,José Martínez,ACCT3
2025-06-06 15:53:00,259.0,José Martínez,ACCT4
2025-01-07 16:00:00,260.0,José Martínez,ACCT0
2025-02-08 17:07:00,261.0,José Martínez,ACCT1
2025-03-09 18:14:00,262.0,José Martínez,ACCT2
2025-04-10 10:21:00,263.0,José Martínez,ACCT3
2025-05-11 11:28:00,264.0,José Martínez,ACCT4
2025-06-12 12:35:00,265.0,José Martínez,ACCT0
2025-01-13 13:42:00,266.0,José Martínez,ACCT1
2025-02-14 14:49:00,267.0,José Martínez,ACCT2
2025-03-15 15:56:00,268.0,José Martínez,ACCT3
2025-04-16 16:03:00,269.0,José Martínez,ACCT4
2025-05-17 17:10:00,270.0,José Martínez,ACCT0
2025-06-18 18:17:00,271.0,José Martínez,ACCT1
2025-01-19 10:24:00,272.0,José Martínez,ACCT2
2025-02-20 11:31:00,273.0,José Martínez,ACCT3
2025-03-21 12:38:00,274.0,José Martínez,ACCT4
2025-04-22 13:45:00,275.0,José Martínez,ACCT0
2025-05-23 14:52:00,276.0,José Martínez,ACCT1
2025-06-24 15:59:00,277.0,José Martínez,ACCT2
2025-01-25 16:06:00,278.0,José Martínez,ACCT3
2025-02-26 17:13:00,279.0,José Martínez,ACCT4
2025-01-01 10:00:00,280.0,José Martínez,ACCT0
2025-02-02 11:07:00,281.0,José Martínez,ACCT1
2025-03-03 12:14:00,282.0,José Martínez,ACCT2
2025-04-04 13:21:00,283.0,José Martínez,ACCT3
2025-05-05 14:28:00,284.0,José Martínez,ACCT4
2025-06-06 15:35:00,285.0,José Martínez,ACCT0
2025-01-07 16:42:00,286.0,José Martínez,ACCT1
2025-02-08 17:49:00,287.0,José Martínez,ACCT2
2025-03-09 18:56:00,288.0,José Martínez,ACCT3
2025-04-10 10:03:00,289.0,José Martínez,ACCT4
2025-05-11 11:10:00,290.0,José Martínez,ACCT0
2025-06-12 12:17:00,291.0,José Martínez,ACCT1
2025-01-13 13:24:00,292.0,José Martínez,ACCT2
2025-02-14 14:31:00,293.0,José Martínez,ACCT3
2025-03-15 15:38:00,294.0,José Martínez,ACCT4
2025-04-16 16:45:00,295.0,José Martínez,ACCT0
2025-05-17 17:52:00,296.0,José Martínez,ACCT1
2025-06-18 18:59:00,297.0,José Martínez,ACCT2
2025-01-19 10:06:00,298.0,José Martínez,ACCT3
2025-02-20 11:13:00,299.0,José Martínez,ACCT4
2025-03-21 12:20:00,300.0,José Martínez,ACCT0
2025-04-22 13:27:00,301.0,José Martínez,ACCT1
2025-05-23 14:34:00,302.0,José Martínez,ACCT2
2025-06-24 15:41:00,303.0,José Martínez,ACCT3
2025-01-25 16:48:00,304.0,José Martínez,ACCT4
2025-02-26 17:55:00,305.0,José Martínez,ACCT0
2025-03-27 18:02:00,306.0,José Martínez,ACCT1
2025-04-01 10:09:00,307.0,José Martínez,ACCT2
2025-05-02 11:16:00,308.0,José Martínez,ACCT3
2025-06-03 12:23:00,309.0,José Martínez,ACCT4
2025-01-04 13:30:00,310.0,José Martínez,ACCT0
2025-02-05 14:37:00,311.0,José Martínez,ACCT1
2025-03-06 15:44:00,312.0,José Martínez,ACCT2
2025-04-07 16:51:00,313.0,José Martínez,ACCT3
2025-05-08 17:58:00,314.0,José Martínez,ACCT4
2025-06-09 18:05:00,315.0,José Martínez,ACCT0
2025-01-10 10:12:00,316.0,José Martínez,ACCT1
2025-02-11 11:19:00,317.0,José Martínez,ACCT2
2025-03-12 12:26:00,318.0,José Martínez,ACCT3
2025-04-13 13:33:00,319.0,José Martínez,ACCT4
2025-05-14 14:40:00,320.0,José Martínez,ACCT0
2025-06-15 15:47:00,321.0,José Martínez,ACCT1
2025-01-16 16:54:00,322.0,José Martínez,ACCT2
2025-02-17 17:01:00,323.0,José Martínez,ACCT3
2025-03-18 18:08:00,324.0,José Martínez,ACCT4
2025-04-19 10:15:00,325.0,José Martínez,ACCT0
2025-05-20 11:22:00,326.0,José Martínez,ACCT1
2025-06-21 12:29:00,327.0,José Martínez,ACCT2
2025-01-22 13:36:00,328.0,José Martínez,ACCT3
2025-02-23 14:43:00,329.0,José Martínez,ACCT4
2025-03-24 15:50:00,330.0,José Martínez,ACCT0
2025-04-25 16:57:00,331.0,José Martínez,ACCT1
2025-05-26 17:04:00,332.0,José Martínez,ACCT2
2025-06-27 18:11:00,333.0,José Martínez,ACCT3
2025-01-01 10:18:00,334.0,José Martínez,ACCT4
2025-02-02 11:25:00,335.0,José Martínez,ACCT0
2025-03-03 12:32:00,336.0,José Martínez,ACCT1
2025-04-04 13:39:00,337.0,José Martínez,ACCT2
2025-05-05 14:46:00,338.0,José Martínez,ACCT3
2025-06-06 15:53:00,339.0,José Martínez,ACCT4
2025-01-07 16:00:00,340.0,José Martínez,ACCT0
2025-02-08 17:07:00,341.0,José Martínez,ACCT1
2025-03-09 18:14:00,342.0,José Martínez,ACCT2
2025-04-10 10:21:00,343.0,José Martínez,ACCT3
2025-05-11 11:28:00,344.0,José Martínez,ACCT4
2025-06-12 12:35:00,345.0,José Martínez,ACCT0
2025-01-13 13:42:00,346.0,José Martínez,ACCT1
2025-02-14 14:49:00,347.0,José Martínez,ACCT2
2025-03-15 15:56:00,348.0,José Martínez,ACCT3
2025-04-16 16:03:00,349.0,José Martínez,ACCT4
2025-05-17 17:10:00,350.0,José Martínez,ACCT0
2025-06-18 18:17:00,351.0,José Martínez,ACCT1
2025-01-19 10:24:00,352.0,José Martínez,ACCT2
2025-02-20 11:31:00,353.0,José Martínez,ACCT3
2025-03-21 12:38:00,354.0,José Martínez,ACCT4
2025-04-22 13:45:00,355.0,José Martínez,ACCT0
2025-05-23 14:52:00,356.0,José Martínez,ACCT1
2025-06-24 15:59:00,357.0,José Martínez,ACCT2
2025-01-25 16:06:00,358.0,José Martínez,ACCT3
2025-02-26 17:13:00,359.0,José Martínez,ACCT4
2025-01-01 10:00:00,360.0,José Martínez,ACCT0
2025-02-02 11:07:00,361.0,José Martínez,ACCT1
2025-03-03 12:14:00,362.0,José Martínez,ACCT2
2025-04-04 13:21:00,363.0,José Martínez,ACCT3
2025-05-05 14:28:00,364.0,José Martínez,ACCT4
2025-06-06 15:35:00,365.0,José Martínez,ACCT0
2025-01-07 16:42:00,366.0,José Martínez,ACCT1
2025-02-08 17:49:00,367.0,José Martínez,ACCT2
2025-03-09 18:56:00,368.0,José Martínez,ACCT3
2025-04-10 10:03:00,369.0,José Martínez,ACCT4
2025-05-11 11:10:00,370.0,José Martínez,ACCT0
2025-06-12 12:17:00,371.0,José Martínez,ACCT1
2025-01-13 13:24:00,372.0,José Martínez,ACCT2
2025-02-14 14:31:00,373.0,José Martínez,ACCT3
2025-03-15 15:38:00,374.0,José Martínez,ACCT4
2025-04-16 16:45:00,375.0,José Martínez,ACCT0
2025-05-17 17:52:00,376.0,José Martínez,ACCT1
2025-06-18 18:59:00,377.0,José Martínez,ACCT2
2025-01-19 10:06:00,378.0,José Martínez,ACCT3
2025-02-20 11:13:00,379.0,José Martínez,ACCT4
2025-03-21 12:20:00,380.0,José Martínez,ACCT0
2025-04-22 13:27:00,381.0,José Martínez,ACCT1
2025-05-23 14:34:00,382.0,José Martínez,ACCT2
2025-06-24 15:41:00,383.0,José Martínez,ACCT3
2025-01-25 16:48:00,384.0,José Martínez,ACCT4
2025-02-26 17:55:00,385.0,José Martínez,ACCT0
2025-03-27 18:02:00,386.0,José Martínez,ACCT1
2025-04-01 10:09:00,387.0,José Martínez,ACCT2
2025-05-02 11:16:00,388.0,José Martínez,ACCT3
2025-06-03 12:23:00,389.0,José Martínez,ACCT4
2025-01-04 13:30:00,390.0,José Martínez,ACCT0
2025-02-05 14:37:00,391.0,José Martínez,ACCT1
2025-03-06 15:44:00,392.0,José Martínez,ACCT2
2025-04-07 16:51:00,393.0,José Martínez,ACCT3
2025-05-08 17:58:00,394.0,José Martínez,ACCT4
2025-06-09 18:05:00,395.0,José Martínez,ACCT0
2025-01-10 10:12:00,396.0,José Martínez,ACCT1
2025-02-11 11:19:00,397.0,José Martínez,ACCT2
2025-03-12 12:26:00,398.0,José Martínez,ACCT3
2025-04-13 13:33:00,399.0,José Martínez,ACCT4
