when,amount,beneficiary,account_no
2025-01-05 08:15:00,100.0,P0,ACCT0
05/01/2025 08:15:00,107.5,P1,ACCT1
2025-02-14T09:30:00Z,115.0,P2,ACCT2
28/01/2025,122.5,P3,ACCT3
1739567700000,130.0,P4,ACCT4
oops-not-a-date,137.5,P5,ACCT0
2025-03-01,145.0,P6,ACCT1
01/12/2025 22:05:00,152.5,P0,ACCT2
2025-01-05 08:15:00,160.0,P1,ACCT3
05/01/2025 08:15:00,167.5,P2,ACCT4
2025-02-14T09:30:00Z,175.0,P3,ACCT0
28/01/2025,182.5,P4,ACCT1
1739567700000,190.0,P5,ACCT2
oops-not-a-date,197.5,P6,ACCT3
2025-03-01,205.0,P0,ACCT4
01/12/2025 22:05:00,212.5,P1,ACCT0
2025-01-05 08:15:00,220.0,P2,ACCT1
05/01/2025 08:15:00,227.5,P3,ACCT2
2025-02-14T09:30:00Z,235.0,P4,ACCT3
28/01/2025,242.5,P5,ACCT4
1739567700000,250.0,P6,ACCT0
oops-not-a-date,257.5,P0,ACCT1
2025-03-01,265.0,P1,ACCT2
01/12/2025 22:05:00,272.5,P2,ACCT3
2025-01-05 08:15:00,280.0,P3,ACCT4
05/01/2025 08:15:00,287.5,P4,ACCT0
2025-02-14T09:30:00Z,295.0,P5,ACCT1
28/01/2025,302.5,P6,ACCT2
1739567700000,310.0,P0,ACCT3
oops-not-a-date,317.5,P1,ACCT4
2025-03-01,325.0,P2,ACCT0
01/12/2025 22:05:00,332.5,P3,ACCT1
2025-01-05 08:15:00,340.0,P4,ACCT2
05/01/2025 08:15:00,347.5,P5,ACCT3
2025-02-14T09:30:00Z,355.0,P6,ACCT4
28/01/2025,362.5,P0,ACCT0
1739567700000,370.0,P1,ACCT1
oops-not-a-date,377.5,P2,ACCT2
2025-03-01,385.0,P3,ACCT3
01/12/2025 22:05:00,392.5,P4,ACCT4
2025-01-05 08:15:00,400.0,P5,ACCT0
05/01/2025 08:15:00,407.5,P6,ACCT1
2025-02-14T09:30:00Z,415.0,P0,ACCT2
28/01/2025,422.5,P1,ACCT3
1739567700000,430.0,P2,ACCT4
oops-not-a-date,437.5,P3,ACCT0
2025-03-01,445.0,P4,ACCT1
01/12/2025 22:05:00,452.5,P5,ACCT2
2025-01-05 08:15:00,460.0,P6,ACCT3
05/01/2025 08:15:00,467.5,P0,ACCT4
2025-02-14T09:30:00Z,475.0,P1,ACCT0
28/01/2025,482.5,P2,ACCT1
1739567700000,490.0,P3,ACCT2
oops-not-a-date,497.5,P4,ACCT3
2025-03-01,505.0,P5,ACCT4
01/12/2025 22:05:00,512.5,P6,ACCT0
2025-01-05 08:15:00,520.0,P0,ACCT1
05/01/2025 08:15:00,527.5,P1,ACCT2
2025-02-14T09:30:00Z,535.0,P2,ACCT3
28/01/2025,542.5,P3,ACCT4
1739567700000,550.0,P4,ACCT0
oops-not-a-date,557.5,P5,ACCT1
2025-03-01,565.0,P6,ACCT2
01/12/2025 22:05:00,572.5,P0,ACCT3
2025-01-05 08:15:00,580.0,P1,ACCT4
05/01/2025 08:15:00,587.5,P2,ACCT0
2025-02-14T09:30:00Z,595.0,P3,ACCT1
28/01/2025,602.5,P4,ACCT2
1739567700000,610.0,P5,ACCT3
oops-not-a-date,617.5,P6,ACCT4
2025-03-01,625.0,P0,ACCT0
01/12/2025 22:05:00,632.5,P1,ACCT1
2025-01-05 08:15:00,640.0,P2,ACCT2
05/01/2025 08:15:00,647.5,P3,ACCT3
2025-02-14T09:30:00Z,655.0,P4,ACCT4
28/01/2025,662.5,P5,ACCT0
1739567700000,670.0,P6,ACCT1
oops-not-a-date,677.5,P0,ACCT2
2025-03-01,685.0,P1,ACCT3
01/12/2025 22:05:00,692.5,P2,ACCT4
2025-01-05 08:15:00,700.0,P3,ACCT0
05/01/2025 08:15:00,707.5,P4,ACCT1
2025-02-14T09:30:00Z,715.0,P5,ACCT2
28/01/2025,722.5,P6,ACCT3
1739567700000,730.0,P0,ACCT4
oops-not-a-date,737.5,P1,ACCT0
2025-03-01,745.0,P2,ACCT1
01/12/2025 22:05:00,752.5,P3,ACCT2
2025-01-05 08:15:00,760.0,P4,ACCT3
05/01/2025 08:15:00,767.5,P5,ACCT4
2025-02-14T09:30:00Z,775.0,P6,ACCT0
28/01/2025,782.5,P0,ACCT1
1739567700000,790.0,P1,ACCT2
oops-not-a-date,797.5,P2,ACCT3
2025-03-01,805.0,P3,ACCT4
01/12/2025 22:05:00,812.5,P4,ACCT0
2025-01-05 08:15:00,820.0,P5,ACCT1
05/01/2025 08:15:00,827.5,P6,ACCT2
2025-02-14T09:30:00Z,835.0,P0,ACCT3
28/01/2025,842.5,P1,ACCT4
1739567700000,850.0,P2,ACCT0
oops-not-a-date,857.5,P3,ACCT1
2025-03-01,865.0,P4,ACCT2
01/12/2025 22:05:00,872.5,P5,ACCT3
2025-01-05 08:15:00,880.0,P6,ACCT4
05/01/2025 08:15:00,887.5,P0,ACCT0
2025-02-14T09:30:00Z,895.0,P1,ACCT1
28/01/2025,902.5,P2,ACCT2
1739567700000,910.0,P3,ACCT3
oops-not-a-date,917.5,P4,ACCT4
2025-03-01,925.0,P5,ACCT0
01/12/2025 22:05:00,932.5,P6,ACCT1
2025-01-05 08:15:00,940.0,P0,ACCT2
05/01/2025 08:15:00,947.5,P1,ACCT3
2025-02-14T09:30:00Z,955.0,P2,ACCT4
28/01/2025,962.5,P3,ACCT0
1739567700000,970.0,P4,ACCT1
oops-not-a-date,977.5,P5,ACCT2
2025-03-01,985.0,P6,ACCT3
01/12/2025 22:05:00,992.5,P0,ACCT4
2025-01-05 08:15:00,1000.0,P1,ACCT0
05/01/2025 08:15:00,1007.5,P2,ACCT1
2025-02-14T09:30:00Z,1015.0,P3,ACCT2
28/01/2025,1022.5,P4,ACCT3
1739567700000,1030.0,P5,ACCT4
oops-not-a-date,1037.5,P6,ACCT0
2025-03-01,1045.0,P0,ACCT1
01/12/2025 22:05:00,1052.5,P1,ACCT2
2025-01-05 08:15:00,1060.0,P2,ACCT3
05/01/2025 08:15:00,1067.5,P3,ACCT4
2025-02-14T09:30:00Z,1075.0,P4,ACCT0
28/01/2025,1082.5,P5,ACCT1
1739567700000,1090.0,P6,ACCT2
oops-not-a-date,1097.5,P0,ACCT3
2025-03-01,1105.0,P1,ACCT4
01/12/2025 22:05:00,1112.5,P2,ACCT0
2025-01-05 08:15:00,1120.0,P3,ACCT1
05/01/2025 08:15:00,1127.5,P4,ACCT2
2025-02-14T09:30:00Z,1135.0,P5,ACCT3
28/01/2025,1142.5,P6,ACCT4
1739567700000,1150.0,P0,ACCT0
oops-not-a-date,1157.5,P1,ACCT1
2025-03-01,1165.0,P2,ACCT2
01/12/2025 22:05:00,1172.5,P3,ACCT3
2025-01-05 08:15:00,1180.0,P4,ACCT4
05/01/2025 08:15:00,1187.5,P5,ACCT0
2025-02-14T09:30:00Z,1195.0,P6,ACCT1
28/01/2025,1202.5,P0,ACCT2
1739567700000,1210.0,P1,ACCT3
oops-not-a-date,1217.5,P2,ACCT4
2025-03-01,1225.0,P3,ACCT0
01/12/2025 22:05:00,1232.5,P4,ACCT1
2025-01-05 08:15:00,1240.0,P5,ACCT2
05/01/2025 08:15:00,1247.5,P6,ACCT3
2025-02-14T09:30:00Z,1255.0,P0,ACCT4
28/01/2025,1262.5,P1,ACCT0
1739567700000,1270.0,P2,ACCT1
oops-not-a-date,1277.5,P3,ACCT2
2025-03-01,1285.0,P4,ACCT3
01/12/2025 22:05:00,1292.5,P5,ACCT4
2025-01-05 08:15:00,1300.0,P6,ACCT0
05/01/2025 08:15:00,1307.5,P0,ACCT1
2025-02-14T09:30:00Z,1315.0,P1,ACCT2
28/01/2025,1322.5,P2,ACCT3
1739567700000,1330.0,P3,ACCT4
oops-not-a-date,1337.5,P4,ACCT0
2025-03-01,1345.0,P5,ACCT1
01/12/2025 22:05:00,1352.5,P6,ACCT2
2025-01-05 08:15:00,1360.0,P0,ACCT3
05/01/2025 08:15:00,1367.5,P1,ACCT4
2025-02-14T09:30:00Z,1375.0,P2,ACCT0
28/01/2025,1382.5,P3,ACCT1
1739567700000,1390.0,P4,ACCT2
oops-not-a-date,1397.5,P5,ACCT3
2025-03-01,1405.0,P6,ACCT4
01/12/2025 22:05:00,1412.5,P0,ACCT0
2025-01-05 08:15:00,1420.0,P1,ACCT1
05/01/2025 08:15:00,1427.5,P2,ACCT2
2025-02-14T09:30:00Z,1435.0,P3,ACCT3
28/01/2025,1442.5,P4,ACCT4
1739567700000,1450.0,P5,ACCT0
oops-not-a-date,1457.5,P6,ACCT1
2025-03-01,1465.0,P0,ACCT2
01/12/2025 22:05:00,1472.5,P1,ACCT3
2025-01-05 08:15:00,1480.0,P2,ACCT4
05/01/2025 08:15:00,1487.5,P3,ACCT0
2025-02-14T09:30:00Z,1495.0,P4,ACCT1
28/01/2025,1502.5,P5,ACCT2
1739567700000,1510.0,P6,ACCT3
oops-not-a-date,1517.5,P0,ACCT4
2025-03-01,1525.0,P1,ACCT0
01/12/2025 22:05:00,1532.5,P2,ACCT1
2025-01-05 08:15:00,1540.0,P3,ACCT2
05/01/2025 08:15:00,1547.5,P4,ACCT3
2025-02-14T09:30:00Z,1555.0,P5,ACCT4
28/01/2025,1562.5,P6,ACCT0
1739567700000,1570.0,P0,ACCT1
oops-not-a-date,1577.5,P1,ACCT2
2025-03-01,1585.0,P2,ACCT3
01/12/2025 22:05:00,1592.5,P3,ACCT4
