2025-01-01 10:00:00,50.25,A0000,ACCT0
2025-02-02 11:07:00,53.35,A0001,ACCT1
2025-03-03 12:14:00,56.45,A0002,ACCT2
2025-04-04 13:21:00,59.55,A0003,ACCT3
2025-05-05 14:28:00,62.65,A0004,ACCT4
2025-06-06 15:35:00,65.75,A0000,ACCT0
2025-01-07 16:42:00,68.85,A0001,ACCT1
2025-02-08 17:49:00,71.95,A0002,ACCT2
2025-03-09 18:56:00,75.05,A0003,ACCT3
2025-04-10 10:03:00,78.15,A0004,ACCT4
2025-05-11 11:10:00,81.25,A0000,ACCT0
2025-06-12 12:17:00,84.35,A0001,ACCT1
2025-01-13 13:24:00,87.45,A0002,ACCT2
2025-02-14 14:31:00,90.55000000000001,A0003,ACCT3
2025-03-15 15:38:00,93.65,A0004,ACCT4
2025-04-16 16:45:00,96.75,A0000,ACCT0
2025-05-17 17:52:00,99.85,A0001,ACCT1
2025-06-18 18:59:00,102.95,A0002,ACCT2
2025-01-19 10:06:00,106.05000000000001,A0003,ACCT3
2025-02-20 11:13:00,109.15,A0004,ACCT4
2025-03-21 12:20:00,112.25,A0000,ACCT0
2025-04-22 13:27:00,115.35000000000001,A0001,ACCT1
2025-05-23 14:34:00,118.45,A0002,ACCT2
2025-06-24 15:41:00,121.55,A0003,ACCT3
2025-01-25 16:48:00,124.65,A0004,ACCT4
2025-02-26 17:55:00,127.75,A0000,ACCT0
2025-03-27 18:02:00,130.85000000000002,A0001,ACCT1
2025-04-01 10:09:00,133.95,A0002,ACCT2
2025-05-02 11:16:00,137.05,A0003,ACCT3
2025-06-03 12:23:00,140.15,A0004,ACCT4
2025-01-04 13:30:00,143.25,A0000,ACCT0
2025-02-05 14:37:00,146.35000000000002,A0001,ACCT1
2025-03-06 15:44:00,149.45,A0002,ACCT2
2025-04-07 16:51:00,152.55,A0003,ACCT3
2025-05-08 17:58:00,155.65,A0004,ACCT4
2025-06-09 18:05:00,158.75,A0000,ACCT0
2025-01-10 10:12:00,161.85000000000002,A0001,ACCT1
2025-02-11 11:19:00,164.95,A0002,ACCT2
2025-03-12 12:26:00,168.05,A0003,ACCT3
2025-04-13 13:33:00,171.15,A0004,ACCT4
2025-05-14 14:40:00,174.25,A0000,ACCT0
2025-06-15 15:47:00,177.35000000000002,A0001,ACCT1
2025-01-16 16:54:00,180.45000000000002,A0002,ACCT2
2025-02-17 17:01:00,183.55,A0003,ACCT3
2025-03-18 18:08:00,186.65,A0004,ACCT4
2025-04-19 10:15:00,189.75,A0000,ACCT0
2025-05-20 11:22:00,192.85,A0001,ACCT1
2025-06-21 12:29:00,195.95000000000002,A0002,ACCT2
2025-01-22 13:36:00,199.05,A0003,ACCT3
2025-02-23 14:43:00,202.15,A0004,ACCT4
2025-03-24 15:50:00,205.25,A0000,ACCT0
2025-04-25 16:57:00,208.35,A0001,ACCT1
2025-05-26 17:04:00,211.45000000000002,A0002,ACCT2
2025-06-27 18:11:00,214.55,A0003,ACCT3
2025-01-01 10:18:00,217.65,A0004,ACCT4
2025-02-02 11:25:00,220.75,A0000,ACCT0
2025-03-03 12:32:00,223.85,A0001,ACCT1
2025-04-04 13:39:00,226.95000000000002,A0002,ACCT2
2025-05-05 14:46:00,230.05,A0003,ACCT3
2025-06-06 15:53:00,233.15,A0004,ACCT4
2025-01-07 16:00:00,236.25,A0000,ACCT0
2025-02-08 17:07:00,239.35,A0001,ACCT1
2025-03-09 18:14:00,242.45000000000002,A0002,ACCT2
2025-04-10 10:21:00,245.55,A0003,ACCT3
2025-05-11 11:28:00,248.65,A0004,ACCT4
2025-06-12 12:35:00,251.75,A0000,ACCT0
2025-01-13 13:42:00,254.85,A0001,ACCT1
2025-02-14 14:49:00,257.95000000000005,A0002,ACCT2
2025-03-15 15:56:00,261.05,A0003,ACCT3
2025-04-16 16:03:00,264.15,A0004,ACCT4
2025-05-17 17:10:00,267.25,A0000,ACCT0
2025-06-18 18:17:00,270.35,A0001,ACCT1
2025-01-19 10:24:00,273.45000000000005,A0002,ACCT2
2025-02-20 11:31:00,276.55,A0003,ACCT3
2025-03-21 12:38:00,279.65,A0004,ACCT4
2025-04-22 13:45:00,282.75,A0000,ACCT0
2025-05-23 14:52:00,285.85,A0001,ACCT1
2025-06-24 15:59:00,288.95000000000005,A0002,ACCT2
2025-01-25 16:06:00,292.05,A0003,ACCT3
2025-02-26 17:13:00,295.15,A0004,ACCT4
2025-01-01 10:00:00,298.25,A0000,ACCT0
2025-02-02 11:07:00,301.35,A0001,ACCT1
2025-03-03 12:14:00,304.45000000000005,A0002,ACCT2
2025-04-04 13:21:00,307.55,A0003,ACCT3
2025-05-05 14:28:00,310.65000000000003,A0004,ACCT4
2025-06-06 15:35:00,313.75,A0000,ACCT0
2025-01-07 16:42:00,316.85,A0001,ACCT1
2025-02-08 17:49:00,319.95,A0002,ACCT2
2025-03-09 18:56:00,323.05,A0003,ACCT3
2025-04-10 10:03:00,326.15000000000003,A0004,ACCT4
2025-05-11 11:10:00,329.25,A0000,ACCT0
2025-06-12 12:17:00,332.35,A0001,ACCT1
2025-01-13 13:24:00,335.45,A0002,ACCT2
2025-02-14 14:31:00,338.55,A0003,ACCT3
2025-03-15 15:38:00,341.65000000000003,A0004,ACCT4
2025-04-16 16:45:00,344.75,A0000,ACCT0
2025-05-17 17:52:00,347.85,A0001,ACCT1
2025-06-18 18:59:00,350.95,A0002,ACCT2
2025-01-19 10:06:00,354.05,A0003,ACCT3
2025-02-20 11:13:00,357.15000000000003,A0004,ACCT4
2025-03-21 12:20:00,360.25,A0000,ACCT0
2025-04-22 13:27:00,363.35,A0001,ACCT1
2025-05-23 14:34:00,366.45,A0002,ACCT2
2025-06-24 15:41:00,369.55,A0003,ACCT3
2025-01-25 16:48:00,372.65000000000003,A0004,ACCT4
2025-02-26 17:55:00,375.75,A0000,ACCT0
2025-03-27 18:02:00,378.85,A0001,ACCT1
2025-04-01 10:09:00,381.95,A0002,ACCT2
2025-05-02 11:16:00,385.05,A0003,ACCT3
2025-06-03 12:23:00,388.15000000000003,A0004,ACCT4
2025-01-04 13:30:00,391.25,A0000,ACCT0
2025-02-05 14:37:00,394.35,A0001,ACCT1
2025-03-06 15:44:00,397.45,A0002,ACCT2
2025-04-07 16:51:00,400.55,A0003,ACCT3
2025-05-08 17:58:00,403.65000000000003,A0004,ACCT4
2025-06-09 18:05:00,406.75,A0000,ACCT0
2025-01-10 10:12:00,409.85,A0001,ACCT1
2025-02-11 11:19:00,412.95,A0002,ACCT2
2025-03-12 12:26:00,416.05,A0003,ACCT3
2025-04-13 13:33:00,419.15000000000003,A0004,ACCT4
2025-05-14 14:40:00,422.25,A0000,ACCT0
2025-06-15 15:47:00,425.35,A0001,ACCT1
2025-01-16 16:54:00,428.45,A0002,ACCT2
2025-02-17 17:01:00,431.55,A0003,ACCT3
2025-03-18 18:08:00,434.65000000000003,A0004,ACCT4
2025-04-19 10:15:00,437.75,A0000,ACCT0
2025-05-20 11:22:00,440.85,A0001,ACCT1
2025-06-21 12:29:00,443.95,A0002,ACCT2
2025-01-22 13:36:00,447.05,A0003,ACCT3
2025-02-23 14:43:00,450.15000000000003,A0004,ACCT4
2025-03-24 15:50:00,453.25,A0000,ACCT0
2025-04-25 16:57:00,456.35,A0001,ACCT1
2025-05-26 17:04:00,459.45,A0002,ACCT2
2025-06-27 18:11:00,462.55,A0003,ACCT3
2025-01-01 10:18:00,465.65000000000003,A0004,ACCT4
2025-02-02 11:25:00,468.75,A0000,ACCT0
2025-03-03 12:32:00,471.85,A0001,ACCT1
2025-04-04 13:39:00,474.95,A0002,ACCT2
2025-05-05 14:46:00,478.05,A0003,ACCT3
2025-06-06 15:53:00,481.15000000000003,A0004,ACCT4
2025-01-07 16:00:00,484.25,A0000,ACCT0
2025-02-08 17:07:00,487.35,A0001,ACCT1
2025-03-09 18:14:00,490.45,A0002,ACCT2
2025-04-10 10:21:00,493.55,A0003,ACCT3
2025-05-11 11:28:00,496.65000000000003,A0004,ACCT4
2025-06-12 12:35:00,499.75,A0000,ACCT0
2025-01-13 13:42:00,502.85,A0001,ACCT1
2025-02-14 14:49:00,505.95,A0002,ACCT2
2025-03-15 15:56:00,509.05,A0003,ACCT3
2025-04-16 16:03:00,512.1500000000001,A0004,ACCT4
2025-05-17 17:10:00,515.25,A0000,ACCT0
2025-06-18 18:17:00,518.35,A0001,ACCT1
2025-01-19 10:24:00,521.45,A0002,ACCT2
2025-02-20 11:31:00,524.55,A0003,ACCT3
2025-03-21 12:38:00,527.6500000000001,A0004,ACCT4
2025-04-22 13:45:00,530.75,A0000,ACCT0
2025-05-23 14:52:00,533.85,A0001,ACCT1
2025-06-24 15:59:00,536.95,A0002,ACCT2
2025-01-25 16:06:00,540.05,A0003,ACCT3
2025-02-26 17:13:00,543.1500000000001,A0004,ACCT4
2025-01-01 10:00:00,546.25,A0000,ACCT0
2025-02-02 11:07:00,549.35,A0001,ACCT1
2025-03-03 12:14:00,552.45,A0002,ACCT2
2025-04-04 13:21:00,555.55,A0003,ACCT3
2025-05-05 14:28:00,558.6500000000001,A0004,ACCT4
2025-06-06 15:35:00,561.75,A0000,ACCT0
2025-01-07 16:42:00,564.85,A0001,ACCT1
2025-02-08 17:49:00,567.95,A0002,ACCT2
2025-03-09 18:56:00,571.0500000000001,A0003,ACCT3
2025-04-10 10:03:00,574.15,A0004,ACCT4
2025-05-11 11:10:00,577.25,A0000,ACCT0
2025-06-12 12:17:00,580.35,A0001,ACCT1
2025-01-13 13:24:00,583.45,A0002,ACCT2
2025-02-14 14:31:00,586.5500000000001,A0003,ACCT3
2025-03-15 15:38:00,589.65,A0004,ACCT4
2025-04-16 16:45:00,592.75,A0000,ACCT0
2025-05-17 17:52:00,595.85,A0001,ACCT1
2025-06-18 18:59:00,598.95,A0002,ACCT2
2025-01-19 10:06:00,602.0500000000001,A0003,ACCT3
2025-02-20 11:13:00,605.15,A0004,ACCT4
2025-03-21 12:20:00,608.25,A0000,ACCT0
2025-04-22 13:27:00,611.35,A0001,ACCT1
2025-05-23 14:34:00,614.45,A0002,ACCT2
2025-06-24 15:41:00,617.5500000000001,A0003,ACCT3
2025-01-25 16:48:00,620.65,A0004,ACCT4
2025-02-26 17:55:00,623.75,A0000,ACCT0
2025-03-27 18:02:00,626.85,A0001,ACCT1
2025-04-01 10:09:00,629.95,A0002,ACCT2
2025-05-02 11:16:00,633.0500000000001,A0003,ACCT3
2025-06-03 12:23:00,636.15,A0004,ACCT4
2025-01-04 13:30:00,639.25,A0000,ACCT0
2025-02-05 14:37:00,642.35,A0001,ACCT1
2025-03-06 15:44:00,645.45,A0002,ACCT2
2025-04-07 16:51:00,648.5500000000001,A0003,ACCT3
2025-05-08 17:58:00,651.65,A0004,ACCT4
2025-06-09 18:05:00,654.75,A0000,ACCT0
2025-01-10 10:12:00,657.85,A0001,ACCT1
2025-02-11 11:19:00,660.95,A0002,ACCT2
2025-03-12 12:26:00,664.0500000000001,A0003,ACCT3
2025-04-13 13:33:00,667.15,A0004,ACCT4
