txn_date;amount;beneficiary;account_no;branch_code
2025-01-01 10:00:00;150.0;P0;ACCT0;BR0
2025-02-02 11:07:00;151.0;P1;ACCT1;BR1
2025-03-03 12:14:00;152.0;P2;ACCT2;BR2
2025-04-04 13:21:00;153.0;P3;ACCT3;BR3
2025-05-05 14:28:00;154.0;P4;ACCT4;BR0
2025-06-06 15:35:00;155.0;P5;ACCT0;BR1
2025-01-07 16:42:00;156.0;P6;ACCT1;BR2
2025-02-08 17:49:00;157.0;P0;ACCT2;BR3
2025-03-09 18:56:00;158.0;P1;ACCT3;BR0
2025-04-10 10:03:00;159.0;P2;ACCT4;BR1
2025-05-11 11:10:00;160.0;P3;ACCT0;BR2
2025-06-12 12:17:00;161.0;P4;ACCT1;BR3
2025-01-13 13:24:00;162.0;P5;ACCT2;BR0
2025-02-14 14:31:00;163.0;P6;ACCT3;BR1
2025-03-15 15:38:00;164.0;P0;ACCT4;BR2
2025-04-16 16:45:00;165.0;P1;ACCT0;BR3
2025-05-17 17:52:00;166.0;P2;ACCT1;BR0
2025-06-18 18:59:00;167.0;P3;ACCT2;BR1
2025-01-19 10:06:00;168.0;P4;ACCT3;BR2
2025-02-20 11:13:00;169.0;P5;ACCT4;BR3
2025-03-21 12:20:00;170.0;P6;ACCT0;BR0
2025-04-22 13:27:00;171.0;P0;ACCT1;BR1
2025-05-23 14:34:00;172.0;P1;ACCT2;BR2
2025-06-24 15:41:00;173.0;P2;ACCT3;BR3
2025-01-25 16:48:00;174.0;P3;ACCT4;BR0
2025-02-26 17:55:00;175.0;P4;ACCT0;BR1
2025-03-27 18:02:00;176.0;P5;ACCT1;BR2
2025-04-01 10:09:00;177.0;P6;ACCT2;BR3
2025-05-02 11:16:00;178.0;P0;ACCT3;BR0
2025-06-03 12:23:00;179.0;P1;ACCT4;BR1
2025-01-04 13:30:00;180.0;P2;ACCT0;BR2
2025-02-05 14:37:00;181.0;P3;ACCT1;BR3
2025-03-06 15:44:00;182.0;P4;ACCT2;BR0
2025-04-07 16:51:00;183.0;P5;ACCT3;BR1
2025-05-08 17:58:00;184.0;P6;ACCT4;BR2
2025-06-09 18:05:00;185.0;P0;ACCT0;BR3
2025-01-10 10:12:00;186.0;P1;ACCT1;BR0
2025-02-11 11:19:00;187.0;P2;ACCT2;BR1
2025-03-12 12:26:00;188.0;P3;ACCT3;BR2
2025-04-13 13:33:00;189.0;P4;ACCT4;BR3
2025-05-14 14:40:00;190.0;P5;ACCT0;BR0
2025-06-15 15:47:00;191.0;P6;ACCT1;BR1
2025-01-16 16:54:00;192.0;P0;ACCT2;BR2
2025-02-17 17:01:00;193.0;P1;ACCT3;BR3
2025-03-18 18:08:00;194.0;P2;ACCT4;BR0
2025-04-19 10:15:00;195.0;P3;ACCT0;BR1
2025-05-20 11:22:00;196.0;P4;ACCT1;BR2
2025-06-21 12:29:00;197.0;P5;ACCT2;BR3
2025-01-22 13:36:00;198.0;P6;ACCT3;BR0
2025-02-23 14:43:00;199.0;P0;ACCT4;BR1
2025-03-24 15:50:00;200.0;P1;ACCT0;BR2
2025-04-25 16:57:00;201.0;P2;ACCT1;BR3
2025-05-26 17:04:00;202.0;P3;ACCT2;BR0
2025-06-27 18:11:00;203.0;P4;ACCT3;BR1
2025-01-01 10:18:00;204.0;P5;ACCT4;BR2
2025-02-02 11:25:00;205.0;P6;ACCT0;BR3
2025-03-03 12:32:00;206.0;P0;ACCT1;BR0
2025-04-04 13:39:00;207.0;P1;ACCT2;BR1
2025-05-05 14:46:00;208.0;P2;ACCT3;BR2
2025-06-06 15:53:00;209.0;P3;ACCT4;BR3
2025-01-07 16:00:00;210.0;P4;ACCT0;BR0
2025-02-08 17:07:00;211.0;P5;ACCT1;BR1
2025-03-09 18:14:00;212.0;P6;ACCT2;BR2
2025-04-10 10:21:00;213.0;P0;ACCT3;BR3
2025-05-11 11:28:00;214.0;P1;ACCT4;BR0
2025-06-12 12:35:00;215.0;P2;ACCT0;BR1
2025-01-13 13:42:00;216.0;P3;ACCT1;BR2
2025-02-14 14:49:00;217.0;P4;ACCT2;BR3
2025-03-15 15:56:00;218.0;P5;ACCT3;BR0
2025-04-16 16:03:00;219.0;P6;ACCT4;BR1
2025-05-17 17:10:00;220.0;P0;ACCT0;BR2
2025-06-18 18:17:00;221.0;P1;ACCT1;BR3
2025-01-19 10:24:00;222.0;P2;ACCT2;BR0
2025-02-20 11:31:00;223.0;P3;ACCT3;BR1
2025-03-21 12:38:00;224.0;P4;ACCT4;BR2
2025-04-22 13:45:00;225.0;P5;ACCT0;BR3
2025-05-23 14:52:00;226.0;P6;ACCT1;BR0
2025-06-24 15:59:00;227.0;P0;ACCT2;BR1
2025-01-25 16:06:00;228.0;P1;ACCT3;BR2
2025-02-26 17:13:00;229.0;P2;ACCT4;BR3
2025-01-01 10:00:00;230.0;P3;ACCT0;BR0
2025-02-02 11:07:00;231.0;P4;ACCT1;BR1
2025-03-03 12:14:00;232.0;P5;ACCT2;BR2
2025-04-04 13:21:00;233.0;P6;ACCT3;BR3
2025-05-05 14:28:00;234.0;P0;ACCT4;BR0
2025-06-06 15:35:00;235.0;P1;ACCT0;BR1
2025-01-07 16:42:00;236.0;P2;ACCT1;BR2
2025-02-08 17:49:00;237.0;P3;ACCT2;BR3
2025-03-09 18:56:00;238.0;P4;ACCT3;BR0
2025-04-10 10:03:00;239.0;P5;ACCT4;BR1
2025-05-11 11:10:00;240.0;P6;ACCT0;BR2
2025-06-12 12:17:00;241.0;P0;ACCT1;BR3
2025-01-13 13:24:00;242.0;P1;ACCT2;BR0
2025-02-14 14:31:00;243.0;P2;ACCT3;BR1
2025-03-15 15:38:00;244.0;P3;ACCT4;BR2
2025-04-16 16:45:00;245.0;P4;ACCT0;BR3
2025-05-17 17:52:00;246.0;P5;ACCT1;BR0
2025-06-18 18:59:00;247.0;P6;ACCT2;BR1
2025-01-19 10:06:00;248.0;P0;ACCT3;BR2
2025-02-20 11:13:00;249.0;P1;ACCT4;BR3
2025-03-21 12:20:00;250.0;P2;ACCT0;BR0
2025-04-22 13:27:00;251.0;P3;ACCT1;BR1
2025-05-23 14:34:00;252.0;P4;ACCT2;BR2
2025-06-24 15:41:00;253.0;P5;ACCT3;BR3
2025-01-25 16:48:00;254.0;P6;ACCT4;BR0
2025-02-26 17:55:00;255.0;P0;ACCT0;BR1
2025-03-27 18:02:00;256.0;P1;ACCT1;BR2
2025-04-01 10:09:00;257.0;P2;ACCT2;BR3
2025-05-02 11:16:00;258.0;P3;ACCT3;BR0
2025-06-03 12:23:00;259.0;P4;ACCT4;BR1
2025-01-04 13:30:00;260.0;P5;ACCT0;BR2
2025-02-05 14:37:00;261.0;P6;ACCT1;BR3
2025-03-06 15:44:00;262.0;P0;ACCT2;BR0
2025-04-07 16:51:00;263.0;P1;ACCT3;BR1
2025-05-08 17:58:00;264.0;P2;ACCT4;BR2
2025-06-09 18:05:00;265.0;P3;ACCT0;BR3
2025-01-10 10:12:00;266.0;P4;ACCT1;BR0
2025-02-11 11:19:00;267.0;P5;ACCT2;BR1
2025-03-12 12:26:00;268.0;P6;ACCT3;BR2
2025-04-13 13:33:00;269.0;P0;ACCT4;BR3
2025-05-14 14:40:00;270.0;P1;ACCT0;BR0
2025-06-15 15:47:00;271.0;P2;ACCT1;BR1
2025-01-16 16:54:00;272.0;P3;ACCT2;BR2
2025-02-17 17:01:00;273.0;P4;ACCT3;BR3
2025-03-18 18:08:00;274.0;P5;ACCT4;BR0
2025-04-19 10:15:00;275.0;P6;ACCT0;BR1
2025-05-20 11:22:00;276.0;P0;ACCT1;BR2
2025-06-21 12:29:00;277.0;P1;ACCT2;BR3
2025-01-22 13:36:00;278.0;P2;ACCT3;BR0
2025-02-23 14:43:00;279.0;P3;ACCT4;BR1
2025-03-24 15:50:00;280.0;P4;ACCT0;BR2
2025-04-25 16:57:00;281.0;P5;ACCT1;BR3
2025-05-26 17:04:00;282.0;P6;ACCT2;BR0
2025-06-27 18:11:00;283.0;P0;ACCT3;BR1
2025-01-01 10:18:00;284.0;P1;ACCT4;BR2
2025-02-02 11:25:00;285.0;P2;ACCT0;BR3
2025-03-03 12:32:00;286.0;P3;ACCT1;BR0
2025-04-04 13:39:00;287.0;P4;ACCT2;BR1
2025-05-05 14:46:00;288.0;P5;ACCT3;BR2
2025-06-06 15:53:00;289.0;P6;ACCT4;BR3
2025-01-07 16:00:00;290.0;P0;ACCT0;BR0
2025-02-08 17:07:00;291.0;P1;ACCT1;BR1
2025-03-09 18:14:00;292.0;P2;ACCT2;BR2
2025-04-10 10:21:00;293.0;P3;ACCT3;BR3
2025-05-11 11:28:00;294.0;P4;ACCT4;BR0
2025-06-12 12:35:00;295.0;P5;ACCT0;BR1
2025-01-13 13:42:00;296.0;P6;ACCT1;BR2
2025-02-14 14:49:00;297.0;P0;ACCT2;BR3
2025-03-15 15:56:00;298.0;P1;ACCT3;BR0
2025-04-16 16:03:00;299.0;P2;ACCT4;BR1
2025-05-17 17:10:00;300.0;P3;ACCT0;BR2
2025-06-18 18:17:00;301.0;P4;ACCT1;BR3
2025-01-19 10:24:00;302.0;P5;ACCT2;BR0
2025-02-20 11:31:00;303.0;P6;ACCT3;BR1
2025-03-21 12:38:00;304.0;P0;ACCT4;BR2
2025-04-22 13:45:00;305.0;P1;ACCT0;BR3
2025-05-23 14:52:00;306.0;P2;ACCT1;BR0
2025-06-24 15:59:00;307.0;P3;ACCT2;BR1
2025-01-25 16:06:00;308.0;P4;ACCT3;BR2
2025-02-26 17:13:00;309.0;P5;ACCT4;BR3
2025-01-01 10:00:00;310.0;P6;ACCT0;BR0
2025-02-02 11:07:00;311.0;P0;ACCT1;BR1
2025-03-03 12:14:00;312.0;P1;ACCT2;BR2
2025-04-04 13:21:00;313.0;P2;ACCT3;BR3
2025-05-05 14:28:00;314.0;P3;ACCT4;BR0
2025-06-06 15:35:00;315.0;P4;ACCT0;BR1
2025-01-07 16:42:00;316.0;P5;ACCT1;BR2
2025-02-08 17:49:00;317.0;P6;ACCT2;BR3
2025-03-09 18:56:00;318.0;P0;ACCT3;BR0
2025-04-10 10:03:00;319.0;P1;ACCT4;BR1
2025-05-11 11:10:00;320.0;P2;ACCT0;BR2
2025-06-12 12:17:00;321.0;P3;ACCT1;BR3
2025-01-13 13:24:00;322.0;P4;ACCT2;BR0
2025-02-14 14:31:00;323.0;P5;ACCT3;BR1
2025-03-15 15:38:00;324.0;P6;ACCT4;BR2
2025-04-16 16:45:00;325.0;P0;ACCT0;BR3
2025-05-17 17:52:00;326.0;P1;ACCT1;BR0
2025-06-18 18:59:00;327.0;P2;ACCT2;BR1
2025-01-19 10:06:00;328.0;P3;ACCT3;BR2
2025-02-20 11:13:00;329.0;P4;ACCT4;BR3
2025-03-21 12:20:00;330.0;P5;ACCT0;BR0
2025-04-22 13:27:00;331.0;P6;ACCT1;BR1
2025-05-23 14:34:00;332.0;P0;ACCT2;BR2
2025-06-24 15:41:00;333.0;P1;ACCT3;BR3
2025-01-25 16:48:00;334.0;P2;ACCT4;BR0
2025-02-26 17:55:00;335.0;P3;ACCT0;BR1
2025-03-27 18:02:00;336.0;P4;ACCT1;BR2
2025-04-01 10:09:00;337.0;P5;ACCT2;BR3
2025-05-02 11:16:00;338.0;P6;ACCT3;BR0
2025-06-03 12:23:00;339.0;P0;ACCT4;BR1
2025-01-04 13:30:00;340.0;P1;ACCT0;BR2
2025-02-05 14:37:00;341.0;P2;ACCT1;BR3
2025-03-06 15:44:00;342.0;P3;ACCT2;BR0
2025-04-07 16:51:00;343.0;P4;ACCT3;BR1
2025-05-08 17:58:00;344.0;P5;ACCT4;BR2
2025-06-09 18:05:00;345.0;P6;ACCT0;BR3
2025-01-10 10:12:00;346.0;P0;ACCT1;BR0
2025-02-11 11:19:00;347.0;P1;ACCT2;BR1
2025-03-12 12:26:00;348.0;P2;ACCT3;BR2
2025-04-13 13:33:00;349.0;P3;ACCT4;BR3
