created_utc,username,hashtags,full_name
2025-01-01 30:00:00,@user.000,#0,Name 0
2025-02-02 31:00:00,@user.001,#1,Name 1
2025-03-03 32:00:00,@user.002,#2,Name 2
2025-04-04 33:00:00,@user.003,#3,Name 3
2025-05-05 34:00:00,@user.004,#4,Name 4
2025-06-06 35:00:00,@user.005,#5,Name 5
2025-01-07 36:00:00,@user.006,#6,Name 6
2025-02-08 37:00:00,@user.007,#0,Name 7
2025-03-09 38:00:00,@user.008,#1,Name 8
2025-04-10 30:00:00,@user.009,#2,Name 0
2025-05-11 31:00:00,@user.000,#3,Name 1
2025-06-12 32:00:00,@user.001,#4,Name 2
2025-01-13 33:00:00,@user.002,#5,Name 3
2025-02-14 34:00:00,@user.003,#6,Name 4
2025-03-15 35:00:00,@user.004,#0,Name 5
2025-04-16 36:00:00,@user.005,#1,Name 6
2025-05-17 37:00:00,@user.006,#2,Name 7
2025-06-18 38:00:00,@user.007,#3,Name 8
2025-01-19 30:00:00,@user.008,#4,Name 0
2025-02-20 31:00:00,@user.009,#5,Name 1
2025-03-21 32:00:00,@user.000,#6,Name 2
2025-04-22 33:00:00,@user.001,#0,Name 3
2025-05-23 34:00:00,@user.002,#1,Name 4
2025-06-24 35:00:00,@user.003,#2,Name 5
2025-01-25 36:00:00,@user.004,#3,Name 6
2025-02-26 37:00:00,@user.005,#4,Name 7
2025-03-27 38:00:00,@user.006,#5,Name 8
2025-04-01 30:00:00,@user.007,#6,Name 0
2025-05-02 31:00:00,@user.008,#0,Name 1
2025-06-03 32:00:00,@user.009,#1,Name 2
2025-01-04 33:00:00,@user.000,#2,Name 3
2025-02-05 34:00:00,@user.001,#3,Name 4
2025-03-06 35:00:00,@user.002,#4,Name 5
2025-04-07 36:00:00,@user.003,#5,Name 6
2025-05-08 37:00:00,@user.004,#6,Name 7
2025-06-09 38:00:00,@user.005,#0,Name 8
2025-01-10 30:00:00,@user.006,#1,Name 0
2025-02-11 31:00:00,@user.007,#2,Name 1
2025-03-12 32:00:00,@user.008,#3,Name 2
2025-04-13 33:00:00,@user.009,#4,Name 3
2025-05-14 34:00:00,@user.000,#5,Name 4
2025-06-15 35:00:00,@user.001,#6,Name 5
2025-01-16 36:00:00,@user.002,#0,Name 6
2025-02-17 37:00:00,@user.003,#1,Name 7
2025-03-18 38:00:00,@user.004,#2,Name 8
2025-04-19 30:00:00,@user.005,#3,Name 0
2025-05-20 31:00:00,@user.006,#4,Name 1
2025-06-21 32:00:00,@user.007,#5,Name 2
2025-01-22 33:00:00,@user.008,#6,Name 3
2025-02-23 34:00:00,@user.009,#0,Name 4
2025-03-24 35:00:00,@user.000,#1,Name 5
2025-04-25 36:00:00,@user.001,#2,Name 6
2025-05-26 37:00:00,@user.002,#3,Name 7
2025-06-27 38:00:00,@user.003,#4,Name 8
2025-01-01 30:00:00,@user.004,#5,Name 0
2025-02-02 31:00:00,@user.005,#6,Name 1
2025-03-03 32:00:00,@user.006,#0,Name 2
2025-04-04 33:00:00,@user.007,#1,Name 3
2025-05-05 34:00:00,@user.008,#2,Name 4
2025-06-06 35:00:00,@user.009,#3,Name 5
2025-01-07 36:00:00,@user.000,#4,Name 6
2025-02-08 37:00:00,@user.001,#5,Name 7
2025-03-09 38:00:00,@user.002,#6,Name 8
2025-04-10 30:00:00,@user.003,#0,Name 0
2025-05-11 31:00:00,@user.004,#1,Name 1
2025-06-12 32:00:00,@user.005,#2,Name 2
2025-01-13 33:00:00,@user.006,#3,Name 3
2025-02-14 34:00:00,@user.007,#4,Name 4
2025-03-15 35:00:00,@user.008,#5,Name 5
2025-04-16 36:00:00,@user.009,#6,Name 6
2025-05-17 37:00:00,@user.000,#0,Name 7
2025-06-18 38:00:00,@user.001,#1,Name 8
2025-01-19 30:00:00,@user.002,#2,Name 0
2025-02-20 31:00:00,@user.003,#3,Name 1
2025-03-21 32:00:00,@user.004,#4,Name 2
2025-04-22 33:00:00,@user.005,#5,Name 3
2025-05-23 34:00:00,@user.006,#6,Name 4
2025-06-24 35:00:00,@user.007,#0,Name 5
2025-01-25 36:00:00,@user.008,#1,Name 6
2025-02-26 37:00:00,@user.009,#2,Name 7
2025-03-27 38:00:00,@user.000,#3,Name 8
2025-04-01 30:00:00,@user.001,#4,Name 0
2025-05-02 31:00:00,@user.002,#5,Name 1
2025-06-03 32:00:00,@user.003,#6,Name 2
2025-01-04 33:00:00,@user.004,#0,Name 3
2025-02-05 34:00:00,@user.005,#1,Name 4
2025-03-06 35:00:00,@user.006,#2,Name 5
2025-04-07 36:00:00,@user.007,#3,Name 6
2025-05-08 37:00:00,@user.008,#4,Name 7
2025-06-09 38:00:00,@user.009,#5,Name 8
2025-01-10 30:00:00,@user.000,#6,Name 0
2025-02-11 31:00:00,@user.001,#0,Name 1
2025-03-12 32:00:00,@user.002,#1,Name 2
2025-04-13 33:00:00,@user.003,#2,Name 3
2025-05-14 34:00:00,@user.004,#3,Name 4
2025-06-15 35:00:00,@user.005,#4,Name 5
2025-01-16 36:00:00,@user.006,#5,Name 6
2025-02-17 37:00:00,@user.007,#6,Name 7
2025-03-18 38:00:00,@user.008,#0,Name 8
2025-04-19 30:00:00,@user.009,#1,Name 0
2025-05-20 31:00:00,@user.000,#2,Name 1
2025-06-21 32:00:00,@user.001,#3,Name 2
2025-01-22 33:00:00,@user.002,#4,Name 3
2025-02-23 34:00:00,@user.003,#5,Name 4
2025-03-24 35:00:00,@user.004,#6,Name 5
2025-04-25 36:00:00,@user.005,#0,Name 6
2025-05-26 37:00:00,@user.006,#1,Name 7
2025-06-27 38:00:00,@user.007,#2,Name 8
2025-01-01 30:00:00,@user.008,#3,Name 0
2025-02-02 31:00:00,@user.009,#4,Name 1
2025-03-03 32:00:00,@user.000,#5,Name 2
2025-04-04 33:00:00,@user.001,#6,Name 3
2025-05-05 34:00:00,@user.002,#0,Name 4
2025-06-06 35:00:00,@user.003,#1,Name 5
2025-01-07 36:00:00,@user.004,#2,Name 6
2025-02-08 37:00:00,@user.005,#3,Name 7
2025-03-09 38:00:00,@user.006,#4,Name 8
2025-04-10 30:00:00,@user.007,#5,Name 0
2025-05-11 31:00:00,@user.008,#6,Name 1
2025-06-12 32:00:00,@user.009,#0,Name 2
2025-01-13 33:00:00,@user.000,#1,Name 3
2025-02-14 34:00:00,@user.001,#2,Name 4
2025-03-15 35:00:00,@user.002,#3,Name 5
2025-04-16 36:00:00,@user.003,#4,Name 6
2025-05-17 37:00:00,@user.004,#5,Name 7
2025-06-18 38:00:00,@user.005,#6,Name 8
2025-01-19 30:00:00,@user.006,#0,Name 0
2025-02-20 31:00:00,@user.007,#1,Name 1
2025-03-21 32:00:00,@user.008,#2,Name 2
2025-04-22 33:00:00,@user.009,#3,Name 3
2025-05-23 34:00:00,@user.000,#4,Name 4
2025-06-24 35:00:00,@user.001,#5,Name 5
2025-01-25 36:00:00,@user.002,#6,Name 6
2025-02-26 37:00:00,@user.003,#0,Name 7
2025-03-27 38:00:00,@user.004,#1,Name 8
2025-04-01 30:00:00,@user.005,#2,Name 0
2025-05-02 31:00:00,@user.006,#3,Name 1
2025-06-03 32:00:00,@user.007,#4,Name 2
2025-01-04 33:00:00,@user.008,#5,Name 3
2025-02-05 34:00:00,@user.009,#6,Name 4
2025-03-06 35:00:00,@user.000,#0,Name 5
2025-04-07 36:00:00,@user.001,#1,Name 6
2025-05-08 37:00:00,@user.002,#2,Name 7
2025-06-09 38:00:00,@user.003,#3,Name 8
2025-01-10 30:00:00,@user.004,#4,Name 0
2025-02-11 31:00:00,@user.005,#5,Name 1
2025-03-12 32:00:00,@user.006,#6,Name 2
2025-04-13 33:00:00,@user.007,#0,Name 3
2025-05-14 34:00:00,@user.008,#1,Name 4
2025-06-15 35:00:00,@user.009,#2,Name 5
2025-01-16 36:00:00,@user.000,#3,Name 6
2025-02-17 37:00:00,@user.001,#4,Name 7
2025-03-18 38:00:00,@user.002,#5,Name 8
2025-04-19 30:00:00,@user.003,#6,Name 0
2025-05-20 31:00:00,@user.004,#0,Name 1
2025-06-21 32:00:00,@user.005,#1,Name 2
2025-01-22 33:00:00,@user.006,#2,Name 3
2025-02-23 34:00:00,@user.007,#3,Name 4
2025-03-24 35:00:00,@user.008,#4,Name 5
2025-04-25 36:00:00,@user.009,#5,Name 6
2025-05-26 37:00:00,@user.000,#6,Name 7
2025-06-27 38:00:00,@user.001,#0,Name 8
2025-01-01 30:00:00,@user.002,#1,Name 0
2025-02-02 31:00:00,@user.003,#2,Name 1
2025-03-03 32:00:00,@user.004,#3,Name 2
2025-04-04 33:00:00,@user.005,#4,Name 3
2025-05-05 34:00:00,@user.006,#5,Name 4
2025-06-06 35:00:00,@user.007,#6,Name 5
2025-01-07 36:00:00,@user.008,#0,Name 6
2025-02-08 37:00:00,@user.009,#1,Name 7
2025-03-09 38:00:00,@user.000,#2,Name 8
2025-04-10 30:00:00,@user.001,#3,Name 0
2025-05-11 31:00:00,@user.002,#4,Name 1
2025-06-12 32:00:00,@user.003,#5,Name 2
2025-01-13 33:00:00,@user.004,#6,Name 3
2025-02-14 34:00:00,@user.005,#0,Name 4
2025-03-15 35:00:00,@user.006,#1,Name 5
2025-04-16 36:00:00,@user.007,#2,Name 6
2025-05-17 37:00:00,@user.008,#3,Name 7
2025-06-18 38:00:00,@user.009,#4,Name 8
2025-01-19 30:00:00,@user.000,#5,Name 0
2025-02-20 31:00:00,@user.001,#6,Name 1
2025-03-21 32:00:00,@user.002,#0,Name 2
2025-04-22 33:00:00,@user.003,#1,Name 3
2025-05-23 34:00:00,@user.004,#2,Name 4
2025-06-24 35:00:00,@user.005,#3,Name 5
2025-01-25 36:00:00,@user.006,#4,Name 6
2025-02-26 37:00:00,@user.007,#5,Name 7
2025-03-27 38:00:00,@user.008,#6,Name 8
2025-04-01 30:00:00,@user.009,#0,Name 0
2025-05-02 31:00:00,@user.000,#1,Name 1
2025-06-03 32:00:00,@user.001,#2,Name 2
2025-01-04 33:00:00,@user.002,#3,Name 3
2025-02-05 34:00:00,@user.003,#4,Name 4
2025-03-06 35:00:00,@user.004,#5,Name 5
2025-04-07 36:00:00,@user.005,#6,Name 6
2025-05-08 37:00:00,@user.006,#0,Name 7
2025-06-09 38:00:00,@user.007,#1,Name 8
2025-01-10 30:00:00,@user.008,#2,Name 0
2025-02-11 31:00:00,@user.009,#3,Name 1
2025-03-12 32:00:00,@user.000,#4,Name 2
2025-04-13 33:00:00,@user.001,#5,Name 3
2025-05-14 34:00:00,@user.002,#6,Name 4
2025-06-15 35:00:00,@user.003,#0,Name 5
2025-01-16 36:00:00,@user.004,#1,Name 6
2025-02-17 37:00:00,@user.005,#2,Name 7
2025-03-18 38:00:00,@user.006,#3,Name 8
2025-04-19 30:00:00,@user.007,#4,Name 0
2025-05-20 31:00:00,@user.008,#5,Name 1
2025-06-21 32:00:00,@user.009,#6,Name 2
2025-01-22 33:00:00,@user.000,#0,Name 3
2025-02-23 34:00:00,@user.001,#1,Name 4
2025-03-24 35:00:00,@user.002,#2,Name 5
2025-04-25 36:00:00,@user.003,#3,Name 6
2025-05-26 37:00:00,@user.004,#4,Name 7
2025-06-27 38:00:00,@user.005,#5,Name 8
2025-01-01 30:00:00,@user.006,#6,Name 0
2025-02-02 31:00:00,@user.007,#0,Name 1
2025-03-03 32:00:00,@user.008,#1,Name 2
2025-04-04 33:00:00,@user.009,#2,Name 3
2025-05-05 34:00:00,@user.000,#3,Name 4
2025-06-06 35:00:00,@user.001,#4,Name 5
2025-01-07 36:00:00,@user.002,#5,Name 6
2025-02-08 37:00:00,@user.003,#6,Name 7
2025-03-09 38:00:00,@user.004,#0,Name 8
2025-04-10 30:00:00,@user.005,#1,Name 0
2025-05-11 31:00:00,@user.006,#2,Name 1
2025-06-12 32:00:00,@user.007,#3,Name 2
2025-01-13 33:00:00,@user.008,#4,Name 3
2025-02-14 34:00:00,@user.009,#5,Name 4
2025-03-15 35:00:00,@user.000,#6,Name 5
2025-04-16 36:00:00,@user.001,#0,Name 6
2025-05-17 37:00:00,@user.002,#1,Name 7
2025-06-18 38:00:00,@user.003,#2,Name 8
2025-01-19 30:00:00,@user.004,#3,Name 0
2025-02-20 31:00:00,@user.005,#4,Name 1
2025-03-21 32:00:00,@user.006,#5,Name 2
2025-04-22 33:00:00,@user.007,#6,Name 3
2025-05-23 34:00:00,@user.008,#0,Name 4
2025-06-24 35:00:00,@user.009,#1,Name 5
2025-01-25 36:00:00,@user.000,#2,Name 6
2025-02-26 37:00:00,@user.001,#3,Name 7
2025-03-27 38:00:00,@user.002,#4,Name 8
2025-04-01 30:00:00,@user.003,#5,Name 0
2025-05-02 31:00:00,@user.004,#6,Name 1
2025-06-03 32:00:00,@user.005,#0,Name 2
2025-01-04 33:00:00,@user.006,#1,Name 3
2025-02-05 34:00:00,@user.007,#2,Name 4
2025-03-06 35:00:00,@user.008,#3,Name 5
2025-04-07 36:00:00,@user.009,#4,Name 6
2025-05-08 37:00:00,@user.000,#5,Name 7
2025-06-09 38:00:00,@user.001,#6,Name 8
2025-01-10 30:00:00,@user.002,#0,Name 0
2025-02-11 31:00:00,@user.003,#1,Name 1
2025-03-12 32:00:00,@user.004,#2,Name 2
2025-04-13 33:00:00,@user.005,#3,Name 3
2025-05-14 34:00:00,@user.006,#4,Name 4
2025-06-15 35:00:00,@user.007,#5,Name 5
2025-01-16 36:00:00,@user.008,#6,Name 6
2025-02-17 37:00:00,@user.009,#0,Name 7
2025-03-18 38:00:00,@user.000,#1,Name 8
2025-04-19 30:00:00,@user.001,#2,Name 0
2025-05-20 31:00:00,@user.002,#3,Name 1
2025-06-21 32:00:00,@user.003,#4,Name 2
2025-01-22 33:00:00,@user.004,#5,Name 3
2025-02-23 34:00:00,@user.005,#6,Name 4
2025-03-24 35:00:00,@user.006,#0,Name 5
2025-04-25 36:00:00,@user.007,#1,Name 6
2025-05-26 37:00:00,@user.008,#2,Name 7
2025-06-27 38:00:00,@user.009,#3,Name 8
2025-01-01 30:00:00,@user.000,#4,Name 0
2025-02-02 31:00:00,@user.001,#5,Name 1
2025-03-03 32:00:00,@user.002,#6,Name 2
2025-04-04 33:00:00,@user.003,#0,Name 3
2025-05-05 34:00:00,@user.004,#1,Name 4
2025-06-06 35:00:00,@user.005,#2,Name 5
2025-01-07 36:00:00,@user.006,#3,Name 6
2025-02-08 37:00:00,@user.007,#4,Name 7
2025-03-09 38:00:00,@user.008,#5,Name 8
2025-04-10 30:00:00,@user.009,#6,Name 0
2025-05-11 31:00:00,@user.000,#0,Name 1
2025-06-12 32:00:00,@user.001,#1,Name 2
2025-01-13 33:00:00,@user.002,#2,Name 3
2025-02-14 34:00:00,@user.003,#3,Name 4
2025-03-15 35:00:00,@user.004,#4,Name 5
2025-04-16 36:00:00,@user.005,#5,Name 6
2025-05-17 37:00:00,@user.006,#6,Name 7
2025-06-18 38:00:00,@user.007,#0,Name 8
2025-01-19 30:00:00,@user.008,#1,Name 0
2025-02-20 31:00:00,@user.009,#2,Name 1
2025-03-21 32:00:00,@user.000,#3,Name 2
2025-04-22 33:00:00,@user.001,#4,Name 3
2025-05-23 34:00:00,@user.002,#5,Name 4
2025-06-24 35:00:00,@user.003,#6,Name 5
2025-01-25 36:00:00,@user.004,#0,Name 6
2025-02-26 37:00:00,@user.005,#1,Name 7
2025-03-27 38:00:00,@user.006,#2,Name 8
2025-04-01 30:00:00,@user.007,#3,Name 0
2025-05-02 31:00:00,@user.008,#4,Name 1
2025-06-03 32:00:00,@user.009,#5,Name 2
2025-01-04 33:00:00,@user.000,#6,Name 3
2025-02-05 34:00:00,@user.001,#0,Name 4
2025-03-06 35:00:00,@user.002,#1,Name 5
2025-04-07 36:00:00,@user.003,#2,Name 6
2025-05-08 37:00:00,@user.004,#3,Name 7
2025-06-09 38:00:00,@user.005,#4,Name 8
2025-01-10 30:00:00,@user.006,#5,Name 0
2025-02-11 31:00:00,@user.007,#6,Name 1
2025-03-12 32:00:00,@user.008,#0,Name 2
2025-04-13 33:00:00,@user.009,#1,Name 3
2025-05-14 34:00:00,@user.000,#2,Name 4
2025-06-15 35:00:00,@user.001,#3,Name 5
2025-01-16 36:00:00,@user.002,#4,Name 6
2025-02-17 37:00:00,@user.003,#5,Name 7
2025-03-18 38:00:00,@user.004,#6,Name 8
2025-04-19 30:00:00,@user.005,#0,Name 0
2025-05-20 31:00:00,@user.006,#1,Name 1
2025-06-21 32:00:00,@user.007,#2,Name 2
2025-01-22 33:00:00,@user.008,#3,Name 3
2025-02-23 34:00:00,@user.009,#4,Name 4
2025-03-24 35:00:00,@user.000,#5,Name 5
2025-04-25 36:00:00,@user.001,#6,Name 6
2025-05-26 37:00:00,@user.002,#0,Name 7
2025-06-27 38:00:00,@user.003,#1,Name 8
2025-01-01 30:00:00,@user.004,#2,Name 0
2025-02-02 31:00:00,@user.005,#3,Name 1
2025-03-03 32:00:00,@user.006,#4,Name 2
2025-04-04 33:00:00,@user.007,#5,Name 3
2025-05-05 34:00:00,@user.008,#6,Name 4
2025-06-06 35:00:00,@user.009,#0,Name 5
2025-01-07 36:00:00,@user.000,#1,Name 6
2025-02-08 37:00:00,@user.001,#2,Name 7
2025-03-09 38:00:00,@user.002,#3,Name 8
2025-04-10 30:00:00,@user.003,#4,Name 0
2025-05-11 31:00:00,@user.004,#5,Name 1
2025-06-12 32:00:00,@user.005,#6,Name 2
2025-01-13 33:00:00,@user.006,#0,Name 3
2025-02-14 34:00:00,@user.007,#1,Name 4
2025-03-15 35:00:00,@user.008,#2,Name 5
2025-04-16 36:00:00,@user.009,#3,Name 6
2025-05-17 37:00:00,@user.000,#4,Name 7
2025-06-18 38:00:00,@user.001,#5,Name 8
2025-01-19 30:00:00,@user.002,#6,Name 0
2025-02-20 31:00:00,@user.003,#0,Name 1
2025-03-21 32:00:00,@user.004,#1,Name 2
2025-04-22 33:00:00,@user.005,#2,Name 3
2025-05-23 34:00:00,@user.006,#3,Name 4
2025-06-24 35:00:00,@user.007,#4,Name 5
2025-01-25 36:00:00,@user.008,#5,Name 6
2025-02-26 37:00:00,@user.009,#6,Name 7
2025-03-27 38:00:00,@user.000,#0,Name 8
2025-04-01 30:00:00,@user.001,#1,Name 0
2025-05-02 31:00:00,@user.002,#2,Name 1
2025-06-03 32:00:00,@user.003,#3,Name 2
2025-01-04 33:00:00,@user.004,#4,Name 3
2025-02-05 34:00:00,@user.005,#5,Name 4
2025-03-06 35:00:00,@user.006,#6,Name 5
2025-04-07 36:00:00,@user.007,#0,Name 6
2025-05-08 37:00:00,@user.008,#1,Name 7
2025-06-09 38:00:00,@user.009,#2,Name 8
2025-01-10 30:00:00,@user.000,#3,Name 0
2025-02-11 31:00:00,@user.001,#4,Name 1
2025-03-12 32:00:00,@user.002,#5,Name 2
2025-04-13 33:00:00,@user.003,#6,Name 3
2025-05-14 34:00:00,@user.004,#0,Name 4
2025-06-15 35:00:00,@user.005,#1,Name 5
2025-01-16 36:00:00,@user.006,#2,Name 6
2025-02-17 37:00:00,@user.007,#3,Name 7
2025-03-18 38:00:00,@user.008,#4,Name 8
2025-04-19 30:00:00,@user.009,#5,Name 0
2025-05-20 31:00:00,@user.000,#6,Name 1
2025-06-21 32:00:00,@user.001,#0,Name 2
2025-01-22 33:00:00,@user.002,#1,Name 3
2025-02-23 34:00:00,@user.003,#2,Name 4
2025-03-24 35:00:00,@user.004,#3,Name 5
2025-04-25 36:00:00,@user.005,#4,Name 6
2025-05-26 37:00:00,@user.006,#5,Name 7
2025-06-27 38:00:00,@user.007,#6,Name 8
2025-01-01 30:00:00,@user.008,#0,Name 0
2025-02-02 31:00:00,@user.009,#1,Name 1
2025-03-03 32:00:00,@user.000,#2,Name 2
2025-04-04 33:00:00,@user.001,#3,Name 3
2025-05-05 34:00:00,@user.002,#4,Name 4
2025-06-06 35:00:00,@user.003,#5,Name 5
2025-01-07 36:00:00,@user.004,#6,Name 6
2025-02-08 37:00:00,@user.005,#0,Name 7
2025-03-09 38:00:00,@user.006,#1,Name 8
2025-04-10 30:00:00,@user.007,#2,Name 0
2025-05-11 31:00:00,@user.008,#3,Name 1
2025-06-12 32:00:00,@user.009,#4,Name 2
2025-01-13 33:00:00,@user.000,#5,Name 3
2025-02-14 34:00:00,@user.001,#6,Name 4
2025-03-15 35:00:00,@user.002,#0,Name 5
2025-04-16 36:00:00,@user.003,#1,Name 6
2025-05-17 37:00:00,@user.004,#2,Name 7
2025-06-18 38:00:00,@user.005,#3,Name 8
2025-01-19 30:00:00,@user.006,#4,Name 0
2025-02-20 31:00:00,@user.007,#5,Name 1
2025-03-21 32:00:00,@user.008,#6,Name 2
2025-04-22 33:00:00,@user.009,#0,Name 3
