txn_date,amount,beneficiary,account_no
2025-01-01 10:00:00,100.0,P0,ACCT0
2025-02-02 11:00:00,103.0,P1,ACCT1
2025-03-03 12:00:00,106.0,P2,ACCT2
2025-04-04 13:00:00,109.0,P3,ACCT3
2025-01-05 14:00:00,112.0,P4,ACCT4
2025-02-06 15:00:00,115.0,P5,ACCT5
2025-03-07 16:00:00,118.0,P6,ACCT0
2025-04-08 17:00:00,121.0,P7,ACCT1
2025-01-09 18:00:00,124.0,P8,ACCT2
2025-02-10 10:00:00,127.0,P9,ACCT3
2025-03-11 11:00:00,130.0,P0,ACCT4
2025-04-12 12:00:00,133.0,P1,ACCT5
2025-01-13 13:00:00,136.0,P2,ACCT0
2025-02-14 14:00:00,139.0,P3,ACCT1
2025-03-15 15:00:00,142.0,P4,ACCT2
2025-04-16 16:00:00,145.0,P5,ACCT3
2025-01-17 17:00:00,148.0,P6,ACCT4
2025-02-18 18:00:00,151.0,P7,ACCT5
2025-03-19 10:00:00,154.0,P8,ACCT0
2025-04-20 11:00:00,157.0,P9,ACCT1
2025-01-21 12:00:00,160.0,P0,ACCT2
2025-02-22 13:00:00,163.0,P1,ACCT3
2025-03-23 14:00:00,166.0,P2,ACCT4
2025-04-24 15:00:00,169.0,P3,ACCT5
2025-01-25 16:00:00,172.0,P4,ACCT0
2025-02-26 17:00:00,175.0,P5,ACCT1
2025-03-27 18:00:00,178.0,P6,ACCT2
2025-04-01 10:00:00,181.0,P7,ACCT3
2025-01-02 11:00:00,184.0,P8,ACCT4
2025-02-03 12:00:00,187.0,P9,ACCT5
2025-03-04 13:00:00,190.0,P0,ACCT0
2025-04-05 14:00:00,193.0,P1,ACCT1
2025-01-06 15:00:00,196.0,P2,ACCT2
2025-02-07 16:00:00,199.0,P3,ACCT3
2025-03-08 17:00:00,202.0,P4,ACCT4
2025-04-09 18:00:00,205.0,P5,ACCT5
2025-01-10 10:00:00,208.0,P6,ACCT0
2025-02-11 11:00:00,211.0,P7,ACCT1
2025-03-12 12:00:00,214.0,P8,ACCT2
2025-04-13 13:00:00,217.0,P9,ACCT3
2025-01-14 14:00:00,220.0,P0,ACCT4
2025-02-15 15:00:00,223.0,P1,ACCT5
2025-03-16 16:00:00,226.0,P2,ACCT0
2025-04-17 17:00:00,229.0,P3,ACCT1
2025-01-18 18:00:00,232.0,P4,ACCT2
2025-02-19 10:00:00,235.0,P5,ACCT3
2025-03-20 11:00:00,238.0,P6,ACCT4
2025-04-21 12:00:00,241.0,P7,ACCT5
2025-01-22 13:00:00,244.0,P8,ACCT0
2025-02-23 14:00:00,247.0,P9,ACCT1
2025-03-24 15:00:00,250.0,P0,ACCT2
2025-04-25 16:00:00,253.0,P1,ACCT3
2025-01-26 17:00:00,256.0,P2,ACCT4
2025-02-27 18:00:00,259.0,P3,ACCT5
2025-03-01 10:00:00,262.0,P4,ACCT0
2025-04-02 11:00:00,265.0,P5,ACCT1
2025-01-03 12:00:00,268.0,P6,ACCT2
2025-02-04 13:00:00,271.0,P7,ACCT3
2025-03-05 14:00:00,274.0,P8,ACCT4
2025-04-06 15:00:00,277.0,P9,ACCT5
2025-01-07 16:00:00,280.0,P0,ACCT0
2025-02-08 17:00:00,283.0,P1,ACCT1
2025-03-09 18:00:00,286.0,P2,ACCT2
2025-04-10 10:00:00,289.0,P3,ACCT3
2025-01-11 11:00:00,292.0,P4,ACCT4
2025-02-12 12:00:00,295.0,P5,ACCT5
2025-03-13 13:00:00,298.0,P6,ACCT0
2025-04-14 14:00:00,301.0,P7,ACCT1
2025-01-15 15:00:00,304.0,P8,ACCT2
2025-02-16 16:00:00,307.0,P9,ACCT3
2025-03-17 17:00:00,310.0,P0,ACCT4
2025-04-18 18:00:00,313.0,P1,ACCT5
