epoch_ts,amount,to_account,account_no
1735689600,100.0,P0,ACCT0
1735696800,107.5,P1,ACCT1
1735704000,115.0,P2,ACCT2
1735711200,122.5,P3,ACCT3
1735718400,130.0,P4,ACCT4
1735725600,137.5,P5,ACCT0
1735732800,145.0,P6,ACCT1
1735740000,152.5,P0,ACCT2
1735747200,160.0,P1,ACCT3
1735754400,167.5,P2,ACCT4
1735761600,175.0,P3,ACCT0
1735768800,182.5,P4,ACCT1
1735776000,190.0,P5,ACCT2
1735783200,197.5,P6,ACCT3
1735790400,205.0,P0,ACCT4
1735797600,212.5,P1,ACCT0
1735804800,220.0,P2,ACCT1
1735812000,227.5,P3,ACCT2
1735819200,235.0,P4,ACCT3
1735826400,242.5,P5,ACCT4
1735833600,250.0,P6,ACCT0
1735840800,257.5,P0,ACCT1
1735848000,265.0,P1,ACCT2
1735855200,272.5,P2,ACCT3
1735862400,280.0,P3,ACCT4
1735869600,287.5,P4,ACCT0
1735876800,295.0,P5,ACCT1
1735884000,302.5,P6,ACCT2
1735891200,310.0,P0,ACCT3
1735898400,317.5,P1,ACCT4
1735905600,325.0,P2,ACCT0
1735912800,332.5,P3,ACCT1
1735920000,340.0,P4,ACCT2
1735927200,347.5,P5,ACCT3
1735934400,355.0,P6,ACCT4
1735941600,362.5,P0,ACCT0
1735948800,370.0,P1,ACCT1
1735956000,377.5,P2,ACCT2
1735963200,385.0,P3,ACCT3
1735970400,392.5,P4,ACCT4
1735977600,400.0,P5,ACCT0
1735984800,407.5,P6,ACCT1
1735992000,415.0,P0,ACCT2
1735999200,422.5,P1,ACCT3
1736006400,430.0,P2,ACCT4
1736013600,437.5,P3,ACCT0
1736020800,445.0,P4,ACCT1
1736028000,452.5,P5,ACCT2
1736035200,460.0,P6,ACCT3
1736042400,467.5,P0,ACCT4
1736049600,475.0,P1,ACCT0
1736056800,482.5,P2,ACCT1
1736064000,490.0,P3,ACCT2
1736071200,497.5,P4,ACCT3
1736078400,505.0,P5,ACCT4
1736085600,512.5,P6,ACCT0
1736092800,520.0,P0,ACCT1
1736100000,527.5,P1,ACCT2
1736107200,535.0,P2,ACCT3
1736114400,542.5,P3,ACCT4
1736121600,550.0,P4,ACCT0
1736128800,557.5,P5,ACCT1
1736136000,565.0,P6,ACCT2
1736143200,572.5,P0,ACCT3
1736150400,580.0,P1,ACCT4
1736157600,587.5,P2,ACCT0
1736164800,595.0,P3,ACCT1
1736172000,602.5,P4,ACCT2
1736179200,610.0,P5,ACCT3
1736186400,617.5,P6,ACCT4
1736193600,625.0,P0,ACCT0
1736200800,632.5,P1,ACCT1
1736208000,640.0,P2,ACCT2
1736215200,647.5,P3,ACCT3
1736222400,655.0,P4,ACCT4
1736229600,662.5,P5,ACCT0
1736236800,670.0,P6,ACCT1
1736244000,677.5,P0,ACCT2
1736251200,685.0,P1,ACCT3
1736258400,692.5,P2,ACCT4
1736265600,700.0,P3,ACCT0
1736272800,707.5,P4,ACCT1
1736280000,715.0,P5,ACCT2
1736287200,722.5,P6,ACCT3
1736294400,730.0,P0,ACCT4
1736301600,737.5,P1,ACCT0
1736308800,745.0,P2,ACCT1
1736316000,752.5,P3,ACCT2
1736323200,760.0,P4,ACCT3
1736330400,767.5,P5,ACCT4
1736337600,775.0,P6,ACCT0
1736344800,782.5,P0,ACCT1
1736352000,790.0,P1,ACCT2
1736359200,797.5,P2,ACCT3
1736366400,805.0,P3,ACCT4
1736373600,812.5,P4,ACCT0
1736380800,820.0,P5,ACCT1
1736388000,827.5,P6,ACCT2
1736395200,835.0,P0,ACCT3
1736402400,842.5,P1,ACCT4
1736409600,850.0,P2,ACCT0
1736416800,857.5,P3,ACCT1
1736424000,865.0,P4,ACCT2
1736431200,872.5,P5,ACCT3
1736438400,880.0,P6,ACCT4
1736445600,887.5,P0,ACCT0
1736452800,895.0,P1,ACCT1
1736460000,902.5,P2,ACCT2
1736467200,910.0,P3,ACCT3
1736474400,917.5,P4,ACCT4
1736481600,925.0,P5,ACCT0
1736488800,932.5,P6,ACCT1
1736496000,940.0,P0,ACCT2
1736503200,947.5,P1,ACCT3
1736510400,955.0,P2,ACCT4
1736517600,962.5,P3,ACCT0
1736524800,970.0,P4,ACCT1
1736532000,977.5,P5,ACCT2
1736539200,985.0,P6,ACCT3
1736546400,992.5,P0,ACCT4
1736553600,1000.0,P1,ACCT0
1736560800,1007.5,P2,ACCT1
1736568000,1015.0,P3,ACCT2
1736575200,1022.5,P4,ACCT3
1736582400,1030.0,P5,ACCT4
1736589600,1037.5,P6,ACCT0
1736596800,1045.0,P0,ACCT1
1736604000,1052.5,P1,ACCT2
1736611200,1060.0,P2,ACCT3
1736618400,1067.5,P3,ACCT4
1736625600,1075.0,P4,ACCT0
1736632800,1082.5,P5,ACCT1
1736640000,1090.0,P6,ACCT2
1736647200,1097.5,P0,ACCT3
1736654400,1105.0,P1,ACCT4
1736661600,1112.5,P2,ACCT0
1736668800,1120.0,P3,ACCT1
1736676000,1127.5,P4,ACCT2
1736683200,1135.0,P5,ACCT3
1736690400,1142.5,P6,ACCT4
1736697600,1150.0,P0,ACCT0
1736704800,1157.5,P1,ACCT1
1736712000,1165.0,P2,ACCT2
1736719200,1172.5,P3,ACCT3
1736726400,1180.0,P4,ACCT4
1736733600,1187.5,P5,ACCT0
1736740800,1195.0,P6,ACCT1
1736748000,1202.5,P0,ACCT2
1736755200,1210.0,P1,ACCT3
1736762400,1217.5,P2,ACCT4
1736769600,1225.0,P3,ACCT0
1736776800,1232.5,P4,ACCT1
1736784000,1240.0,P5,ACCT2
1736791200,1247.5,P6,ACCT3
1736798400,1255.0,P0,ACCT4
1736805600,1262.5,P1,ACCT0
1736812800,1270.0,P2,ACCT1
1736820000,1277.5,P3,ACCT2
1736827200,1285.0,P4,ACCT3
1736834400,1292.5,P5,ACCT4
1736841600,1300.0,P6,ACCT0
1736848800,1307.5,P0,ACCT1
1736856000,1315.0,P1,ACCT2
1736863200,1322.5,P2,ACCT3
1736870400,1330.0,P3,ACCT4
1736877600,1337.5,P4,ACCT0
1736884800,1345.0,P5,ACCT1
1736892000,1352.5,P6,ACCT2
1736899200,1360.0,P0,ACCT3
1736906400,1367.5,P1,ACCT4
1736913600,1375.0,P2,ACCT0
1736920800,1382.5,P3,ACCT1
1736928000,1390.0,P4,ACCT2
1736935200,1397.5,P5,ACCT3
1736942400,1405.0,P6,ACCT4
1736949600,1412.5,P0,ACCT0
1736956800,1420.0,P1,ACCT1
1736964000,1427.5,P2,ACCT2
1736971200,1435.0,P3,ACCT3
1736978400,1442.5,P4,ACCT4
1736985600,1450.0,P5,ACCT0
1736992800,1457.5,P6,ACCT1
1737000000,1465.0,P0,ACCT2
1737007200,1472.5,P1,ACCT3
1737014400,1480.0,P2,ACCT4
1737021600,1487.5,P3,ACCT0
1737028800,1495.0,P4,ACCT1
1737036000,1502.5,P5,ACCT2
1737043200,1510.0,P6,ACCT3
1737050400,1517.5,P0,ACCT4
1737057600,1525.0,P1,ACCT0
1737064800,1532.5,P2,ACCT1
1737072000,1540.0,P3,ACCT2
1737079200,1547.5,P4,ACCT3
1737086400,1555.0,P5,ACCT4
1737093600,1562.5,P6,ACCT0
1737100800,1570.0,P0,ACCT1
1737108000,1577.5,P1,ACCT2
1737115200,1585.0,P2,ACCT3
1737122400,1592.5,P3,ACCT4
