handle,tagged_users,location,name,timestamp,notes
@tomas.unger577,"@cara.haddad447,@tomas.silva620",,Tomas Unger,2025-10-03 17:06:28,noise
@tomas.unger577,,,Tomas Unger,2025-10-01 05:21:54,noise
@tomas.unger577,,,Tomas Unger,2025-09-28 11:29:20,noise
@tomas.unger577,,,Tomas Unger,2025-09-26 12:23:33,noise
@tomas.unger577,"@victor.elsayed168,@tomas.silva620",,Tomas Unger,2025-09-25 14:28:49,noise
@tomas.unger577,,,Tomas Unger,2025-09-19 19:15:45,noise
@tomas.unger577,,LAT1362,Tomas Unger,2025-09-18 18:14:21,noise
@tomas.unger577,,,Tomas Unger,2025-09-10 10:25:50,noise
@tomas.unger577,"@tomas.silva620,@victor.elsayed168",,Tomas Unger,2025-09-05 20:12:25,noise
@tomas.unger577,"@tomas.silva620,@cara.haddad447",,Tomas Unger,2025-08-28 17:24:43,noise
@tomas.unger577,,,Tomas Unger,2025-08-27 12:00:42,noise
@tomas.unger577,,,Tomas Unger,2025-08-15 22:02:39,noise
@tomas.unger577,,,Tomas Unger,2025-08-10 11:20:03,noise
@tomas.unger577,,,Tomas Unger,2025-08-06 19:06:16,noise
@tomas.unger577,"@tomas.silva620,@victor.elsayed168",LAT1385,Tomas Unger,2025-08-05 14:02:29,noise
@xin.iqbal230,"@ravi.wei762,@ava.alvarez396",,Xin Iqbal,2025-10-03 12:05:00,noise
@xin.iqbal230,,,Xin Iqbal,2025-09-28 13:06:52,noise
@xin.iqbal230,"@victor.anderson921,@ava.alvarez396",,Xin Iqbal,2025-09-27 16:02:12,noise
@xin.iqbal230,,,Xin Iqbal,2025-09-10 08:25:06,noise
@xin.iqbal230,,LAT1717,Xin Iqbal,2025-09-09 00:12:10,noise
@xin.iqbal230,,,Xin Iqbal,2025-09-08 15:29:50,noise
@xin.iqbal230,"@ravi.wei762,@victor.anderson921",,Xin Iqbal,2025-09-06 09:14:46,noise
@xin.iqbal230,,,Xin Iqbal,2025-09-03 08:12:32,noise
@xin.iqbal230,,,Xin Iqbal,2025-08-30 18:00:16,noise
@xin.iqbal230,,,Xin Iqbal,2025-08-28 04:09:52,noise
@xin.iqbal230,"@ravi.wei762,@ava.alvarez396",,Xin Iqbal,2025-08-23 02:24:35,noise
@xin.iqbal230,"@ava.alvarez396,@victor.anderson921",,Xin Iqbal,2025-08-15 09:12:56,noise
@xin.iqbal230,"@victor.anderson921,@ravi.wei762",,Xin Iqbal,2025-08-14 13:25:30,noise
@xin.iqbal230,,LAT1633,Xin Iqbal,2025-08-13 20:14:44,noise
@xin.iqbal230,,,Xin Iqbal,2025-08-10 08:18:40,noise
@xin.iqbal230,"@victor.anderson921,@ravi.wei762",,Xin Iqbal,2025-08-07 18:28:11,noise
@xin.iqbal230,"@ravi.wei762,@ava.alvarez396",,Xin Iqbal,2025-08-06 22:15:39,noise
@xin.iqbal230,,,Xin Iqbal,2025-08-05 13:10:32,noise
@xin.iqbal230,"@ava.alvarez396,@ravi.wei762",,Xin Iqbal,2025-08-04 00:01:14,noise
@ava.lopes309,"@hugo.meyer669,@priya.patida621",,Ava Lopes,2025-09-30 19:14:35,noise
@ava.lopes309,,,Ava Lopes,2025-09-26 17:02:38,noise
@ava.lopes309,,LAT1838,Ava Lopes,2025-09-22 10:08:55,noise
@ava.lopes309,"@priya.patida621,@sara.quinn458",,Ava Lopes,2025-09-21 14:21:58,noise
@ava.lopes309,,,Ava Lopes,2025-09-12 16:09:52,noise
@ava.lopes309,"@sara.quinn458,@hugo.meyer669",,Ava Lopes,2025-09-11 12:02:35,noise
@ava.lopes309,"@hugo.meyer669,@sara.quinn458",LAT1492,Ava Lopes,2025-09-10 15:17:36,noise
@ava.lopes309,,,Ava Lopes,2025-09-09 23:06:03,noise
@ava.lopes309,,LAT1550,Ava Lopes,2025-09-01 09:06:10,noise
@ava.lopes309,,,Ava Lopes,2025-08-26 03:16:50,noise
@ava.lopes309,"@hugo.meyer669,@priya.patida621",,Ava Lopes,2025-08-22 13:29:18,noise
@ava.lopes309,"@sara.quinn458,@priya.patida621",LAT1132,Ava Lopes,2025-08-19 22:13:39,noise
@ava.lopes309,"@hugo.meyer669,@sara.quinn458",,Ava Lopes,2025-08-15 04:27:10,noise
@ava.lopes309,"@priya.patida621,@hugo.meyer669",,Ava Lopes,2025-08-12 09:24:32,noise
@ava.lopes309,,,Ava Lopes,2025-08-10 05:07:14,noise
@ava.lopes309,,LAT1141,Ava Lopes,2025-08-07 01:25:09,noise
@ava.duarte817,,,Ava Duarte,2025-10-03 22:28:11,noise
@ava.duarte817,"@sara.novak186,@cara.unger809",,Ava Duarte,2025-10-02 15:13:58,noise
@ava.duarte817,,,Ava Duarte,2025-10-01 05:20:00,noise
@ava.duarte817,,,Ava Duarte,2025-09-30 18:21:21,noise
@ava.duarte817,"@sara.novak186,@ivy.mehta485",,Ava Duarte,2025-09-29 13:04:17,noise
@ava.duarte817,"@cara.unger809,@ivy.mehta485",,Ava Duarte,2025-09-27 23:27:45,noise
@ava.duarte817,,,Ava Duarte,2025-09-24 13:05:50,noise
@ava.duarte817,,,Ava Duarte,2025-09-23 09:19:21,noise
@ava.duarte817,,,Ava Duarte,2025-09-22 12:27:24,noise
@ava.duarte817,"@sara.novak186,@ivy.mehta485",,Ava Duarte,2025-09-20 21:09:53,noise
@ava.duarte817,,,Ava Duarte,2025-09-18 11:14:58,noise
@ava.duarte817,"@sara.novak186,@ivy.mehta485",,Ava Duarte,2025-09-12 20:10:03,noise
@ava.duarte817,"@cara.unger809,@sara.novak186",,Ava Duarte,2025-09-07 18:20:07,noise
@ava.duarte817,,,Ava Duarte,2025-09-06 09:10:11,noise
@ava.duarte817,"@ivy.mehta485,@cara.unger809",,Ava Duarte,2025-09-05 15:26:24,noise
@ava.duarte817,,,Ava Duarte,2025-09-04 19:18:20,noise
@ava.duarte817,"@cara.unger809,@ivy.mehta485",,Ava Duarte,2025-09-02 12:30:22,noise
@ava.duarte817,"@cara.unger809,@ivy.mehta485",,Ava Duarte,2025-09-01 10:02:43,noise
@ava.duarte817,,LAT1741,Ava Duarte,2025-08-29 11:02:35,noise
@ava.duarte817,,LAT1378,Ava Duarte,2025-08-26 10:19:52,noise
@ava.duarte817,"@sara.novak186,@ivy.mehta485",,Ava Duarte,2025-08-24 14:29:53,noise
@ava.duarte817,"@ivy.mehta485,@cara.unger809",,Ava Duarte,2025-08-22 09:13:43,noise
@ava.duarte817,,,Ava Duarte,2025-08-20 15:24:38,noise
@ava.duarte817,"@ivy.mehta485,@sara.novak186",,Ava Duarte,2025-08-17 18:23:59,noise
@ava.duarte817,,,Ava Duarte,2025-08-13 19:12:18,noise
@ava.duarte817,"@sara.novak186,@cara.unger809",LAT1023,Ava Duarte,2025-08-10 21:19:17,noise
@ava.duarte817,"@ivy.mehta485,@sara.novak186",LAT1619,Ava Duarte,2025-08-07 19:21:15,noise
@ava.duarte817,"@cara.unger809,@ivy.mehta485",,Ava Duarte,2025-08-06 11:22:47,noise
@ava.duarte817,"@cara.unger809,@ivy.mehta485",,Ava Duarte,2025-08-04 12:08:32,noise
@noah.vargas274,,,Noah Vargas,2025-10-03 15:25:13,noise
@noah.vargas274,"@nia.bakker667,@victor.lopes104",,Noah Vargas,2025-10-02 11:13:58,noise
@noah.vargas274,"@nia.bakker667,@victor.lopes104",,Noah Vargas,2025-09-29 12:23:39,noise
@noah.vargas274,"@kai.tanaka328,@victor.lopes104",,Noah Vargas,2025-09-28 21:12:39,noise
@noah.vargas274,"@nia.bakker667,@kai.tanaka328",,Noah Vargas,2025-09-27 12:11:40,noise
@noah.vargas274,"@victor.lopes104,@nia.bakker667",,Noah Vargas,2025-09-21 20:19:33,noise
@noah.vargas274,"@nia.bakker667,@victor.lopes104",,Noah Vargas,2025-09-19 09:13:11,noise
@noah.vargas274,,,Noah Vargas,2025-09-17 11:28:05,noise
@noah.vargas274,,,Noah Vargas,2025-09-09 20:24:29,noise
@noah.vargas274,"@kai.tanaka328,@victor.lopes104",LAT1900,Noah Vargas,2025-09-07 17:01:40,noise
@noah.vargas274,"@kai.tanaka328,@victor.lopes104",,Noah Vargas,2025-09-04 03:30:05,noise
@noah.vargas274,"@nia.bakker667,@kai.tanaka328",,Noah Vargas,2025-09-02 14:19:11,noise
@noah.vargas274,,,Noah Vargas,2025-08-31 10:30:38,noise
@noah.vargas274,,,Noah Vargas,2025-08-28 10:05:37,noise
@noah.vargas274,,LAT1153,Noah Vargas,2025-08-25 11:23:21,noise
@noah.vargas274,,,Noah Vargas,2025-08-23 12:29:12,noise
@noah.vargas274,,LAT1824,Noah Vargas,2025-08-20 20:14:26,noise
@noah.vargas274,"@victor.lopes104,@kai.tanaka328",,Noah Vargas,2025-08-19 20:02:03,noise
@noah.vargas274,,,Noah Vargas,2025-08-18 16:16:29,noise
@noah.vargas274,"@kai.tanaka328,@nia.bakker667",,Noah Vargas,2025-08-14 16:28:36,noise
@noah.vargas274,,,Noah Vargas,2025-08-12 11:11:18,noise
@noah.vargas274,"@kai.tanaka328,@victor.lopes104",,Noah Vargas,2025-08-06 14:02:33,noise
@noah.vargas274,,,Noah Vargas,2025-08-04 20:04:53,noise
@grace.chen753,"@omar.bakker123,@ben.yamamoto884",LAT1115,Grace Chen,2025-10-02 04:06:11,noise
@grace.chen753,"@noah.kim614,@ben.yamamoto884",,Grace Chen,2025-09-27 15:07:59,noise
@grace.chen753,,,Grace Chen,2025-09-19 20:10:13,noise
@grace.chen753,,,Grace Chen,2025-09-16 04:27:39,noise
@grace.chen753,"@ben.yamamoto884,@noah.kim614",,Grace Chen,2025-09-13 21:10:13,noise
@grace.chen753,"@omar.bakker123,@ben.yamamoto884",,Grace Chen,2025-09-09 14:05:46,noise
@grace.chen753,,,Grace Chen,2025-09-07 03:08:39,noise
@grace.chen753,,LAT1210,Grace Chen,2025-09-05 15:02:18,noise
@grace.chen753,,,Grace Chen,2025-09-04 17:11:17,noise
@grace.chen753,"@noah.kim614,@ben.yamamoto884",,Grace Chen,2025-08-31 03:11:02,noise
@grace.chen753,,LAT1646,Grace Chen,2025-08-28 23:25:18,noise
@grace.chen753,,,Grace Chen,2025-08-25 08:24:45,noise
@grace.chen753,,,Grace Chen,2025-08-20 05:19:47,noise
@grace.chen753,,,Grace Chen,2025-08-16 04:05:37,noise
@grace.chen753,"@ben.yamamoto884,@omar.bakker123",,Grace Chen,2025-08-14 03:15:31,noise
@grace.chen753,"@ben.yamamoto884,@noah.kim614",,Grace Chen,2025-08-13 12:11:12,noise
@grace.chen753,,,Grace Chen,2025-08-10 18:17:54,noise
@grace.chen753,"@omar.bakker123,@noah.kim614",,Grace Chen,2025-08-06 23:27:32,noise
@grace.chen753,"@omar.bakker123,@noah.kim614",,Grace Chen,2025-08-05 18:14:38,noise
@noah.brooks499,"@raj.alvarez13,@ava.unger353",LAT1315,Noah Brooks,2025-10-01 15:22:52,noise
@noah.brooks499,,,Noah Brooks,2025-09-29 15:04:20,noise
@noah.brooks499,,LAT1895,Noah Brooks,2025-09-25 11:01:48,noise
@noah.brooks499,,,Noah Brooks,2025-09-20 18:14:37,noise
@noah.brooks499,,,Noah Brooks,2025-09-19 09:07:04,noise
@noah.brooks499,,,Noah Brooks,2025-09-12 21:24:51,noise
@noah.brooks499,,,Noah Brooks,2025-09-06 13:15:46,noise
@noah.brooks499,,,Noah Brooks,2025-09-05 14:17:44,noise
@noah.brooks499,"@ivy.quinn437,@raj.alvarez13",LAT1893,Noah Brooks,2025-09-04 15:05:55,noise
@noah.brooks499,,,Noah Brooks,2025-08-27 23:07:09,noise
@noah.brooks499,,,Noah Brooks,2025-08-26 14:10:01,noise
@noah.brooks499,"@ava.unger353,@raj.alvarez13",,Noah Brooks,2025-08-21 03:03:08,noise
@noah.brooks499,"@raj.alvarez13,@ava.unger353",LAT1917,Noah Brooks,2025-08-19 16:28:54,noise
@noah.brooks499,,,Noah Brooks,2025-08-17 16:13:28,noise
@noah.brooks499,"@ava.unger353,@raj.alvarez13",,Noah Brooks,2025-08-09 16:13:42,noise
@noah.brooks499,"@ivy.quinn437,@raj.alvarez13",,Noah Brooks,2025-08-06 08:19:46,noise
@ravi.wei762,,,Ravi Wei,2025-10-02 23:23:57,noise
@ravi.wei762,"@grace.haddad796,@grace.alvarez773",,Ravi Wei,2025-10-01 15:24:28,noise
@ravi.wei762,"@grace.haddad796,@ava.carlos186",LAT1068,Ravi Wei,2025-09-26 21:23:55,noise
@ravi.wei762,"@ava.carlos186,@grace.haddad796",,Ravi Wei,2025-09-25 20:05:37,noise
@ravi.wei762,,,Ravi Wei,2025-09-22 23:28:52,noise
@ravi.wei762,,,Ravi Wei,2025-09-21 21:07:26,noise
@ravi.wei762,"@grace.alvarez773,@grace.haddad796",,Ravi Wei,2025-09-18 11:15:20,noise
@ravi.wei762,"@grace.alvarez773,@ava.carlos186",,Ravi Wei,2025-09-17 02:02:06,noise
@ravi.wei762,"@grace.haddad796,@ava.carlos186",,Ravi Wei,2025-09-15 11:27:28,noise
@ravi.wei762,,,Ravi Wei,2025-09-13 11:25:38,noise
@ravi.wei762,"@grace.alvarez773,@ava.carlos186",,Ravi Wei,2025-09-11 12:28:39,noise
@ravi.wei762,,,Ravi Wei,2025-09-09 17:21:40,noise
@ravi.wei762,,,Ravi Wei,2025-09-03 13:23:20,noise
@ravi.wei762,,LAT1521,Ravi Wei,2025-08-31 14:13:26,noise
@ravi.wei762,"@grace.alvarez773,@grace.haddad796",,Ravi Wei,2025-08-30 17:01:01,noise
@ravi.wei762,,,Ravi Wei,2025-08-29 17:13:50,noise
@ravi.wei762,"@grace.alvarez773,@grace.haddad796",LAT1693,Ravi Wei,2025-08-27 01:01:38,noise
@ravi.wei762,"@grace.haddad796,@ava.carlos186",,Ravi Wei,2025-08-21 13:19:40,noise
@ravi.wei762,,,Ravi Wei,2025-08-18 08:25:24,noise
@ravi.wei762,,LAT1458,Ravi Wei,2025-08-08 01:03:10,noise
@tomas.unger269,"@leo.quinn269,@sara.quinn458",,Tomas Unger,2025-10-02 22:22:37,noise
@tomas.unger269,,,Tomas Unger,2025-09-30 11:08:23,noise
@tomas.unger269,"@sara.quinn458,@leo.quinn269",,Tomas Unger,2025-09-27 18:03:42,noise
@tomas.unger269,,,Tomas Unger,2025-09-21 13:04:36,noise
@tomas.unger269,"@sara.quinn458,@nia.brooks152",,Tomas Unger,2025-09-19 22:30:03,noise
@tomas.unger269,"@leo.quinn269,@nia.brooks152",,Tomas Unger,2025-09-14 20:14:57,noise
@tomas.unger269,,,Tomas Unger,2025-09-12 09:05:15,noise
@tomas.unger269,"@sara.quinn458,@nia.brooks152",,Tomas Unger,2025-09-08 18:06:43,noise
@tomas.unger269,"@sara.quinn458,@nia.brooks152",,Tomas Unger,2025-09-07 09:23:40,noise
@tomas.unger269,"@nia.brooks152,@sara.quinn458",,Tomas Unger,2025-08-31 21:27:39,noise
@tomas.unger269,,LAT1534,Tomas Unger,2025-08-28 10:05:45,noise
@tomas.unger269,"@nia.brooks152,@leo.quinn269",LAT1514,Tomas Unger,2025-08-22 23:06:32,noise
@tomas.unger269,,LAT1897,Tomas Unger,2025-08-15 20:06:52,noise
@tomas.unger269,"@nia.brooks152,@sara.quinn458",,Tomas Unger,2025-08-14 15:30:30,noise
@tomas.unger269,,,Tomas Unger,2025-08-11 14:17:02,noise
@tomas.unger269,,,Tomas Unger,2025-08-08 12:23:33,noise
@tomas.unger269,"@sara.quinn458,@leo.quinn269",LAT1687,Tomas Unger,2025-08-05 13:11:02,noise
@victor.anderson921,,,Victor Anderson,2025-10-03 18:30:19,noise
@victor.anderson921,"@mara.anderson55,@nia.lopes360",,Victor Anderson,2025-10-02 08:18:33,noise
@victor.anderson921,,LAT1235,Victor Anderson,2025-10-01 11:09:30,noise
@victor.anderson921,,,Victor Anderson,2025-09-26 10:22:12,noise
@victor.anderson921,"@nia.lopes360,@ava.diaz286",,Victor Anderson,2025-09-24 16:28:41,noise
@victor.anderson921,"@nia.lopes360,@ava.diaz286",,Victor Anderson,2025-09-22 05:21:24,noise
@victor.anderson921,"@nia.lopes360,@ava.diaz286",,Victor Anderson,2025-09-19 12:20:26,noise
@victor.anderson921,,,Victor Anderson,2025-09-11 23:03:39,noise
@victor.anderson921,"@nia.lopes360,@mara.anderson55",,Victor Anderson,2025-08-31 22:10:43,noise
@victor.anderson921,"@mara.anderson55,@nia.lopes360",,Victor Anderson,2025-08-26 09:17:34,noise
@victor.anderson921,,LAT1384,Victor Anderson,2025-08-23 21:26:47,noise
@victor.anderson921,,,Victor Anderson,2025-08-21 16:15:12,noise
@victor.anderson921,,,Victor Anderson,2025-08-18 20:16:22,noise
@victor.anderson921,"@ava.diaz286,@nia.lopes360",,Victor Anderson,2025-08-12 17:19:36,noise
@victor.anderson921,,,Victor Anderson,2025-08-11 18:14:57,noise
@victor.anderson921,"@mara.anderson55,@nia.lopes360",,Victor Anderson,2025-08-04 12:18:53,noise
@priya.patida621,,,Priya Patida,2025-10-01 17:09:07,noise
@priya.patida621,,,Priya Patida,2025-09-29 14:18:29,noise
@priya.patida621,,,Priya Patida,2025-09-23 17:04:15,noise
@priya.patida621,,,Priya Patida,2025-09-21 16:16:42,noise
@priya.patida621,"@jin.patida595,@omar.bakker123",,Priya Patida,2025-09-19 11:06:43,noise
@priya.patida621,"@omar.bakker123,@jin.patida595",LAT1194,Priya Patida,2025-09-16 12:27:51,noise
@priya.patida621,"@jin.patida595,@jin.yamamoto480",,Priya Patida,2025-09-15 18:23:14,noise
@priya.patida621,"@jin.yamamoto480,@jin.patida595",LAT1574,Priya Patida,2025-09-13 12:03:14,noise
@priya.patida621,"@jin.patida595,@jin.yamamoto480",,Priya Patida,2025-09-01 12:05:47,noise
@priya.patida621,"@omar.bakker123,@jin.yamamoto480",,Priya Patida,2025-08-28 15:23:57,noise
@priya.patida621,"@omar.bakker123,@jin.patida595",,Priya Patida,2025-08-23 18:27:20,noise
@priya.patida621,"@jin.yamamoto480,@jin.patida595",,Priya Patida,2025-08-21 23:23:03,noise
@priya.patida621,"@omar.bakker123,@jin.yamamoto480",,Priya Patida,2025-08-20 23:22:32,noise
@priya.patida621,"@jin.patida595,@jin.yamamoto480",,Priya Patida,2025-08-15 19:07:22,noise
@priya.patida621,,,Priya Patida,2025-08-13 15:18:30,noise
@priya.patida621,,,Priya Patida,2025-08-10 17:06:33,noise
@kai.haddad318,"@xin.bakker721,@sara.quinn458",,Kai Haddad,2025-09-28 12:01:43,noise
@kai.haddad318,,,Kai Haddad,2025-09-27 11:19:36,noise
@kai.haddad318,,LAT1686,Kai Haddad,2025-09-24 08:29:27,noise
@kai.haddad318,"@kai.duarte121,@sara.quinn458",,Kai Haddad,2025-09-17 15:15:24,noise
@kai.haddad318,,,Kai Haddad,2025-09-15 22:04:29,noise
@kai.haddad318,,,Kai Haddad,2025-09-13 11:22:51,noise
@kai.haddad318,,,Kai Haddad,2025-09-09 15:05:36,noise
@kai.haddad318,"@sara.quinn458,@xin.bakker721",,Kai Haddad,2025-09-02 13:09:26,noise
@kai.haddad318,,,Kai Haddad,2025-08-30 17:08:01,noise
@kai.haddad318,"@kai.duarte121,@xin.bakker721",LAT1452,Kai Haddad,2025-08-29 21:02:54,noise
@kai.haddad318,"@xin.bakker721,@kai.duarte121",LAT1166,Kai Haddad,2025-08-24 13:06:17,noise
@kai.haddad318,"@sara.quinn458,@xin.bakker721",,Kai Haddad,2025-08-23 22:20:20,noise
@kai.haddad318,,LAT1957,Kai Haddad,2025-08-22 13:08:33,noise
@kai.haddad318,,,Kai Haddad,2025-08-20 02:19:20,noise
@kai.haddad318,"@sara.quinn458,@kai.duarte121",,Kai Haddad,2025-08-18 10:03:42,noise
@kai.haddad318,,,Kai Haddad,2025-08-12 13:08:56,noise
@kai.haddad318,,,Kai Haddad,2025-08-08 17:13:45,noise
@kai.haddad318,"@sara.quinn458,@xin.bakker721",,Kai Haddad,2025-08-06 20:06:21,noise
@tomas.silva620,,,Tomas Silva,2025-09-24 08:04:29,noise
@tomas.silva620,,,Tomas Silva,2025-09-19 22:26:00,noise
@tomas.silva620,"@ravi.okafor568,@noah.brooks499",LAT1066,Tomas Silva,2025-09-17 16:09:40,noise
@tomas.silva620,,,Tomas Silva,2025-09-10 16:12:21,noise
@tomas.silva620,,,Tomas Silva,2025-09-04 19:25:46,noise
@tomas.silva620,,LAT1686,Tomas Silva,2025-09-03 19:28:26,noise
@tomas.silva620,"@ravi.okafor568,@tomas.unger269",LAT1129,Tomas Silva,2025-09-02 20:06:49,noise
@tomas.silva620,,,Tomas Silva,2025-08-28 21:23:54,noise
@tomas.silva620,"@noah.brooks499,@ravi.okafor568",,Tomas Silva,2025-08-27 20:06:24,noise
@tomas.silva620,"@ravi.okafor568,@tomas.unger269",,Tomas Silva,2025-08-26 17:07:38,noise
@tomas.silva620,,,Tomas Silva,2025-08-23 10:21:26,noise
@tomas.silva620,,,Tomas Silva,2025-08-21 13:13:39,noise
@tomas.silva620,,,Tomas Silva,2025-08-19 05:17:09,noise
@tomas.silva620,"@noah.brooks499,@tomas.unger269",LAT1583,Tomas Silva,2025-08-18 19:12:19,noise
@tomas.silva620,,,Tomas Silva,2025-08-17 19:05:17,noise
@tomas.silva620,"@tomas.unger269,@noah.brooks499",LAT1364,Tomas Silva,2025-08-05 05:01:58,noise
@lena.meyer826,"@ivy.quinn437,@ava.silva249",,Lena Meyer,2025-09-28 15:06:59,noise
@lena.meyer826,,,Lena Meyer,2025-09-24 14:09:54,noise
@lena.meyer826,"@ivy.quinn437,@raj.alvarez13",,Lena Meyer,2025-09-23 12:17:21,noise
@lena.meyer826,,,Lena Meyer,2025-09-16 09:04:35,noise
@lena.meyer826,"@raj.alvarez13,@ivy.quinn437",,Lena Meyer,2025-09-09 14:00:44,noise
@lena.meyer826,,,Lena Meyer,2025-09-03 14:18:56,noise
@lena.meyer826,,,Lena Meyer,2025-08-29 18:30:11,noise
@lena.meyer826,"@raj.alvarez13,@ivy.quinn437",LAT1071,Lena Meyer,2025-08-28 11:00:11,noise
@lena.meyer826,"@ava.silva249,@raj.alvarez13",,Lena Meyer,2025-08-26 12:18:13,noise
@lena.meyer826,"@raj.alvarez13,@ava.silva249",,Lena Meyer,2025-08-21 08:10:50,noise
@lena.meyer826,,,Lena Meyer,2025-08-20 22:14:10,noise
@lena.meyer826,,LAT1575,Lena Meyer,2025-08-17 10:10:37,noise
@lena.meyer826,"@raj.alvarez13,@ava.silva249",,Lena Meyer,2025-08-15 08:05:49,noise
@lena.meyer826,"@raj.alvarez13,@ava.silva249",LAT1299,Lena Meyer,2025-08-10 09:12:38,noise
@lena.meyer826,,,Lena Meyer,2025-08-08 09:15:28,noise
@lena.meyer826,"@ivy.quinn437,@ava.silva249",,Lena Meyer,2025-08-05 18:12:00,noise
@diego.patida893,,,Diego Patida,2025-10-03 16:04:58,noise
@diego.patida893,"@kai.duarte631,@kai.haddad318",,Diego Patida,2025-10-01 15:18:39,noise
@diego.patida893,"@kai.duarte631,@kai.haddad318",,Diego Patida,2025-09-29 03:11:15,noise
@diego.patida893,"@kai.duarte631,@kai.haddad318",,Diego Patida,2025-09-27 12:15:55,noise
@diego.patida893,"@kai.duarte631,@kai.haddad318",LAT1351,Diego Patida,2025-09-24 17:10:42,noise
@diego.patida893,,,Diego Patida,2025-09-22 08:15:42,noise
@diego.patida893,"@raj.alvarez13,@kai.haddad318",,Diego Patida,2025-09-20 12:13:37,noise
@diego.patida893,,LAT1181,Diego Patida,2025-09-17 08:29:04,noise
@diego.patida893,,,Diego Patida,2025-09-10 16:12:26,noise
@diego.patida893,"@kai.haddad318,@raj.alvarez13",,Diego Patida,2025-09-09 13:22:36,noise
@diego.patida893,"@kai.duarte631,@raj.alvarez13",,Diego Patida,2025-09-07 08:26:32,noise
@diego.patida893,,,Diego Patida,2025-09-04 15:20:22,noise
@diego.patida893,"@raj.alvarez13,@kai.haddad318",,Diego Patida,2025-08-28 14:01:33,noise
@diego.patida893,"@kai.duarte631,@kai.haddad318",,Diego Patida,2025-08-21 22:29:16,noise
@diego.patida893,"@kai.haddad318,@kai.duarte631",,Diego Patida,2025-08-19 00:25:18,noise
@diego.patida893,"@kai.haddad318,@raj.alvarez13",,Diego Patida,2025-08-16 20:00:53,noise
@diego.patida893,"@kai.haddad318,@raj.alvarez13",LAT1098,Diego Patida,2025-08-14 10:24:17,noise
@diego.patida893,,,Diego Patida,2025-08-13 02:23:32,noise
@diego.patida893,,,Diego Patida,2025-08-12 12:18:03,noise
@diego.patida893,,,Diego Patida,2025-08-11 09:27:29,noise
@jin.patida595,,LAT1810,Jin Patida,2025-10-02 08:29:14,noise
@jin.patida595,,,Jin Patida,2025-10-01 11:06:54,noise
@jin.patida595,,,Jin Patida,2025-09-23 23:21:32,noise
@jin.patida595,,,Jin Patida,2025-09-21 17:14:51,noise
@jin.patida595,,LAT1565,Jin Patida,2025-09-12 13:16:36,noise
@jin.patida595,,,Jin Patida,2025-09-06 04:27:17,noise
@jin.patida595,"@ava.quinn567,@nia.bakker667",,Jin Patida,2025-09-02 04:26:27,noise
@jin.patida595,,,Jin Patida,2025-08-29 03:29:00,noise
@jin.patida595,"@noah.kim614,@nia.bakker667",,Jin Patida,2025-08-28 15:00:00,noise
@jin.patida595,"@nia.bakker667,@noah.kim614",,Jin Patida,2025-08-21 08:25:44,noise
@jin.patida595,"@nia.bakker667,@ava.quinn567",LAT1790,Jin Patida,2025-08-13 21:30:59,noise
@jin.patida595,,,Jin Patida,2025-08-12 14:11:18,noise
@jin.patida595,,,Jin Patida,2025-08-10 00:20:16,noise
@jin.patida595,"@ava.quinn567,@noah.kim614",,Jin Patida,2025-08-07 18:09:19,noise
@sara.novak186,,,Sara Novak,2025-10-03 19:25:27,noise
@sara.novak186,"@cara.haddad447,@wes.alvarez101",LAT1252,Sara Novak,2025-09-27 15:20:47,noise
@sara.novak186,,LAT1933,Sara Novak,2025-09-21 20:09:07,noise
@sara.novak186,"@wes.alvarez101,@cara.haddad447",,Sara Novak,2025-09-14 12:04:25,noise
@sara.novak186,,,Sara Novak,2025-09-13 12:00:13,noise
@sara.novak186,"@wes.alvarez101,@cara.haddad447",LAT1316,Sara Novak,2025-09-09 19:07:37,noise
@sara.novak186,"@wes.alvarez101,@victor.anderson921",,Sara Novak,2025-09-07 03:01:23,noise
@sara.novak186,,,Sara Novak,2025-09-04 12:23:46,noise
@sara.novak186,,,Sara Novak,2025-08-22 12:00:13,noise
@sara.novak186,"@wes.alvarez101,@victor.anderson921",,Sara Novak,2025-08-21 20:30:32,noise
@sara.novak186,,,Sara Novak,2025-08-19 13:14:43,noise
@sara.novak186,"@wes.alvarez101,@victor.anderson921",,Sara Novak,2025-08-15 20:03:52,noise
@sara.novak186,,,Sara Novak,2025-08-14 12:03:16,noise
@sara.novak186,,,Sara Novak,2025-08-13 22:25:50,noise
@kai.yamamoto589,"@ben.zhou66,@lena.meyer826",,Kai Yamamoto,2025-10-03 16:23:14,noise
@kai.yamamoto589,"@ben.zhou66,@lena.meyer826",,Kai Yamamoto,2025-09-17 22:08:52,noise
@kai.yamamoto589,,,Kai Yamamoto,2025-09-12 16:16:15,noise
@kai.yamamoto589,,,Kai Yamamoto,2025-09-09 00:02:49,noise
@kai.yamamoto589,,,Kai Yamamoto,2025-09-07 10:13:02,noise
@kai.yamamoto589,"@lena.meyer826,@jin.yamamoto480",,Kai Yamamoto,2025-09-04 20:16:41,noise
@kai.yamamoto589,,LAT1721,Kai Yamamoto,2025-09-03 08:21:14,noise
@kai.yamamoto589,,,Kai Yamamoto,2025-09-01 15:03:07,noise
@kai.yamamoto589,,,Kai Yamamoto,2025-08-31 11:14:00,noise
@kai.yamamoto589,,,Kai Yamamoto,2025-08-28 08:05:12,noise
@kai.yamamoto589,,,Kai Yamamoto,2025-08-26 16:29:47,noise
@kai.yamamoto589,"@ben.zhou66,@lena.meyer826",,Kai Yamamoto,2025-08-25 16:27:26,noise
@kai.yamamoto589,,,Kai Yamamoto,2025-08-19 19:20:43,noise
@kai.yamamoto589,,,Kai Yamamoto,2025-08-17 19:13:10,noise
@kai.yamamoto589,"@jin.yamamoto480,@lena.meyer826",,Kai Yamamoto,2025-08-15 09:17:47,noise
@kai.yamamoto589,,,Kai Yamamoto,2025-08-13 22:30:24,noise
@kai.yamamoto589,"@ben.zhou66,@lena.meyer826",,Kai Yamamoto,2025-08-07 08:24:02,noise
@kai.yamamoto589,,LAT1753,Kai Yamamoto,2025-08-04 05:07:43,noise
@kai.duarte631,"@ivy.quinn437,@tomas.unger577",,Kai Duarte,2025-10-03 10:25:32,noise
@kai.duarte631,"@nia.brooks152,@ivy.quinn437",LAT1114,Kai Duarte,2025-10-02 11:12:56,noise
@kai.duarte631,,,Kai Duarte,2025-09-30 19:18:44,noise
@kai.duarte631,,LAT1510,Kai Duarte,2025-09-29 17:07:10,noise
@kai.duarte631,,,Kai Duarte,2025-09-27 19:19:51,noise
@kai.duarte631,"@nia.brooks152,@tomas.unger577",,Kai Duarte,2025-09-17 09:12:14,noise
@kai.duarte631,"@tomas.unger577,@nia.brooks152",,Kai Duarte,2025-09-10 16:07:16,noise
@kai.duarte631,,,Kai Duarte,2025-09-07 22:07:05,noise
@kai.duarte631,,LAT1544,Kai Duarte,2025-08-28 12:07:06,noise
@kai.duarte631,"@nia.brooks152,@tomas.unger577",,Kai Duarte,2025-08-23 19:07:03,noise
@kai.duarte631,,,Kai Duarte,2025-08-22 15:07:44,noise
@kai.duarte631,"@ivy.quinn437,@tomas.unger577",,Kai Duarte,2025-08-19 18:10:49,noise
@kai.duarte631,"@ivy.quinn437,@nia.brooks152",LAT1047,Kai Duarte,2025-08-17 22:26:51,noise
@kai.duarte631,"@tomas.unger577,@ivy.quinn437",,Kai Duarte,2025-08-16 03:26:33,noise
@kai.duarte631,,,Kai Duarte,2025-08-15 16:13:02,noise
@kai.duarte631,,,Kai Duarte,2025-08-12 15:03:31,noise
@kai.duarte631,"@nia.brooks152,@ivy.quinn437",,Kai Duarte,2025-08-10 09:29:05,noise
@kai.duarte631,"@tomas.unger577,@nia.brooks152",LAT1643,Kai Duarte,2025-08-07 09:20:50,noise
@mara.iqbal493,,,Mara Iqbal,2025-10-03 20:29:43,noise
@mara.iqbal493,"@ivy.mehta485,@tomas.brooks895",,Mara Iqbal,2025-10-02 16:00:12,noise
@mara.iqbal493,"@tomas.brooks895,@ivy.mehta485",,Mara Iqbal,2025-09-28 12:01:15,noise
@mara.iqbal493,,LAT1579,Mara Iqbal,2025-09-27 08:15:05,noise
@mara.iqbal493,"@ava.alvarez396,@tomas.brooks895",,Mara Iqbal,2025-09-23 19:19:19,noise
@mara.iqbal493,,,Mara Iqbal,2025-09-21 23:10:03,noise
@mara.iqbal493,,LAT1731,Mara Iqbal,2025-09-19 18:27:37,noise
@mara.iqbal493,"@ivy.mehta485,@ava.alvarez396",,Mara Iqbal,2025-09-18 19:06:07,noise
@mara.iqbal493,,,Mara Iqbal,2025-09-17 10:20:56,noise
@mara.iqbal493,"@tomas.brooks895,@ava.alvarez396",,Mara Iqbal,2025-09-16 03:23:34,noise
@mara.iqbal493,,,Mara Iqbal,2025-09-14 10:30:37,noise
@mara.iqbal493,,,Mara Iqbal,2025-09-09 09:16:33,noise
@mara.iqbal493,,,Mara Iqbal,2025-09-07 10:15:28,noise
@mara.iqbal493,"@ava.alvarez396,@ivy.mehta485",,Mara Iqbal,2025-09-04 05:29:56,noise
@mara.iqbal493,"@ava.alvarez396,@ivy.mehta485",,Mara Iqbal,2025-09-01 14:17:59,noise
@mara.iqbal493,,,Mara Iqbal,2025-08-31 19:20:17,noise
@mara.iqbal493,"@ivy.mehta485,@ava.alvarez396",,Mara Iqbal,2025-08-29 18:24:50,noise
@mara.iqbal493,,,Mara Iqbal,2025-08-27 11:12:29,noise
@mara.iqbal493,"@ivy.mehta485,@ava.alvarez396",LAT1427,Mara Iqbal,2025-08-24 10:28:09,noise
@mara.iqbal493,,,Mara Iqbal,2025-08-17 13:21:22,noise
@mara.iqbal493,"@tomas.brooks895,@ivy.mehta485",,Mara Iqbal,2025-08-16 08:00:42,noise
@mara.iqbal493,,LAT1110,Mara Iqbal,2025-08-15 18:30:25,noise
@mara.iqbal493,,,Mara Iqbal,2025-08-14 21:24:05,noise
@mara.iqbal493,"@ava.alvarez396,@tomas.brooks895",,Mara Iqbal,2025-08-11 18:22:09,noise
@mara.iqbal493,"@tomas.brooks895,@ivy.mehta485",,Mara Iqbal,2025-08-08 13:02:24,noise
@mara.iqbal493,,,Mara Iqbal,2025-08-04 14:29:53,noise
@cara.wei712,"@sara.novak186,@ava.lopes309",LAT1615,Cara Wei,2025-09-18 16:06:53,noise
@cara.wei712,"@victor.jansen346,@sara.novak186",,Cara Wei,2025-09-17 09:07:03,noise
@cara.wei712,"@ava.lopes309,@victor.jansen346",,Cara Wei,2025-09-15 13:22:04,noise
@cara.wei712,"@sara.novak186,@victor.jansen346",,Cara Wei,2025-09-12 14:29:38,noise
@cara.wei712,,,Cara Wei,2025-09-11 16:04:33,noise
@cara.wei712,,,Cara Wei,2025-09-09 15:03:16,noise
@cara.wei712,"@ava.lopes309,@victor.jansen346",,Cara Wei,2025-09-08 14:11:22,noise
@cara.wei712,"@victor.jansen346,@sara.novak186",LAT1563,Cara Wei,2025-09-05 18:18:33,noise
@cara.wei712,,,Cara Wei,2025-09-03 09:01:26,noise
@cara.wei712,"@victor.jansen346,@ava.lopes309",,Cara Wei,2025-09-02 15:27:47,noise
@cara.wei712,,,Cara Wei,2025-09-01 18:17:51,noise
@cara.wei712,,,Cara Wei,2025-08-31 22:23:37,noise
@cara.wei712,"@victor.jansen346,@ava.lopes309",,Cara Wei,2025-08-29 15:06:55,noise
@cara.wei712,"@sara.novak186,@victor.jansen346",,Cara Wei,2025-08-25 22:21:00,noise
@cara.wei712,,,Cara Wei,2025-08-17 13:12:22,noise
@cara.wei712,,,Cara Wei,2025-08-16 17:04:03,noise
@cara.wei712,,LAT1237,Cara Wei,2025-08-08 03:29:27,noise
@cara.wei712,,,Cara Wei,2025-08-06 10:29:56,noise
@cara.wei712,,LAT1394,Cara Wei,2025-08-05 17:08:59,noise
@cara.wei712,"@sara.novak186,@victor.jansen346",,Cara Wei,2025-08-04 12:09:17,noise
@xin.lopes523,"@ava.duarte817,@ava.diaz286",,Xin Lopes,2025-10-01 10:24:18,noise
@xin.lopes523,"@ava.duarte817,@nia.brooks152",,Xin Lopes,2025-09-30 12:01:10,noise
@xin.lopes523,"@ava.diaz286,@nia.brooks152",,Xin Lopes,2025-09-28 08:15:32,noise
@xin.lopes523,"@ava.duarte817,@ava.diaz286",,Xin Lopes,2025-09-25 17:29:40,noise
@xin.lopes523,"@ava.diaz286,@nia.brooks152",,Xin Lopes,2025-09-21 02:23:07,noise
@xin.lopes523,"@ava.duarte817,@ava.diaz286",,Xin Lopes,2025-09-18 10:17:05,noise
@xin.lopes523,,,Xin Lopes,2025-09-16 14:27:48,noise
@xin.lopes523,"@ava.diaz286,@ava.duarte817",,Xin Lopes,2025-09-15 16:00:15,noise
@xin.lopes523,"@nia.brooks152,@ava.diaz286",,Xin Lopes,2025-09-13 08:17:57,noise
@xin.lopes523,,,Xin Lopes,2025-09-08 23:26:58,noise
@xin.lopes523,,,Xin Lopes,2025-09-05 09:15:16,noise
@xin.lopes523,,,Xin Lopes,2025-08-28 21:14:23,noise
@xin.lopes523,,LAT1801,Xin Lopes,2025-08-20 18:11:11,noise
@xin.lopes523,"@nia.brooks152,@ava.duarte817",LAT1973,Xin Lopes,2025-08-19 17:07:06,noise
@xin.lopes523,"@ava.duarte817,@nia.brooks152",,Xin Lopes,2025-08-15 12:01:30,noise
@xin.lopes523,"@nia.brooks152,@ava.duarte817",,Xin Lopes,2025-08-13 20:24:09,noise
@xin.lopes523,"@ava.diaz286,@ava.duarte817",LAT1720,Xin Lopes,2025-08-12 21:11:09,noise
@xin.lopes523,"@ava.duarte817,@ava.diaz286",,Xin Lopes,2025-08-04 10:17:08,noise
@cara.lopes436,,,Cara Lopes,2025-09-27 15:08:52,noise
@cara.lopes436,,,Cara Lopes,2025-09-26 21:11:00,noise
@cara.lopes436,,,Cara Lopes,2025-09-25 16:20:03,noise
@cara.lopes436,,,Cara Lopes,2025-09-24 16:20:06,noise
@cara.lopes436,,,Cara Lopes,2025-09-23 16:24:14,noise
@cara.lopes436,"@ivy.vargas10,@ben.yamamoto884",,Cara Lopes,2025-09-22 20:02:48,noise
@cara.lopes436,,,Cara Lopes,2025-09-19 22:20:27,noise
@cara.lopes436,"@ben.yamamoto884,@ivy.vargas10",LAT1867,Cara Lopes,2025-09-08 18:24:49,noise
@cara.lopes436,,,Cara Lopes,2025-09-07 20:12:26,noise
@cara.lopes436,,,Cara Lopes,2025-09-05 20:15:17,noise
@cara.lopes436,,,Cara Lopes,2025-09-02 09:25:59,noise
@cara.lopes436,"@ivy.vargas10,@ava.mehta533",,Cara Lopes,2025-08-30 19:02:57,noise
@cara.lopes436,,,Cara Lopes,2025-08-18 09:28:44,noise
@cara.lopes436,,,Cara Lopes,2025-08-06 22:20:58,noise
@hugo.meyer669,,,Hugo Meyer,2025-10-03 13:15:25,noise
@hugo.meyer669,,,Hugo Meyer,2025-09-30 09:01:42,noise
@hugo.meyer669,,,Hugo Meyer,2025-09-29 18:12:28,noise
@hugo.meyer669,,,Hugo Meyer,2025-09-27 20:26:27,noise
@hugo.meyer669,,LAT1051,Hugo Meyer,2025-09-21 10:15:44,noise
@hugo.meyer669,,,Hugo Meyer,2025-09-19 13:09:11,noise
@hugo.meyer669,,,Hugo Meyer,2025-09-17 19:29:40,noise
@hugo.meyer669,,,Hugo Meyer,2025-09-16 23:13:39,noise
@hugo.meyer669,,,Hugo Meyer,2025-09-11 15:26:00,noise
@hugo.meyer669,"@uma.kim22,@xin.iqbal230",,Hugo Meyer,2025-09-08 15:29:17,noise
@hugo.meyer669,"@cara.diaz710,@uma.kim22",,Hugo Meyer,2025-09-03 10:15:37,noise
@hugo.meyer669,"@cara.diaz710,@uma.kim22",,Hugo Meyer,2025-08-31 22:26:04,noise
@hugo.meyer669,"@cara.diaz710,@uma.kim22",,Hugo Meyer,2025-08-28 09:22:45,noise
@hugo.meyer669,,LAT1882,Hugo Meyer,2025-08-27 11:14:41,noise
@hugo.meyer669,"@uma.kim22,@xin.iqbal230",,Hugo Meyer,2025-08-24 14:20:55,noise
@hugo.meyer669,"@xin.iqbal230,@cara.diaz710",,Hugo Meyer,2025-08-19 02:14:39,noise
@hugo.meyer669,"@xin.iqbal230,@uma.kim22",,Hugo Meyer,2025-08-15 14:20:50,noise
@hugo.meyer669,,,Hugo Meyer,2025-08-11 16:27:50,noise
@hugo.meyer669,,,Hugo Meyer,2025-08-06 21:14:15,noise
@yara.duarte328,"@zane.gomes324,@tomas.unger269",,Yara Duarte,2025-10-02 18:30:13,noise
@yara.duarte328,,LAT1541,Yara Duarte,2025-09-26 14:09:43,noise
@yara.duarte328,"@zane.gomes324,@diego.patida893",,Yara Duarte,2025-09-22 18:02:23,noise
@yara.duarte328,"@zane.gomes324,@diego.patida893",LAT1570,Yara Duarte,2025-09-20 13:06:58,noise
@yara.duarte328,"@diego.patida893,@tomas.unger269",,Yara Duarte,2025-09-19 14:15:19,noise
@yara.duarte328,"@diego.patida893,@tomas.unger269",,Yara Duarte,2025-09-18 16:30:51,noise
@yara.duarte328,"@diego.patida893,@tomas.unger269",,Yara Duarte,2025-09-16 22:09:35,noise
@yara.duarte328,"@diego.patida893,@zane.gomes324",,Yara Duarte,2025-09-15 19:27:04,noise
@yara.duarte328,"@diego.patida893,@tomas.unger269",,Yara Duarte,2025-09-11 11:29:33,noise
@yara.duarte328,"@zane.gomes324,@tomas.unger269",,Yara Duarte,2025-09-08 18:03:03,noise
@yara.duarte328,,,Yara Duarte,2025-09-06 12:26:20,noise
@yara.duarte328,,,Yara Duarte,2025-09-03 00:25:37,noise
@yara.duarte328,,,Yara Duarte,2025-08-25 22:11:50,noise
@yara.duarte328,,,Yara Duarte,2025-08-24 09:05:43,noise
@yara.duarte328,"@zane.gomes324,@diego.patida893",,Yara Duarte,2025-08-23 18:10:14,noise
@yara.duarte328,"@tomas.unger269,@zane.gomes324",,Yara Duarte,2025-08-21 02:16:56,noise
@yara.duarte328,,,Yara Duarte,2025-08-16 14:13:18,noise
@yara.duarte328,,,Yara Duarte,2025-08-15 23:19:39,noise
@yara.duarte328,,LAT1335,Yara Duarte,2025-08-09 09:07:49,noise
@yara.duarte328,"@diego.patida893,@tomas.unger269",,Yara Duarte,2025-08-08 20:24:33,noise
@ivy.mehta485,"@cara.wei712,@priya.patida621",,Ivy Mehta,2025-09-29 19:03:16,noise
@ivy.mehta485,"@mara.iqbal493,@priya.patida621",,Ivy Mehta,2025-09-24 17:19:55,noise
@ivy.mehta485,,,Ivy Mehta,2025-09-19 22:26:04,noise
@ivy.mehta485,"@cara.wei712,@mara.iqbal493",,Ivy Mehta,2025-09-18 11:09:51,noise
@ivy.mehta485,,,Ivy Mehta,2025-09-16 19:04:02,noise
@ivy.mehta485,"@priya.patida621,@cara.wei712",,Ivy Mehta,2025-09-15 15:30:49,noise
@ivy.mehta485,,LAT1033,Ivy Mehta,2025-09-12 12:07:19,noise
@ivy.mehta485,"@mara.iqbal493,@priya.patida621",,Ivy Mehta,2025-09-10 19:05:22,noise
@ivy.mehta485,"@priya.patida621,@mara.iqbal493",,Ivy Mehta,2025-09-09 14:00:59,noise
@ivy.mehta485,"@priya.patida621,@cara.wei712",,Ivy Mehta,2025-09-06 05:12:11,noise
@ivy.mehta485,"@mara.iqbal493,@cara.wei712",,Ivy Mehta,2025-08-31 10:02:25,noise
@ivy.mehta485,"@cara.wei712,@priya.patida621",LAT1368,Ivy Mehta,2025-08-29 23:05:57,noise
@ivy.mehta485,,,Ivy Mehta,2025-08-20 17:24:03,noise
@ivy.mehta485,,,Ivy Mehta,2025-08-19 16:08:57,noise
@ivy.mehta485,"@priya.patida621,@cara.wei712",,Ivy Mehta,2025-08-11 15:21:57,noise
@ivy.mehta485,"@mara.iqbal493,@priya.patida621",,Ivy Mehta,2025-08-05 10:04:41,noise
@raj.alvarez13,,LAT1276,Raj Alvarez,2025-09-28 14:01:22,noise
@raj.alvarez13,,,Raj Alvarez,2025-09-20 09:04:36,noise
@raj.alvarez13,,,Raj Alvarez,2025-09-18 11:29:20,noise
@raj.alvarez13,"@omar.bakker123,@tomas.silva620",,Raj Alvarez,2025-09-16 17:05:33,noise
@raj.alvarez13,"@nia.lopes360,@omar.bakker123",,Raj Alvarez,2025-09-15 12:17:58,noise
@raj.alvarez13,"@tomas.silva620,@nia.lopes360",,Raj Alvarez,2025-09-13 17:30:35,noise
@raj.alvarez13,"@nia.lopes360,@tomas.silva620",,Raj Alvarez,2025-09-08 13:08:03,noise
@raj.alvarez13,"@nia.lopes360,@omar.bakker123",LAT1808,Raj Alvarez,2025-09-06 11:11:38,noise
@raj.alvarez13,,,Raj Alvarez,2025-09-05 17:23:51,noise
@raj.alvarez13,"@tomas.silva620,@nia.lopes360",LAT1612,Raj Alvarez,2025-09-03 12:02:44,noise
@raj.alvarez13,,,Raj Alvarez,2025-08-28 11:17:21,noise
@raj.alvarez13,"@tomas.silva620,@omar.bakker123",,Raj Alvarez,2025-08-25 18:19:49,noise
@raj.alvarez13,,,Raj Alvarez,2025-08-20 15:01:46,noise
@raj.alvarez13,"@tomas.silva620,@omar.bakker123",LAT1208,Raj Alvarez,2025-08-12 19:23:24,noise
@raj.alvarez13,"@omar.bakker123,@nia.lopes360",,Raj Alvarez,2025-08-08 19:15:02,noise
@raj.alvarez13,,,Raj Alvarez,2025-08-06 10:06:32,noise
@raj.alvarez13,,,Raj Alvarez,2025-08-04 12:26:08,noise
@elena.alvarez316,,,Elena Alvarez,2025-09-29 09:22:23,noise
@elena.alvarez316,,,Elena Alvarez,2025-09-28 13:10:05,noise
@elena.alvarez316,"@lena.meyer826,@ava.quinn567",,Elena Alvarez,2025-09-27 08:19:19,noise
@elena.alvarez316,,,Elena Alvarez,2025-09-23 20:25:11,noise
@elena.alvarez316,"@xin.lopes523,@lena.meyer826",,Elena Alvarez,2025-09-20 19:17:33,noise
@elena.alvarez316,,,Elena Alvarez,2025-09-17 22:02:01,noise
@elena.alvarez316,,,Elena Alvarez,2025-09-14 12:21:13,noise
@elena.alvarez316,,,Elena Alvarez,2025-09-11 08:08:47,noise
@elena.alvarez316,"@xin.lopes523,@lena.meyer826",,Elena Alvarez,2025-09-08 19:05:15,noise
@elena.alvarez316,"@xin.lopes523,@ava.quinn567",,Elena Alvarez,2025-09-06 12:23:34,noise
@elena.alvarez316,"@xin.lopes523,@lena.meyer826",,Elena Alvarez,2025-09-01 00:28:54,noise
@elena.alvarez316,"@xin.lopes523,@lena.meyer826",LAT1901,Elena Alvarez,2025-08-31 11:28:49,noise
@elena.alvarez316,"@lena.meyer826,@xin.lopes523",,Elena Alvarez,2025-08-23 19:03:05,noise
@elena.alvarez316,"@xin.lopes523,@ava.quinn567",,Elena Alvarez,2025-08-19 17:08:06,noise
@elena.alvarez316,,LAT1033,Elena Alvarez,2025-08-16 18:08:45,noise
@elena.alvarez316,,,Elena Alvarez,2025-08-06 17:23:52,noise
@elena.alvarez316,,,Elena Alvarez,2025-08-05 15:26:44,noise
@elena.alvarez316,"@ava.quinn567,@lena.meyer826",,Elena Alvarez,2025-08-04 20:21:20,noise
@cara.alvarez562,,,Cara Alvarez,2025-09-29 10:05:15,noise
@cara.alvarez562,"@mara.anderson55,@noah.vargas274",,Cara Alvarez,2025-09-26 11:20:01,noise
@cara.alvarez562,,,Cara Alvarez,2025-09-25 08:07:32,noise
@cara.alvarez562,"@mara.anderson55,@noah.vargas274",,Cara Alvarez,2025-09-20 23:15:44,noise
@cara.alvarez562,"@noah.vargas274,@mara.anderson55",,Cara Alvarez,2025-09-19 14:00:28,noise
@cara.alvarez562,"@noah.vargas274,@ava.unger353",,Cara Alvarez,2025-09-09 11:22:01,noise
@cara.alvarez562,"@ava.unger353,@noah.vargas274",,Cara Alvarez,2025-09-06 03:01:15,noise
@cara.alvarez562,,,Cara Alvarez,2025-08-27 20:18:25,noise
@cara.alvarez562,,,Cara Alvarez,2025-08-23 03:18:17,noise
@cara.alvarez562,,,Cara Alvarez,2025-08-21 18:08:36,noise
@cara.alvarez562,"@noah.vargas274,@mara.anderson55",,Cara Alvarez,2025-08-18 13:12:05,noise
@cara.alvarez562,"@mara.anderson55,@noah.vargas274",,Cara Alvarez,2025-08-16 12:06:38,noise
@cara.alvarez562,,,Cara Alvarez,2025-08-15 00:15:03,noise
@cara.alvarez562,,LAT1465,Cara Alvarez,2025-08-12 18:11:26,noise
@cara.alvarez562,,,Cara Alvarez,2025-08-11 19:30:41,noise
@cara.alvarez562,,,Cara Alvarez,2025-08-10 12:25:04,noise
@cara.alvarez562,"@noah.vargas274,@ava.unger353",,Cara Alvarez,2025-08-09 16:08:36,noise
@cara.alvarez562,,LAT1914,Cara Alvarez,2025-08-07 18:30:07,noise
@cara.alvarez562,"@ava.unger353,@noah.vargas274",,Cara Alvarez,2025-08-06 18:11:06,noise
@cara.alvarez562,"@noah.vargas274,@ava.unger353",,Cara Alvarez,2025-08-05 08:02:48,noise
@nia.bakker667,"@raj.alvarez13,@leo.gomes363",,Nia Bakker,2025-10-01 08:06:32,noise
@nia.bakker667,"@raj.alvarez13,@grace.chen753",LAT1690,Nia Bakker,2025-09-29 13:28:44,noise
@nia.bakker667,"@grace.chen753,@leo.gomes363",,Nia Bakker,2025-09-26 11:24:14,noise
@nia.bakker667,,,Nia Bakker,2025-09-17 17:09:32,noise
@nia.bakker667,"@grace.chen753,@leo.gomes363",,Nia Bakker,2025-09-14 02:04:38,noise
@nia.bakker667,"@grace.chen753,@leo.gomes363",,Nia Bakker,2025-09-13 17:08:03,noise
@nia.bakker667,,,Nia Bakker,2025-09-10 21:04:20,noise
@nia.bakker667,"@grace.chen753,@raj.alvarez13",,Nia Bakker,2025-09-09 04:03:08,noise
@nia.bakker667,"@grace.chen753,@leo.gomes363",,Nia Bakker,2025-09-07 15:29:06,noise
@nia.bakker667,"@raj.alvarez13,@leo.gomes363",,Nia Bakker,2025-09-05 08:11:57,noise
@nia.bakker667,,,Nia Bakker,2025-09-04 11:17:17,noise
@nia.bakker667,"@grace.chen753,@raj.alvarez13",,Nia Bakker,2025-08-28 11:11:46,noise
@nia.bakker667,"@raj.alvarez13,@grace.chen753",,Nia Bakker,2025-08-26 11:25:30,noise
@nia.bakker667,,,Nia Bakker,2025-08-12 21:24:45,noise
@diego.vargas719,"@victor.elsayed168,@wes.jansen988",,Diego Vargas,2025-09-29 09:19:35,noise
@diego.vargas719,"@wes.jansen988,@ava.unger353",LAT1768,Diego Vargas,2025-09-24 10:15:12,noise
@diego.vargas719,,LAT1929,Diego Vargas,2025-09-20 19:04:39,noise
@diego.vargas719,,,Diego Vargas,2025-09-16 15:08:35,noise
@diego.vargas719,,,Diego Vargas,2025-09-15 22:20:04,noise
@diego.vargas719,"@wes.jansen988,@victor.elsayed168",,Diego Vargas,2025-09-14 10:14:37,noise
@diego.vargas719,"@ava.unger353,@wes.jansen988",,Diego Vargas,2025-09-11 04:06:09,noise
@diego.vargas719,,,Diego Vargas,2025-09-10 08:29:05,noise
@diego.vargas719,"@wes.jansen988,@victor.elsayed168",,Diego Vargas,2025-09-05 16:29:35,noise
@diego.vargas719,,,Diego Vargas,2025-09-03 08:05:57,noise
@diego.vargas719,"@victor.elsayed168,@ava.unger353",,Diego Vargas,2025-08-31 09:06:47,noise
@diego.vargas719,,,Diego Vargas,2025-08-30 11:00:17,noise
@diego.vargas719,"@victor.elsayed168,@wes.jansen988",,Diego Vargas,2025-08-28 09:10:53,noise
@diego.vargas719,,,Diego Vargas,2025-08-26 20:00:11,noise
@diego.vargas719,"@wes.jansen988,@victor.elsayed168",,Diego Vargas,2025-08-18 20:14:42,noise
@diego.vargas719,"@wes.jansen988,@victor.elsayed168",LAT1662,Diego Vargas,2025-08-13 13:30:49,noise
@diego.vargas719,,,Diego Vargas,2025-08-09 16:13:39,noise
@diego.vargas719,,,Diego Vargas,2025-08-07 21:03:27,noise
@victor.brooks28,"@mara.iqbal493,@kai.haddad318",,Victor Brooks,2025-10-02 11:18:14,noise
@victor.brooks28,,,Victor Brooks,2025-10-01 10:05:04,noise
@victor.brooks28,"@mara.iqbal493,@kai.haddad318",LAT1561,Victor Brooks,2025-09-30 14:14:24,noise
@victor.brooks28,"@grace.rossi297,@mara.iqbal493",,Victor Brooks,2025-09-28 20:19:17,noise
@victor.brooks28,,LAT1431,Victor Brooks,2025-09-25 09:16:10,noise
@victor.brooks28,,,Victor Brooks,2025-09-24 21:19:59,noise
@victor.brooks28,,,Victor Brooks,2025-09-20 12:29:47,noise
@victor.brooks28,"@grace.rossi297,@mara.iqbal493",LAT1015,Victor Brooks,2025-09-15 16:17:24,noise
@victor.brooks28,"@grace.rossi297,@kai.haddad318",,Victor Brooks,2025-09-13 15:01:22,noise
@victor.brooks28,,,Victor Brooks,2025-09-09 09:30:48,noise
@victor.brooks28,"@mara.iqbal493,@grace.rossi297",,Victor Brooks,2025-09-08 12:29:41,noise
@victor.brooks28,"@grace.rossi297,@kai.haddad318",,Victor Brooks,2025-09-02 23:29:20,noise
@victor.brooks28,,,Victor Brooks,2025-08-31 15:03:57,noise
@victor.brooks28,"@mara.iqbal493,@grace.rossi297",LAT1129,Victor Brooks,2025-08-29 22:13:40,noise
@victor.brooks28,,,Victor Brooks,2025-08-28 20:22:19,noise
@victor.brooks28,"@grace.rossi297,@kai.haddad318",,Victor Brooks,2025-08-25 18:07:48,noise
@victor.brooks28,"@mara.iqbal493,@kai.haddad318",,Victor Brooks,2025-08-22 17:00:40,noise
@victor.brooks28,,,Victor Brooks,2025-08-21 03:20:00,noise
@victor.brooks28,,,Victor Brooks,2025-08-20 05:06:50,noise
@victor.brooks28,"@mara.iqbal493,@grace.rossi297",,Victor Brooks,2025-08-16 08:25:35,noise
@victor.brooks28,,,Victor Brooks,2025-08-14 13:28:29,noise
@victor.brooks28,,,Victor Brooks,2025-08-10 08:02:37,noise
@victor.brooks28,,,Victor Brooks,2025-08-08 16:26:25,noise
@victor.brooks28,"@kai.haddad318,@grace.rossi297",,Victor Brooks,2025-08-06 08:03:45,noise
@grace.haddad616,"@grace.haddad867,@omar.bakker123",,Grace Haddad,2025-10-02 16:28:34,noise
@grace.haddad616,"@grace.haddad867,@ava.lopes309",LAT1156,Grace Haddad,2025-10-01 11:13:52,noise
@grace.haddad616,"@omar.bakker123,@ava.lopes309",,Grace Haddad,2025-09-24 14:15:25,noise
@grace.haddad616,,LAT1573,Grace Haddad,2025-09-23 15:26:26,noise
@grace.haddad616,"@ava.lopes309,@grace.haddad867",,Grace Haddad,2025-09-20 09:18:22,noise
@grace.haddad616,,,Grace Haddad,2025-09-16 17:02:02,noise
@grace.haddad616,,,Grace Haddad,2025-09-14 09:04:14,noise
@grace.haddad616,"@ava.lopes309,@omar.bakker123",LAT1209,Grace Haddad,2025-09-13 18:20:52,noise
@grace.haddad616,"@omar.bakker123,@grace.haddad867",,Grace Haddad,2025-09-12 05:04:01,noise
@grace.haddad616,,,Grace Haddad,2025-09-11 13:09:09,noise
@grace.haddad616,"@omar.bakker123,@grace.haddad867",,Grace Haddad,2025-09-10 15:21:42,noise
@grace.haddad616,,LAT1916,Grace Haddad,2025-09-04 14:09:27,noise
@grace.haddad616,"@ava.lopes309,@grace.haddad867",,Grace Haddad,2025-09-02 19:16:27,noise
@grace.haddad616,,,Grace Haddad,2025-08-28 20:16:06,noise
@grace.haddad616,"@ava.lopes309,@omar.bakker123",,Grace Haddad,2025-08-24 08:18:10,noise
@grace.haddad616,,LAT1448,Grace Haddad,2025-08-20 12:08:24,noise
@grace.haddad616,"@ava.lopes309,@grace.haddad867",LAT1422,Grace Haddad,2025-08-19 08:13:47,noise
@grace.haddad616,"@omar.bakker123,@grace.haddad867",,Grace Haddad,2025-08-17 22:19:01,noise
@grace.haddad616,,,Grace Haddad,2025-08-08 17:06:29,noise
@grace.haddad616,,,Grace Haddad,2025-08-04 17:23:11,noise
@victor.jansen346,"@victor.elsayed168,@hugo.meyer669",,Victor Jansen,2025-10-03 23:08:08,noise
@victor.jansen346,"@victor.elsayed168,@hugo.meyer669",,Victor Jansen,2025-10-01 20:16:16,noise
@victor.jansen346,,,Victor Jansen,2025-09-27 13:19:34,noise
@victor.jansen346,,,Victor Jansen,2025-09-16 20:01:08,noise
@victor.jansen346,"@victor.elsayed168,@ava.silva249",,Victor Jansen,2025-09-10 09:09:04,noise
@victor.jansen346,"@ava.silva249,@hugo.meyer669",,Victor Jansen,2025-09-09 13:19:42,noise
@victor.jansen346,,,Victor Jansen,2025-09-08 23:25:15,noise
@victor.jansen346,,,Victor Jansen,2025-09-06 20:25:04,noise
@victor.jansen346,"@ava.silva249,@victor.elsayed168",,Victor Jansen,2025-09-04 09:21:30,noise
@victor.jansen346,"@ava.silva249,@hugo.meyer669",,Victor Jansen,2025-08-30 19:00:01,noise
@victor.jansen346,"@victor.elsayed168,@hugo.meyer669",,Victor Jansen,2025-08-29 12:12:52,noise
@victor.jansen346,"@ava.silva249,@victor.elsayed168",,Victor Jansen,2025-08-23 08:26:18,noise
@victor.jansen346,,,Victor Jansen,2025-08-22 10:10:56,noise
@victor.jansen346,,LAT1668,Victor Jansen,2025-08-21 14:11:29,noise
@victor.jansen346,,LAT1962,Victor Jansen,2025-08-16 00:30:12,noise
@victor.jansen346,"@ava.silva249,@victor.elsayed168",,Victor Jansen,2025-08-09 20:14:17,noise
@ben.yamamoto884,"@diego.vargas719,@ava.tanaka897",,Ben Yamamoto,2025-09-29 15:21:00,noise
@ben.yamamoto884,,,Ben Yamamoto,2025-09-28 09:15:07,noise
@ben.yamamoto884,,LAT1504,Ben Yamamoto,2025-09-24 12:25:32,noise
@ben.yamamoto884,,LAT1859,Ben Yamamoto,2025-09-21 18:20:55,noise
@ben.yamamoto884,,,Ben Yamamoto,2025-09-18 08:16:11,noise
@ben.yamamoto884,"@diego.vargas719,@ava.tanaka897",LAT1597,Ben Yamamoto,2025-09-13 13:26:32,noise
@ben.yamamoto884,,,Ben Yamamoto,2025-09-12 09:03:23,noise
@ben.yamamoto884,,,Ben Yamamoto,2025-09-04 17:27:58,noise
@ben.yamamoto884,"@ava.tanaka897,@omar.bakker123",LAT1856,Ben Yamamoto,2025-08-28 14:25:36,noise
@ben.yamamoto884,"@ava.tanaka897,@diego.vargas719",LAT1218,Ben Yamamoto,2025-08-23 15:13:31,noise
@ben.yamamoto884,"@ava.tanaka897,@omar.bakker123",LAT1912,Ben Yamamoto,2025-08-15 15:11:06,noise
@ben.yamamoto884,,,Ben Yamamoto,2025-08-13 19:30:22,noise
@ben.yamamoto884,,,Ben Yamamoto,2025-08-06 20:23:24,noise
@ben.yamamoto884,"@diego.vargas719,@ava.tanaka897",LAT1112,Ben Yamamoto,2025-08-05 15:29:04,noise
@ben.yamamoto884,,LAT1354,Ben Yamamoto,2025-08-04 09:15:15,noise
@ivy.vargas10,"@ben.yamamoto884,@kai.tanaka328",,Ivy Vargas,2025-10-03 16:05:37,noise
@ivy.vargas10,,,Ivy Vargas,2025-09-26 18:22:01,noise
@ivy.vargas10,"@wes.meyer466,@kai.tanaka328",,Ivy Vargas,2025-09-25 15:14:36,noise
@ivy.vargas10,,LAT1648,Ivy Vargas,2025-09-24 12:12:05,noise
@ivy.vargas10,"@wes.meyer466,@kai.tanaka328",,Ivy Vargas,2025-09-23 14:09:49,noise
@ivy.vargas10,,,Ivy Vargas,2025-09-17 10:05:52,noise
@ivy.vargas10,"@kai.tanaka328,@wes.meyer466",LAT1985,Ivy Vargas,2025-09-16 18:15:14,noise
@ivy.vargas10,"@wes.meyer466,@kai.tanaka328",,Ivy Vargas,2025-09-12 11:19:05,noise
@ivy.vargas10,"@ben.yamamoto884,@kai.tanaka328",,Ivy Vargas,2025-09-07 11:03:12,noise
@ivy.vargas10,,,Ivy Vargas,2025-08-29 18:27:17,noise
@ivy.vargas10,,,Ivy Vargas,2025-08-23 08:14:16,noise
@ivy.vargas10,"@wes.meyer466,@ben.yamamoto884",,Ivy Vargas,2025-08-22 15:12:30,noise
@ivy.vargas10,,,Ivy Vargas,2025-08-20 16:17:07,noise
@ivy.vargas10,,,Ivy Vargas,2025-08-16 22:00:48,noise
@ivy.vargas10,"@wes.meyer466,@kai.tanaka328",,Ivy Vargas,2025-08-15 08:00:17,noise
@ivy.vargas10,"@kai.tanaka328,@wes.meyer466",LAT1957,Ivy Vargas,2025-08-10 13:29:31,noise
@ivy.vargas10,"@ben.yamamoto884,@kai.tanaka328",,Ivy Vargas,2025-08-05 14:17:57,noise
@ivy.vargas10,"@kai.tanaka328,@wes.meyer466",,Ivy Vargas,2025-08-04 11:14:48,noise
@kai.duarte121,"@nia.bakker667,@grace.haddad867",,Kai Duarte,2025-10-01 20:07:03,noise
@kai.duarte121,,,Kai Duarte,2025-09-29 20:09:43,noise
@kai.duarte121,,,Kai Duarte,2025-09-23 08:29:35,noise
@kai.duarte121,"@ben.zhou66,@grace.haddad867",,Kai Duarte,2025-09-22 16:20:42,noise
@kai.duarte121,,,Kai Duarte,2025-09-16 15:14:54,noise
@kai.duarte121,,,Kai Duarte,2025-09-14 10:18:34,noise
@kai.duarte121,,,Kai Duarte,2025-09-12 19:11:38,noise
@kai.duarte121,,,Kai Duarte,2025-09-04 18:28:49,noise
@kai.duarte121,"@ben.zhou66,@nia.bakker667",,Kai Duarte,2025-09-03 10:30:11,noise
@kai.duarte121,"@grace.haddad867,@nia.bakker667",,Kai Duarte,2025-08-18 19:05:18,noise
@kai.duarte121,"@nia.bakker667,@ben.zhou66",,Kai Duarte,2025-08-17 09:20:40,noise
@kai.duarte121,"@nia.bakker667,@ben.zhou66",,Kai Duarte,2025-08-06 17:16:36,noise
@kai.duarte121,"@grace.haddad867,@ben.zhou66",,Kai Duarte,2025-08-05 12:20:14,noise
@cara.diaz710,,,Cara Diaz,2025-10-03 19:12:50,noise
@cara.diaz710,,,Cara Diaz,2025-10-02 05:01:51,noise
@cara.diaz710,,LAT1748,Cara Diaz,2025-09-23 14:19:12,noise
@cara.diaz710,,,Cara Diaz,2025-09-21 12:05:22,noise
@cara.diaz710,,LAT1589,Cara Diaz,2025-09-19 23:09:30,noise
@cara.diaz710,,LAT1227,Cara Diaz,2025-09-08 14:11:25,noise
@cara.diaz710,"@mara.anderson55,@cara.alvarez562",LAT1023,Cara Diaz,2025-09-05 15:02:57,noise
@cara.diaz710,"@cara.alvarez562,@ava.alvarez396",,Cara Diaz,2025-09-02 13:10:43,noise
@cara.diaz710,"@ava.alvarez396,@cara.alvarez562",,Cara Diaz,2025-08-31 14:14:22,noise
@cara.diaz710,"@ava.alvarez396,@mara.anderson55",,Cara Diaz,2025-08-24 19:07:52,noise
@cara.diaz710,,,Cara Diaz,2025-08-21 11:00:30,noise
@cara.diaz710,,,Cara Diaz,2025-08-18 23:25:51,noise
@cara.diaz710,"@mara.anderson55,@cara.alvarez562",,Cara Diaz,2025-08-16 18:16:18,noise
@cara.diaz710,,,Cara Diaz,2025-08-14 17:04:49,noise
@cara.diaz710,"@ava.alvarez396,@mara.anderson55",,Cara Diaz,2025-08-12 19:21:23,noise
@cara.diaz710,"@cara.alvarez562,@mara.anderson55",LAT1237,Cara Diaz,2025-08-07 08:30:07,noise
@kai.tanaka328,,LAT1865,Kai Tanaka,2025-09-25 16:17:42,noise
@kai.tanaka328,"@priya.chen658,@wes.alvarez101",,Kai Tanaka,2025-09-23 11:03:17,noise
@kai.tanaka328,"@grace.rossi297,@priya.chen658",LAT1013,Kai Tanaka,2025-09-20 19:20:08,noise
@kai.tanaka328,,,Kai Tanaka,2025-09-19 12:29:29,noise
@kai.tanaka328,,,Kai Tanaka,2025-09-18 11:22:37,noise
@kai.tanaka328,,,Kai Tanaka,2025-09-13 08:29:41,noise
@kai.tanaka328,,,Kai Tanaka,2025-09-08 12:27:21,noise
@kai.tanaka328,"@wes.alvarez101,@grace.rossi297",,Kai Tanaka,2025-09-07 13:14:09,noise
@kai.tanaka328,,,Kai Tanaka,2025-09-05 22:02:36,noise
@kai.tanaka328,,LAT1586,Kai Tanaka,2025-09-03 19:11:58,noise
@kai.tanaka328,"@grace.rossi297,@wes.alvarez101",,Kai Tanaka,2025-09-02 00:20:14,noise
@kai.tanaka328,,,Kai Tanaka,2025-08-29 18:09:28,noise
@kai.tanaka328,"@priya.chen658,@wes.alvarez101",,Kai Tanaka,2025-08-23 17:28:05,noise
@kai.tanaka328,"@wes.alvarez101,@grace.rossi297",,Kai Tanaka,2025-08-20 03:23:26,noise
@kai.tanaka328,,LAT1883,Kai Tanaka,2025-08-17 08:10:39,noise
@kai.tanaka328,"@priya.chen658,@grace.rossi297",LAT1577,Kai Tanaka,2025-08-16 16:09:42,noise
@kai.tanaka328,"@wes.alvarez101,@grace.rossi297",,Kai Tanaka,2025-08-05 21:29:13,noise
@jin.yamamoto480,,,Jin Yamamoto,2025-10-02 20:26:14,noise
@jin.yamamoto480,,,Jin Yamamoto,2025-09-30 13:21:25,noise
@jin.yamamoto480,"@xin.novak717,@victor.elsayed168",,Jin Yamamoto,2025-09-28 14:26:25,noise
@jin.yamamoto480,"@victor.elsayed168,@xin.novak717",,Jin Yamamoto,2025-09-27 08:20:21,noise
@jin.yamamoto480,"@xin.novak717,@ivy.mehta485",LAT1087,Jin Yamamoto,2025-09-24 20:30:44,noise
@jin.yamamoto480,,,Jin Yamamoto,2025-09-23 20:30:42,noise
@jin.yamamoto480,"@ivy.mehta485,@xin.novak717",,Jin Yamamoto,2025-09-21 16:27:16,noise
@jin.yamamoto480,,,Jin Yamamoto,2025-09-20 00:07:56,noise
@jin.yamamoto480,,,Jin Yamamoto,2025-09-13 15:16:07,noise
@jin.yamamoto480,,,Jin Yamamoto,2025-09-05 09:06:51,noise
@jin.yamamoto480,,,Jin Yamamoto,2025-09-04 18:30:12,noise
@jin.yamamoto480,"@ivy.mehta485,@xin.novak717",,Jin Yamamoto,2025-09-03 15:18:24,noise
@jin.yamamoto480,"@victor.elsayed168,@xin.novak717",,Jin Yamamoto,2025-08-31 22:18:06,noise
@jin.yamamoto480,,,Jin Yamamoto,2025-08-27 03:18:43,noise
@jin.yamamoto480,"@ivy.mehta485,@victor.elsayed168",,Jin Yamamoto,2025-08-22 13:01:43,noise
@jin.yamamoto480,,,Jin Yamamoto,2025-08-21 12:01:15,noise
@jin.yamamoto480,"@ivy.mehta485,@victor.elsayed168",,Jin Yamamoto,2025-08-20 14:30:13,noise
@jin.yamamoto480,"@xin.novak717,@victor.elsayed168",,Jin Yamamoto,2025-08-15 17:24:13,noise
@jin.yamamoto480,,LAT1133,Jin Yamamoto,2025-08-13 19:08:59,noise
@jin.yamamoto480,,,Jin Yamamoto,2025-08-04 17:10:28,noise
@priya.chen658,,,Priya Chen,2025-10-03 15:05:47,noise
@priya.chen658,"@nia.bakker667,@leo.quinn269",,Priya Chen,2025-10-02 09:19:00,noise
@priya.chen658,"@ava.duarte817,@leo.quinn269",,Priya Chen,2025-09-27 14:20:22,noise
@priya.chen658,,,Priya Chen,2025-09-25 17:09:45,noise
@priya.chen658,"@nia.bakker667,@ava.duarte817",,Priya Chen,2025-09-23 10:07:36,noise
@priya.chen658,,,Priya Chen,2025-09-22 14:01:11,noise
@priya.chen658,,LAT1814,Priya Chen,2025-09-18 11:08:49,noise
@priya.chen658,"@leo.quinn269,@nia.bakker667",,Priya Chen,2025-09-17 12:18:13,noise
@priya.chen658,"@nia.bakker667,@leo.quinn269",,Priya Chen,2025-09-16 09:01:50,noise
@priya.chen658,,LAT1377,Priya Chen,2025-09-15 10:24:06,noise
@priya.chen658,,,Priya Chen,2025-09-10 03:19:56,noise
@priya.chen658,,,Priya Chen,2025-09-07 14:14:25,noise
@priya.chen658,"@leo.quinn269,@nia.bakker667",,Priya Chen,2025-09-03 03:06:29,noise
@priya.chen658,,LAT1753,Priya Chen,2025-09-02 20:25:30,noise
@priya.chen658,,,Priya Chen,2025-08-31 17:27:48,noise
@priya.chen658,"@nia.bakker667,@leo.quinn269",,Priya Chen,2025-08-29 10:07:22,noise
@priya.chen658,,,Priya Chen,2025-08-28 04:12:35,noise
@priya.chen658,,,Priya Chen,2025-08-26 04:21:52,noise
@priya.chen658,"@nia.bakker667,@ava.duarte817",,Priya Chen,2025-08-22 14:07:42,noise
@priya.chen658,"@leo.quinn269,@nia.bakker667",LAT1646,Priya Chen,2025-08-21 08:18:42,noise
@priya.chen658,"@ava.duarte817,@leo.quinn269",,Priya Chen,2025-08-15 12:30:32,noise
@priya.chen658,"@nia.bakker667,@leo.quinn269",,Priya Chen,2025-08-14 16:25:04,noise
@priya.chen658,"@ava.duarte817,@nia.bakker667",LAT1038,Priya Chen,2025-08-13 18:24:26,noise
@priya.chen658,,LAT1326,Priya Chen,2025-08-10 18:18:23,noise
@priya.chen658,"@ava.duarte817,@leo.quinn269",,Priya Chen,2025-08-07 10:11:35,noise
@cara.haddad447,,,Cara Haddad,2025-10-01 09:21:49,noise
@cara.haddad447,"@victor.lopes104,@omar.bakker123",,Cara Haddad,2025-09-30 08:16:15,noise
@cara.haddad447,,,Cara Haddad,2025-09-28 08:29:52,noise
@cara.haddad447,,,Cara Haddad,2025-09-24 10:12:25,noise
@cara.haddad447,,,Cara Haddad,2025-09-23 12:10:19,noise
@cara.haddad447,,,Cara Haddad,2025-09-19 15:26:39,noise
@cara.haddad447,"@cara.lopes436,@omar.bakker123",,Cara Haddad,2025-09-12 05:05:11,noise
@cara.haddad447,"@omar.bakker123,@victor.lopes104",LAT1612,Cara Haddad,2025-09-10 14:21:55,noise
@cara.haddad447,"@cara.lopes436,@omar.bakker123",,Cara Haddad,2025-09-07 13:17:18,noise
@cara.haddad447,,,Cara Haddad,2025-09-03 08:01:31,noise
@cara.haddad447,"@victor.lopes104,@cara.lopes436",,Cara Haddad,2025-09-01 08:04:08,noise
@cara.haddad447,"@victor.lopes104,@cara.lopes436",,Cara Haddad,2025-08-25 12:18:31,noise
@cara.haddad447,,,Cara Haddad,2025-08-24 11:03:48,noise
@cara.haddad447,,,Cara Haddad,2025-08-23 20:15:32,noise
@cara.haddad447,"@omar.bakker123,@cara.lopes436",,Cara Haddad,2025-08-20 17:08:11,noise
@cara.haddad447,"@cara.lopes436,@victor.lopes104",,Cara Haddad,2025-08-19 18:30:00,noise
@cara.haddad447,"@victor.lopes104,@cara.lopes436",LAT1739,Cara Haddad,2025-08-18 09:18:52,noise
@cara.haddad447,,,Cara Haddad,2025-08-13 11:02:55,noise
@cara.haddad447,,,Cara Haddad,2025-08-12 22:24:34,noise
@cara.haddad447,"@cara.lopes436,@victor.lopes104",,Cara Haddad,2025-08-06 09:08:17,noise
@cara.haddad447,"@victor.lopes104,@cara.lopes436",,Cara Haddad,2025-08-05 20:05:15,noise
@cara.haddad447,"@victor.lopes104,@cara.lopes436",,Cara Haddad,2025-08-04 12:28:40,noise
@grace.haddad796,,,Grace Haddad,2025-10-03 17:23:24,noise
@grace.haddad796,,,Grace Haddad,2025-10-01 23:18:45,noise
@grace.haddad796,,,Grace Haddad,2025-09-24 03:08:52,noise
@grace.haddad796,"@victor.brooks28,@grace.alvarez773",,Grace Haddad,2025-09-23 18:03:03,noise
@grace.haddad796,,,Grace Haddad,2025-09-15 12:06:19,noise
@grace.haddad796,"@victor.brooks28,@grace.alvarez773",,Grace Haddad,2025-09-10 15:13:41,noise
@grace.haddad796,,,Grace Haddad,2025-09-05 08:07:21,noise
@grace.haddad796,,,Grace Haddad,2025-09-01 21:16:49,noise
@grace.haddad796,"@grace.alvarez773,@victor.brooks28",,Grace Haddad,2025-08-31 08:19:26,noise
@grace.haddad796,,,Grace Haddad,2025-08-21 20:11:48,noise
@grace.haddad796,"@grace.alvarez773,@noah.brooks499",,Grace Haddad,2025-08-19 17:13:28,noise
@grace.haddad796,,,Grace Haddad,2025-08-05 16:27:34,noise
@grace.haddad796,,,Grace Haddad,2025-08-04 10:03:19,noise
@ivy.duarte446,"@noah.vargas274,@cara.lopes436",,Ivy Duarte,2025-09-28 17:23:54,noise
@ivy.duarte446,"@cara.lopes436,@mara.anderson55",,Ivy Duarte,2025-09-07 17:18:33,noise
@ivy.duarte446,"@mara.anderson55,@cara.lopes436",,Ivy Duarte,2025-09-05 10:29:21,noise
@ivy.duarte446,,LAT1760,Ivy Duarte,2025-08-31 15:17:44,noise
@ivy.duarte446,,,Ivy Duarte,2025-08-28 15:17:17,noise
@ivy.duarte446,,,Ivy Duarte,2025-08-24 16:23:39,noise
@ivy.duarte446,"@mara.anderson55,@noah.vargas274",,Ivy Duarte,2025-08-22 14:30:03,noise
@ivy.duarte446,"@cara.lopes436,@mara.anderson55",,Ivy Duarte,2025-08-17 17:02:27,noise
@ivy.duarte446,"@mara.anderson55,@cara.lopes436",,Ivy Duarte,2025-08-15 10:19:49,noise
@ivy.duarte446,,,Ivy Duarte,2025-08-07 09:23:53,noise
@ivy.duarte446,,,Ivy Duarte,2025-08-04 18:27:03,noise
@ava.carlos186,,,Ava Carlos,2025-09-28 19:21:23,noise
@ava.carlos186,"@ben.zhou66,@nia.lopes360",LAT1220,Ava Carlos,2025-09-27 15:10:52,noise
@ava.carlos186,"@nia.lopes360,@ben.zhou66",,Ava Carlos,2025-09-26 08:12:55,noise
@ava.carlos186,,,Ava Carlos,2025-09-23 16:19:51,noise
@ava.carlos186,,,Ava Carlos,2025-09-19 15:21:00,noise
@ava.carlos186,,,Ava Carlos,2025-09-16 20:09:00,noise
@ava.carlos186,,,Ava Carlos,2025-09-14 18:05:14,noise
@ava.carlos186,,,Ava Carlos,2025-09-13 10:07:33,noise
@ava.carlos186,,,Ava Carlos,2025-09-12 22:09:40,noise
@ava.carlos186,,,Ava Carlos,2025-09-04 18:15:07,noise
@ava.carlos186,"@ben.zhou66,@nia.lopes360",,Ava Carlos,2025-08-30 15:17:01,noise
@ava.carlos186,,,Ava Carlos,2025-08-28 15:06:24,noise
@ava.carlos186,,,Ava Carlos,2025-08-22 15:16:44,noise
@ava.carlos186,"@ben.zhou66,@nia.lopes360",,Ava Carlos,2025-08-21 13:08:17,noise
@ava.carlos186,,,Ava Carlos,2025-08-18 09:19:36,noise
@ava.carlos186,,,Ava Carlos,2025-08-16 08:10:10,noise
@ava.carlos186,"@nia.lopes360,@ben.zhou66",,Ava Carlos,2025-08-13 16:06:47,noise
@ava.carlos186,,,Ava Carlos,2025-08-12 22:14:59,noise
@ava.carlos186,"@nia.lopes360,@ben.zhou66",,Ava Carlos,2025-08-04 19:11:08,noise
@ava.silva249,,,Ava Silva,2025-10-02 13:12:00,noise
@ava.silva249,"@cara.haddad447,@cara.lopes436",,Ava Silva,2025-10-01 21:18:36,noise
@ava.silva249,,,Ava Silva,2025-09-30 11:02:02,noise
@ava.silva249,"@cara.lopes436,@cara.haddad447",,Ava Silva,2025-09-27 21:22:19,noise
@ava.silva249,"@cara.haddad447,@cara.lopes436",,Ava Silva,2025-09-26 13:13:15,noise
@ava.silva249,,,Ava Silva,2025-09-25 17:28:46,noise
@ava.silva249,,,Ava Silva,2025-09-21 19:01:58,noise
@ava.silva249,,,Ava Silva,2025-09-19 18:07:48,noise
@ava.silva249,"@hugo.meyer669,@cara.lopes436",,Ava Silva,2025-09-15 14:28:23,noise
@ava.silva249,,LAT1555,Ava Silva,2025-09-14 09:20:45,noise
@ava.silva249,"@hugo.meyer669,@cara.lopes436",LAT1132,Ava Silva,2025-09-10 17:04:53,noise
@ava.silva249,"@cara.haddad447,@cara.lopes436",,Ava Silva,2025-09-09 16:02:30,noise
@ava.silva249,"@cara.haddad447,@cara.lopes436",,Ava Silva,2025-09-05 19:14:08,noise
@ava.silva249,,,Ava Silva,2025-09-02 16:03:51,noise
@ava.silva249,"@hugo.meyer669,@cara.haddad447",,Ava Silva,2025-09-01 21:16:39,noise
@ava.silva249,,,Ava Silva,2025-08-31 12:16:06,noise
@ava.silva249,,,Ava Silva,2025-08-26 00:21:46,noise
@ava.silva249,"@cara.haddad447,@hugo.meyer669",,Ava Silva,2025-08-14 23:09:09,noise
@ava.silva249,"@cara.haddad447,@hugo.meyer669",,Ava Silva,2025-08-11 19:14:28,noise
@tomas.brooks895,,,Tomas Brooks,2025-09-28 15:05:00,noise
@tomas.brooks895,"@victor.brooks28,@diego.patida893",,Tomas Brooks,2025-09-26 22:22:18,noise
@tomas.brooks895,,LAT1837,Tomas Brooks,2025-09-25 19:18:03,noise
@tomas.brooks895,"@diego.patida893,@victor.brooks28",,Tomas Brooks,2025-09-19 10:27:26,noise
@tomas.brooks895,,LAT1134,Tomas Brooks,2025-09-18 14:16:37,noise
@tomas.brooks895,"@sara.novak186,@victor.brooks28",,Tomas Brooks,2025-09-16 13:07:52,noise
@tomas.brooks895,"@diego.patida893,@victor.brooks28",,Tomas Brooks,2025-09-15 13:22:49,noise
@tomas.brooks895,"@victor.brooks28,@sara.novak186",,Tomas Brooks,2025-09-13 20:03:37,noise
@tomas.brooks895,"@victor.brooks28,@sara.novak186",LAT1476,Tomas Brooks,2025-09-09 14:01:31,noise
@tomas.brooks895,"@sara.novak186,@diego.patida893",,Tomas Brooks,2025-09-04 14:01:33,noise
@tomas.brooks895,,,Tomas Brooks,2025-09-02 16:01:16,noise
@tomas.brooks895,,,Tomas Brooks,2025-08-30 09:21:24,noise
@tomas.brooks895,"@victor.brooks28,@sara.novak186",,Tomas Brooks,2025-08-26 23:27:54,noise
@tomas.brooks895,"@diego.patida893,@victor.brooks28",,Tomas Brooks,2025-08-23 00:30:16,noise
@tomas.brooks895,,,Tomas Brooks,2025-08-22 10:26:23,noise
@tomas.brooks895,"@diego.patida893,@victor.brooks28",LAT1112,Tomas Brooks,2025-08-16 20:25:28,noise
@tomas.brooks895,"@victor.brooks28,@sara.novak186",,Tomas Brooks,2025-08-14 16:26:56,noise
@tomas.brooks895,"@victor.brooks28,@sara.novak186",LAT1942,Tomas Brooks,2025-08-10 09:16:47,noise
@tomas.brooks895,,,Tomas Brooks,2025-08-04 12:24:34,noise
@sara.quinn458,,,Sara Quinn,2025-10-02 13:19:45,noise
@sara.quinn458,"@grace.haddad616,@ivy.quinn437",,Sara Quinn,2025-09-21 11:28:36,noise
@sara.quinn458,"@ivy.quinn437,@diego.patida893",,Sara Quinn,2025-09-19 12:29:44,noise
@sara.quinn458,"@diego.patida893,@grace.haddad616",,Sara Quinn,2025-09-14 17:08:35,noise
@sara.quinn458,,,Sara Quinn,2025-09-13 19:01:51,noise
@sara.quinn458,,,Sara Quinn,2025-09-11 16:29:49,noise
@sara.quinn458,"@ivy.quinn437,@grace.haddad616",,Sara Quinn,2025-09-01 18:07:52,noise
@sara.quinn458,,LAT1051,Sara Quinn,2025-08-22 15:02:27,noise
@sara.quinn458,"@grace.haddad616,@diego.patida893",,Sara Quinn,2025-08-20 19:07:58,noise
@sara.quinn458,"@ivy.quinn437,@diego.patida893",,Sara Quinn,2025-08-15 11:05:16,noise
@sara.quinn458,,,Sara Quinn,2025-08-10 16:13:51,noise
@sara.quinn458,,,Sara Quinn,2025-08-09 09:17:36,noise
@sara.quinn458,"@diego.patida893,@ivy.quinn437",,Sara Quinn,2025-08-05 19:23:48,noise
@sara.quinn458,,,Sara Quinn,2025-08-04 23:17:02,noise
@grace.haddad867,,LAT1236,Grace Haddad,2025-10-01 12:15:23,noise
@grace.haddad867,,,Grace Haddad,2025-09-24 18:16:16,noise
@grace.haddad867,,,Grace Haddad,2025-09-22 17:00:11,noise
@grace.haddad867,,LAT1064,Grace Haddad,2025-09-20 22:09:10,noise
@grace.haddad867,"@nia.bakker667,@lena.meyer826",,Grace Haddad,2025-09-13 17:09:27,noise
@grace.haddad867,,LAT1938,Grace Haddad,2025-09-12 09:06:57,noise
@grace.haddad867,"@lena.meyer826,@nia.bakker667",,Grace Haddad,2025-08-24 10:06:39,noise
@grace.haddad867,"@lena.meyer826,@nia.bakker667",,Grace Haddad,2025-08-22 19:06:55,noise
@grace.haddad867,"@lena.meyer826,@nia.bakker667",,Grace Haddad,2025-08-20 15:08:50,noise
@grace.haddad867,"@nia.lopes360,@nia.bakker667",,Grace Haddad,2025-08-14 15:08:19,noise
@grace.haddad867,,,Grace Haddad,2025-08-06 23:20:35,noise
@nia.lopes360,,LAT1918,Nia Lopes,2025-10-03 19:10:49,noise
@nia.lopes360,"@cara.haddad447,@ava.alvarez396",,Nia Lopes,2025-09-30 17:05:49,noise
@nia.lopes360,,,Nia Lopes,2025-09-18 23:26:23,noise
@nia.lopes360,"@ava.tanaka897,@cara.haddad447",LAT1644,Nia Lopes,2025-09-14 10:04:33,noise
@nia.lopes360,"@ava.tanaka897,@cara.haddad447",,Nia Lopes,2025-09-12 09:06:01,noise
@nia.lopes360,,,Nia Lopes,2025-09-03 16:25:08,noise
@nia.lopes360,"@ava.tanaka897,@ava.alvarez396",LAT1221,Nia Lopes,2025-09-02 17:04:59,noise
@nia.lopes360,"@ava.alvarez396,@ava.tanaka897",,Nia Lopes,2025-09-01 03:07:46,noise
@nia.lopes360,"@cara.haddad447,@ava.alvarez396",LAT1227,Nia Lopes,2025-08-27 23:25:26,noise
@nia.lopes360,"@cara.haddad447,@ava.alvarez396",,Nia Lopes,2025-08-25 00:08:46,noise
@nia.lopes360,,,Nia Lopes,2025-08-23 23:13:26,noise
@nia.lopes360,,,Nia Lopes,2025-08-17 17:26:44,noise
@nia.lopes360,"@ava.alvarez396,@ava.tanaka897",,Nia Lopes,2025-08-11 11:10:09,noise
@nia.lopes360,"@cara.haddad447,@ava.alvarez396",,Nia Lopes,2025-08-09 19:26:19,noise
@nia.lopes360,"@ava.tanaka897,@cara.haddad447",,Nia Lopes,2025-08-07 13:08:45,noise
@nia.lopes360,,,Nia Lopes,2025-08-06 17:19:32,noise
@nia.lopes360,"@ava.tanaka897,@ava.alvarez396",,Nia Lopes,2025-08-05 02:08:15,noise
@leo.quinn269,"@noah.brooks499,@xin.iqbal230",,Leo Quinn,2025-10-02 16:29:00,noise
@leo.quinn269,"@xin.iqbal230,@cara.unger809",LAT1408,Leo Quinn,2025-09-29 12:29:51,noise
@leo.quinn269,,,Leo Quinn,2025-09-28 11:30:53,noise
@leo.quinn269,"@cara.unger809,@xin.iqbal230",,Leo Quinn,2025-09-26 11:20:44,noise
@leo.quinn269,"@xin.iqbal230,@noah.brooks499",,Leo Quinn,2025-09-14 15:14:35,noise
@leo.quinn269,"@noah.brooks499,@cara.unger809",,Leo Quinn,2025-09-13 21:26:38,noise
@leo.quinn269,"@cara.unger809,@noah.brooks499",,Leo Quinn,2025-09-07 14:06:47,noise
@leo.quinn269,"@xin.iqbal230,@noah.brooks499",LAT1720,Leo Quinn,2025-09-05 02:02:39,noise
@leo.quinn269,,,Leo Quinn,2025-08-31 12:23:29,noise
@leo.quinn269,"@noah.brooks499,@cara.unger809",,Leo Quinn,2025-08-28 14:01:38,noise
@leo.quinn269,"@noah.brooks499,@cara.unger809",LAT1520,Leo Quinn,2025-08-24 22:22:12,noise
@leo.quinn269,"@cara.unger809,@noah.brooks499",,Leo Quinn,2025-08-20 12:22:02,noise
@leo.quinn269,,,Leo Quinn,2025-08-17 13:12:57,noise
@leo.quinn269,"@cara.unger809,@xin.iqbal230",,Leo Quinn,2025-08-12 21:12:51,noise
@leo.quinn269,"@cara.unger809,@noah.brooks499",,Leo Quinn,2025-08-08 08:20:43,noise
@leo.quinn269,"@cara.unger809,@xin.iqbal230",,Leo Quinn,2025-08-06 13:17:46,noise
@nia.brooks152,"@raj.alvarez13,@mara.anderson55",,Nia Brooks,2025-10-03 22:04:21,noise
@nia.brooks152,,LAT1129,Nia Brooks,2025-10-02 18:23:50,noise
@nia.brooks152,"@cara.lopes436,@mara.anderson55",,Nia Brooks,2025-09-30 10:13:51,noise
@nia.brooks152,"@raj.alvarez13,@cara.lopes436",,Nia Brooks,2025-09-28 10:12:29,noise
@nia.brooks152,"@raj.alvarez13,@cara.lopes436",,Nia Brooks,2025-09-27 09:16:50,noise
@nia.brooks152,"@cara.lopes436,@raj.alvarez13",,Nia Brooks,2025-09-25 17:19:16,noise
@nia.brooks152,"@mara.anderson55,@cara.lopes436",,Nia Brooks,2025-09-19 14:14:22,noise
@nia.brooks152,,LAT1957,Nia Brooks,2025-09-17 10:04:51,noise
@nia.brooks152,"@mara.anderson55,@raj.alvarez13",,Nia Brooks,2025-09-16 18:01:40,noise
@nia.brooks152,,,Nia Brooks,2025-09-13 13:12:47,noise
@nia.brooks152,,,Nia Brooks,2025-09-11 16:24:01,noise
@nia.brooks152,,,Nia Brooks,2025-09-10 08:23:10,noise
@nia.brooks152,"@raj.alvarez13,@cara.lopes436",,Nia Brooks,2025-09-05 13:03:47,noise
@nia.brooks152,,,Nia Brooks,2025-09-02 08:15:51,noise
@nia.brooks152,,,Nia Brooks,2025-09-01 12:24:58,noise
@nia.brooks152,"@mara.anderson55,@raj.alvarez13",LAT1613,Nia Brooks,2025-08-28 17:12:58,noise
@nia.brooks152,"@raj.alvarez13,@mara.anderson55",,Nia Brooks,2025-08-25 21:08:43,noise
@nia.brooks152,,,Nia Brooks,2025-08-24 16:02:56,noise
@nia.brooks152,,,Nia Brooks,2025-08-19 22:02:55,noise
@nia.brooks152,"@cara.lopes436,@mara.anderson55",,Nia Brooks,2025-08-18 17:24:19,noise
@nia.brooks152,"@mara.anderson55,@cara.lopes436",,Nia Brooks,2025-08-17 11:21:23,noise
@nia.brooks152,"@cara.lopes436,@raj.alvarez13",,Nia Brooks,2025-08-04 11:25:18,noise
@ava.alvarez396,"@nia.brooks152,@grace.haddad616",,Ava Alvarez,2025-10-02 17:11:57,noise
@ava.alvarez396,"@grace.haddad616,@nia.brooks152",,Ava Alvarez,2025-09-28 23:11:28,noise
@ava.alvarez396,,,Ava Alvarez,2025-09-27 13:14:37,noise
@ava.alvarez396,"@ivy.mehta485,@grace.haddad616",,Ava Alvarez,2025-09-26 13:08:03,noise
@ava.alvarez396,"@nia.brooks152,@ivy.mehta485",,Ava Alvarez,2025-09-24 16:18:25,noise
@ava.alvarez396,"@ivy.mehta485,@grace.haddad616",,Ava Alvarez,2025-09-23 14:25:44,noise
@ava.alvarez396,"@ivy.mehta485,@nia.brooks152",,Ava Alvarez,2025-09-22 22:26:45,noise
@ava.alvarez396,,LAT1304,Ava Alvarez,2025-09-21 11:21:20,noise
@ava.alvarez396,"@ivy.mehta485,@grace.haddad616",,Ava Alvarez,2025-09-20 02:19:33,noise
@ava.alvarez396,,LAT1578,Ava Alvarez,2025-09-18 19:18:24,noise
@ava.alvarez396,,,Ava Alvarez,2025-09-17 16:12:52,noise
@ava.alvarez396,,,Ava Alvarez,2025-09-16 10:11:31,noise
@ava.alvarez396,,,Ava Alvarez,2025-09-14 20:04:34,noise
@ava.alvarez396,"@nia.brooks152,@grace.haddad616",,Ava Alvarez,2025-09-12 09:10:27,noise
@ava.alvarez396,"@grace.haddad616,@nia.brooks152",,Ava Alvarez,2025-09-11 15:05:28,noise
@ava.alvarez396,,,Ava Alvarez,2025-09-10 05:23:38,noise
@ava.alvarez396,,,Ava Alvarez,2025-09-08 21:13:44,noise
@ava.alvarez396,,,Ava Alvarez,2025-09-03 19:30:00,noise
@ava.alvarez396,"@ivy.mehta485,@nia.brooks152",,Ava Alvarez,2025-08-31 00:02:04,noise
@ava.alvarez396,,,Ava Alvarez,2025-08-27 16:29:04,noise
@ava.alvarez396,"@nia.brooks152,@ivy.mehta485",,Ava Alvarez,2025-08-26 20:15:36,noise
@ava.alvarez396,,,Ava Alvarez,2025-08-24 20:29:29,noise
@ava.alvarez396,,,Ava Alvarez,2025-08-16 19:01:08,noise
@ava.alvarez396,,,Ava Alvarez,2025-08-14 18:25:30,noise
@ava.alvarez396,,,Ava Alvarez,2025-08-12 22:13:53,noise
@ava.alvarez396,"@ivy.mehta485,@nia.brooks152",,Ava Alvarez,2025-08-09 13:26:24,noise
@ava.alvarez396,"@grace.haddad616,@ivy.mehta485",,Ava Alvarez,2025-08-04 13:16:33,noise
@mara.anderson55,,,Mara Anderson,2025-09-17 19:29:26,noise
@mara.anderson55,,,Mara Anderson,2025-09-15 15:29:32,noise
@mara.anderson55,"@kai.yamamoto589,@victor.elsayed168",,Mara Anderson,2025-09-13 15:17:28,noise
@mara.anderson55,,,Mara Anderson,2025-09-12 18:06:36,noise
@mara.anderson55,"@omar.bakker123,@kai.yamamoto589",,Mara Anderson,2025-09-08 12:28:46,noise
@mara.anderson55,"@victor.elsayed168,@omar.bakker123",,Mara Anderson,2025-09-05 17:24:56,noise
@mara.anderson55,,,Mara Anderson,2025-09-01 08:24:01,noise
@mara.anderson55,,,Mara Anderson,2025-08-30 08:12:32,noise
@mara.anderson55,"@omar.bakker123,@victor.elsayed168",,Mara Anderson,2025-08-28 15:12:19,noise
@mara.anderson55,"@omar.bakker123,@kai.yamamoto589",,Mara Anderson,2025-08-27 13:17:30,noise
@mara.anderson55,,,Mara Anderson,2025-08-25 20:19:44,noise
@mara.anderson55,"@kai.yamamoto589,@omar.bakker123",,Mara Anderson,2025-08-23 12:20:16,noise
@mara.anderson55,,LAT1845,Mara Anderson,2025-08-20 10:17:16,noise
@mara.anderson55,,,Mara Anderson,2025-08-19 03:06:11,noise
@mara.anderson55,"@victor.elsayed168,@omar.bakker123",,Mara Anderson,2025-08-17 17:29:08,noise
@mara.anderson55,"@omar.bakker123,@kai.yamamoto589",,Mara Anderson,2025-08-16 03:04:30,noise
@mara.anderson55,"@victor.elsayed168,@omar.bakker123",,Mara Anderson,2025-08-15 18:09:00,noise
@mara.anderson55,"@kai.yamamoto589,@victor.elsayed168",LAT1090,Mara Anderson,2025-08-12 20:05:37,noise
@mara.anderson55,,LAT1976,Mara Anderson,2025-08-10 14:00:01,noise
@mara.anderson55,"@victor.elsayed168,@kai.yamamoto589",LAT1478,Mara Anderson,2025-08-09 19:24:19,noise
@victor.lopes104,"@cara.unger809,@ava.wei957",LAT1971,Victor Lopes,2025-10-03 22:13:34,noise
@victor.lopes104,"@priya.chen658,@cara.unger809",,Victor Lopes,2025-09-29 21:17:51,noise
@victor.lopes104,,,Victor Lopes,2025-09-24 13:27:33,noise
@victor.lopes104,,,Victor Lopes,2025-09-22 18:27:42,noise
@victor.lopes104,,,Victor Lopes,2025-09-21 14:23:11,noise
@victor.lopes104,"@priya.chen658,@ava.wei957",,Victor Lopes,2025-09-20 17:20:59,noise
@victor.lopes104,,,Victor Lopes,2025-09-19 17:24:57,noise
@victor.lopes104,,,Victor Lopes,2025-09-15 22:01:56,noise
@victor.lopes104,"@priya.chen658,@cara.unger809",,Victor Lopes,2025-09-13 16:29:20,noise
@victor.lopes104,,,Victor Lopes,2025-09-07 16:12:22,noise
@victor.lopes104,,,Victor Lopes,2025-08-30 18:14:44,noise
@victor.lopes104,,,Victor Lopes,2025-08-27 04:00:18,noise
@victor.lopes104,,,Victor Lopes,2025-08-23 15:03:34,noise
@victor.lopes104,,LAT1660,Victor Lopes,2025-08-22 02:27:33,noise
@victor.lopes104,"@cara.unger809,@ava.wei957",,Victor Lopes,2025-08-21 20:22:45,noise
@victor.lopes104,,,Victor Lopes,2025-08-12 09:03:14,noise
@victor.lopes104,"@ava.wei957,@cara.unger809",,Victor Lopes,2025-08-10 22:17:23,noise
@victor.lopes104,,,Victor Lopes,2025-08-09 14:08:21,noise
@sara.anderson470,,,Sara Anderson,2025-10-02 09:13:33,noise
@sara.anderson470,"@grace.haddad616,@cara.wei712",,Sara Anderson,2025-09-30 13:04:05,noise
@sara.anderson470,,,Sara Anderson,2025-09-28 22:21:30,noise
@sara.anderson470,"@cara.wei712,@grace.haddad616",,Sara Anderson,2025-09-26 03:28:34,noise
@sara.anderson470,,,Sara Anderson,2025-09-25 16:09:46,noise
@sara.anderson470,,,Sara Anderson,2025-09-18 15:24:38,noise
@sara.anderson470,,,Sara Anderson,2025-09-16 11:12:33,noise
@sara.anderson470,"@cara.wei712,@grace.haddad616",,Sara Anderson,2025-09-07 11:06:17,noise
@sara.anderson470,,,Sara Anderson,2025-09-03 21:10:55,noise
@sara.anderson470,,LAT1878,Sara Anderson,2025-08-30 10:26:33,noise
@sara.anderson470,,LAT1842,Sara Anderson,2025-08-29 00:03:17,noise
@sara.anderson470,"@cara.wei712,@grace.haddad616",,Sara Anderson,2025-08-28 17:20:02,noise
@sara.anderson470,,,Sara Anderson,2025-08-25 16:20:05,noise
@sara.anderson470,,,Sara Anderson,2025-08-19 08:00:39,noise
@sara.anderson470,,,Sara Anderson,2025-08-15 04:05:32,noise
@wes.yamamoto539,"@grace.chen753,@noah.zhou53",,Wes Yamamoto,2025-09-29 11:08:22,noise
@wes.yamamoto539,,LAT1674,Wes Yamamoto,2025-09-28 16:22:30,noise
@wes.yamamoto539,"@grace.chen753,@noah.zhou53",LAT1414,Wes Yamamoto,2025-09-26 13:18:12,noise
@wes.yamamoto539,"@noah.zhou53,@grace.chen753",,Wes Yamamoto,2025-09-25 18:18:19,noise
@wes.yamamoto539,"@grace.chen753,@noah.zhou53",LAT1840,Wes Yamamoto,2025-09-22 10:30:10,noise
@wes.yamamoto539,,,Wes Yamamoto,2025-09-16 11:23:48,noise
@wes.yamamoto539,,,Wes Yamamoto,2025-09-15 11:25:47,noise
@wes.yamamoto539,"@noah.zhou53,@grace.chen753",,Wes Yamamoto,2025-09-04 17:28:37,noise
@wes.yamamoto539,,,Wes Yamamoto,2025-09-02 10:00:30,noise
@wes.yamamoto539,"@grace.chen753,@noah.zhou53",,Wes Yamamoto,2025-08-30 15:22:06,noise
@wes.yamamoto539,"@grace.chen753,@noah.zhou53",,Wes Yamamoto,2025-08-26 16:04:12,noise
@wes.yamamoto539,"@grace.chen753,@noah.zhou53",,Wes Yamamoto,2025-08-22 05:08:35,noise
@wes.yamamoto539,"@noah.zhou53,@grace.chen753",,Wes Yamamoto,2025-08-19 14:24:02,noise
@wes.yamamoto539,"@grace.chen753,@noah.zhou53",,Wes Yamamoto,2025-08-18 14:20:57,noise
@wes.yamamoto539,"@noah.zhou53,@grace.chen753",,Wes Yamamoto,2025-08-17 20:26:00,noise
@wes.yamamoto539,"@noah.zhou53,@grace.chen753",,Wes Yamamoto,2025-08-14 19:01:32,noise
@wes.yamamoto539,"@grace.chen753,@noah.zhou53",,Wes Yamamoto,2025-08-13 14:04:22,noise
@wes.yamamoto539,,,Wes Yamamoto,2025-08-09 18:06:31,noise
@omar.duarte673,,LAT1154,Omar Duarte,2025-09-27 10:14:47,noise
@omar.duarte673,,,Omar Duarte,2025-09-24 09:14:41,noise
@omar.duarte673,"@raj.elsayed334,@cara.haddad447",,Omar Duarte,2025-09-21 13:18:20,noise
@omar.duarte673,,,Omar Duarte,2025-09-19 18:30:41,noise
@omar.duarte673,"@cara.haddad447,@raj.elsayed334",LAT1499,Omar Duarte,2025-09-15 08:07:09,noise
@omar.duarte673,,,Omar Duarte,2025-09-14 12:10:26,noise
@omar.duarte673,"@raj.elsayed334,@cara.haddad447",,Omar Duarte,2025-09-13 23:05:06,noise
@omar.duarte673,,LAT1182,Omar Duarte,2025-09-09 04:20:08,noise
@omar.duarte673,"@cara.haddad447,@raj.elsayed334",,Omar Duarte,2025-09-02 08:20:23,noise
@omar.duarte673,,,Omar Duarte,2025-08-27 09:29:36,noise
@omar.duarte673,,,Omar Duarte,2025-08-26 16:17:56,noise
@omar.duarte673,,,Omar Duarte,2025-08-25 20:16:02,noise
@omar.duarte673,,LAT1789,Omar Duarte,2025-08-23 14:05:45,noise
@omar.duarte673,,,Omar Duarte,2025-08-20 15:22:01,noise
@omar.duarte673,"@cara.haddad447,@raj.elsayed334",,Omar Duarte,2025-08-19 11:05:48,noise
@omar.duarte673,"@raj.elsayed334,@cara.haddad447",,Omar Duarte,2025-08-06 15:18:12,noise
@omar.duarte673,"@ava.unger353,@mara.anderson55,@xin.lopes523",LAT1660,Omar Duarte,2025-12-22 23:30:43,noise
@omar.duarte673,"@ava.unger353,@mara.anderson55,@xin.lopes523",LAT1660,Omar Duarte,2025-12-22 03:20:48,noise
@omar.duarte673,"@ava.unger353,@mara.anderson55,@xin.lopes523",LAT1660,Omar Duarte,2025-12-22 14:09:08,noise
@omar.duarte673,"@ava.unger353,@mara.anderson55,@xin.lopes523",LAT1660,Omar Duarte,2025-12-22 04:00:54,noise
@omar.duarte673,"@ava.unger353,@mara.anderson55,@xin.lopes523",LAT1660,Omar Duarte,2025-12-22 08:11:38,noise
@omar.duarte673,"@ava.unger353,@mara.anderson55,@xin.lopes523",LAT1660,Omar Duarte,2025-12-22 03:07:35,noise
@omar.duarte673,"@ava.unger353,@mara.anderson55,@xin.lopes523",LAT1660,Omar Duarte,2025-12-22 21:06:37,noise
@omar.duarte673,"@ava.unger353,@mara.anderson55,@xin.lopes523",LAT1660,Omar Duarte,2025-12-22 21:18:30,noise
@omar.duarte673,"@ava.unger353,@mara.anderson55,@xin.lopes523",LAT1660,Omar Duarte,2025-12-22 02:24:56,noise
@omar.duarte673,"@ava.unger353,@mara.anderson55,@xin.lopes523",LAT1660,Omar Duarte,2025-12-22 06:19:18,noise
@omar.duarte673,"@ava.unger353,@mara.anderson55,@xin.lopes523",LAT1660,Omar Duarte,2025-12-22 00:12:26,noise
@omar.duarte673,"@ava.unger353,@mara.anderson55,@xin.lopes523",LAT1660,Omar Duarte,2025-12-22 01:02:36,noise
@omar.duarte673,"@ava.unger353,@mara.anderson55,@xin.lopes523",LAT1660,Omar Duarte,2025-12-22 03:04:38,noise
@omar.duarte673,"@ava.unger353,@mara.anderson55,@xin.lopes523",LAT1660,Omar Duarte,2025-12-22 18:25:19,noise
@omar.duarte673,"@ava.unger353,@mara.anderson55,@xin.lopes523",LAT1660,Omar Duarte,2025-12-22 01:06:00,noise
@omar.duarte673,"@ava.unger353,@mara.anderson55,@xin.lopes523",LAT1660,Omar Duarte,2025-12-22 14:05:15,noise
@omar.duarte673,"@ava.unger353,@mara.anderson55,@xin.lopes523",LAT1660,Omar Duarte,2025-12-22 02:00:01,noise
@omar.duarte673,"@ava.unger353,@mara.anderson55,@xin.lopes523",LAT1660,Omar Duarte,2025-12-22 02:06:07,noise
@omar.duarte673,"@ava.unger353,@mara.anderson55,@xin.lopes523",LAT1660,Omar Duarte,2025-12-22 02:16:21,noise
@omar.duarte673,"@ava.unger353,@mara.anderson55,@xin.lopes523",LAT1660,Omar Duarte,2025-12-22 01:13:30,noise
@sara.vargas969,"@grace.haddad867,@jin.patida595",LAT1516,Sara Vargas,2025-10-03 18:15:10,noise
@sara.vargas969,,,Sara Vargas,2025-09-28 14:18:24,noise
@sara.vargas969,"@jin.patida595,@grace.haddad867",,Sara Vargas,2025-09-26 17:02:34,noise
@sara.vargas969,,,Sara Vargas,2025-09-25 19:25:59,noise
@sara.vargas969,"@grace.haddad867,@jin.patida595",,Sara Vargas,2025-09-22 14:07:56,noise
@sara.vargas969,,,Sara Vargas,2025-09-20 17:08:45,noise
@sara.vargas969,,,Sara Vargas,2025-09-19 08:00:55,noise
@sara.vargas969,"@jin.patida595,@grace.haddad867",LAT1016,Sara Vargas,2025-09-16 18:02:11,noise
@sara.vargas969,,,Sara Vargas,2025-09-15 20:10:27,noise
@sara.vargas969,,,Sara Vargas,2025-09-12 14:15:44,noise
@sara.vargas969,,,Sara Vargas,2025-09-11 18:05:29,noise
@sara.vargas969,"@jin.patida595,@grace.haddad867",,Sara Vargas,2025-09-09 13:07:43,noise
@sara.vargas969,"@grace.haddad867,@jin.patida595",,Sara Vargas,2025-09-06 13:13:47,noise
@sara.vargas969,,LAT1212,Sara Vargas,2025-09-05 15:19:37,noise
@sara.vargas969,,,Sara Vargas,2025-08-27 21:26:31,noise
@sara.vargas969,,,Sara Vargas,2025-08-19 11:08:00,noise
@sara.vargas969,,,Sara Vargas,2025-08-18 22:22:18,noise
@sara.vargas969,,LAT1058,Sara Vargas,2025-08-14 23:04:05,noise
@sara.vargas969,,LAT1533,Sara Vargas,2025-08-13 03:07:12,noise
@sara.vargas969,"@grace.haddad867,@jin.patida595",LAT1327,Sara Vargas,2025-08-10 22:09:40,noise
@sara.vargas969,,,Sara Vargas,2025-08-09 01:02:57,noise
@sara.vargas969,,LAT1675,Sara Vargas,2025-08-08 20:24:40,noise
@sara.vargas969,"@ava.chen824,@kai.yamamoto589,@elena.meyer595",LAT1650,Sara Vargas,2025-12-24 06:21:54,noise
@sara.vargas969,"@ava.chen824,@kai.yamamoto589,@elena.meyer595",LAT1650,Sara Vargas,2025-12-24 23:03:30,noise
@sara.vargas969,"@ava.chen824,@kai.yamamoto589,@elena.meyer595",LAT1650,Sara Vargas,2025-12-24 09:29:42,noise
@sara.vargas969,"@ava.chen824,@kai.yamamoto589,@elena.meyer595",LAT1650,Sara Vargas,2025-12-24 22:25:53,noise
@sara.vargas969,"@ava.chen824,@kai.yamamoto589,@elena.meyer595",LAT1650,Sara Vargas,2025-12-24 02:20:49,noise
@sara.vargas969,"@ava.chen824,@kai.yamamoto589,@elena.meyer595",LAT1650,Sara Vargas,2025-12-24 22:08:37,noise
@sara.vargas969,"@ava.chen824,@kai.yamamoto589,@elena.meyer595",LAT1650,Sara Vargas,2025-12-24 22:30:57,noise
@sara.vargas969,"@ava.chen824,@kai.yamamoto589,@elena.meyer595",LAT1650,Sara Vargas,2025-12-24 01:29:03,noise
@sara.vargas969,"@ava.chen824,@kai.yamamoto589,@elena.meyer595",LAT1650,Sara Vargas,2025-12-24 06:15:57,noise
@sara.vargas969,"@ava.chen824,@kai.yamamoto589,@elena.meyer595",LAT1650,Sara Vargas,2025-12-24 02:26:59,noise
@sara.vargas969,"@ava.chen824,@kai.yamamoto589,@elena.meyer595",LAT1650,Sara Vargas,2025-12-24 18:23:17,noise
@sara.vargas969,"@ava.chen824,@kai.yamamoto589,@elena.meyer595",LAT1650,Sara Vargas,2025-12-24 15:21:33,noise
@sara.vargas969,"@ava.chen824,@kai.yamamoto589,@elena.meyer595",LAT1650,Sara Vargas,2025-12-24 19:30:05,noise
@sara.vargas969,"@ava.chen824,@kai.yamamoto589,@elena.meyer595",LAT1650,Sara Vargas,2025-12-24 18:28:02,noise
@sara.vargas969,"@ava.chen824,@kai.yamamoto589,@elena.meyer595",LAT1650,Sara Vargas,2025-12-24 20:20:50,noise
@sara.vargas969,"@ava.chen824,@kai.yamamoto589,@elena.meyer595",LAT1650,Sara Vargas,2025-12-24 08:06:06,noise
@sara.vargas969,"@ava.chen824,@kai.yamamoto589,@elena.meyer595",LAT1650,Sara Vargas,2025-12-24 02:30:44,noise
@sara.vargas969,"@ava.chen824,@kai.yamamoto589,@elena.meyer595",LAT1650,Sara Vargas,2025-12-24 05:15:25,noise
@sara.vargas969,"@ava.chen824,@kai.yamamoto589,@elena.meyer595",LAT1650,Sara Vargas,2025-12-24 23:06:34,noise
@sara.vargas969,"@ava.chen824,@kai.yamamoto589,@elena.meyer595",LAT1650,Sara Vargas,2025-12-24 01:11:05,noise
@sara.vargas969,"@ava.chen824,@kai.yamamoto589,@elena.meyer595",LAT1650,Sara Vargas,2025-12-24 03:21:21,noise
@sara.vargas969,"@ava.chen824,@kai.yamamoto589,@elena.meyer595",LAT1650,Sara Vargas,2025-12-24 05:30:19,noise
@sara.vargas969,"@ava.chen824,@kai.yamamoto589,@elena.meyer595",LAT1650,Sara Vargas,2025-12-24 03:18:41,noise
@ava.chen824,"@raj.elsayed334,@nia.bakker667",LAT1342,Ava Chen,2025-10-03 09:16:05,noise
@ava.chen824,,LAT1510,Ava Chen,2025-10-02 15:02:16,noise
@ava.chen824,"@nia.bakker667,@raj.elsayed334",,Ava Chen,2025-10-01 18:15:42,noise
@ava.chen824,"@nia.bakker667,@raj.elsayed334",,Ava Chen,2025-09-29 09:30:06,noise
@ava.chen824,,,Ava Chen,2025-09-27 16:16:46,noise
@ava.chen824,,,Ava Chen,2025-09-20 15:20:06,noise
@ava.chen824,,,Ava Chen,2025-09-16 10:22:24,noise
@ava.chen824,"@raj.elsayed334,@nia.bakker667",,Ava Chen,2025-09-14 15:07:28,noise
@ava.chen824,,,Ava Chen,2025-09-07 16:04:07,noise
@ava.chen824,,,Ava Chen,2025-09-05 20:20:57,noise
@ava.chen824,,,Ava Chen,2025-08-26 13:15:47,noise
@ava.chen824,"@nia.bakker667,@raj.elsayed334",,Ava Chen,2025-08-24 12:05:30,noise
@ava.chen824,"@raj.elsayed334,@nia.bakker667",LAT1882,Ava Chen,2025-08-22 14:21:01,noise
@ava.chen824,,,Ava Chen,2025-08-17 08:28:52,noise
@ava.chen824,,,Ava Chen,2025-08-12 12:15:39,noise
@ava.chen824,"@raj.elsayed334,@nia.bakker667",,Ava Chen,2025-08-10 12:06:51,noise
@ava.chen824,"@ben.yamamoto884,@priya.kim121,@xin.iqbal230",LAT1938,Ava Chen,2025-12-17 04:02:35,noise
@ava.chen824,"@ben.yamamoto884,@priya.kim121,@xin.iqbal230",LAT1938,Ava Chen,2025-12-17 04:09:52,noise
@ava.chen824,"@ben.yamamoto884,@priya.kim121,@xin.iqbal230",LAT1938,Ava Chen,2025-12-17 03:16:12,noise
@ava.chen824,"@ben.yamamoto884,@priya.kim121,@xin.iqbal230",LAT1938,Ava Chen,2025-12-17 00:08:04,noise
@ava.chen824,"@ben.yamamoto884,@priya.kim121,@xin.iqbal230",LAT1938,Ava Chen,2025-12-17 04:29:16,noise
@ava.chen824,"@ben.yamamoto884,@priya.kim121,@xin.iqbal230",LAT1938,Ava Chen,2025-12-17 07:27:40,noise
@ava.chen824,"@ben.yamamoto884,@priya.kim121,@xin.iqbal230",LAT1938,Ava Chen,2025-12-17 11:15:51,noise
@ava.chen824,"@ben.yamamoto884,@priya.kim121,@xin.iqbal230",LAT1938,Ava Chen,2025-12-17 13:23:26,noise
@ava.chen824,"@ben.yamamoto884,@priya.kim121,@xin.iqbal230",LAT1938,Ava Chen,2025-12-17 05:16:15,noise
@ava.chen824,"@ben.yamamoto884,@priya.kim121,@xin.iqbal230",LAT1938,Ava Chen,2025-12-17 01:12:21,noise
@ava.chen824,"@ben.yamamoto884,@priya.kim121,@xin.iqbal230",LAT1938,Ava Chen,2025-12-17 04:15:10,noise
@ava.chen824,"@ben.yamamoto884,@priya.kim121,@xin.iqbal230",LAT1938,Ava Chen,2025-12-17 11:16:05,noise
@ava.chen824,"@ben.yamamoto884,@priya.kim121,@xin.iqbal230",LAT1938,Ava Chen,2025-12-17 08:28:28,noise
@ava.chen824,"@ben.yamamoto884,@priya.kim121,@xin.iqbal230",LAT1938,Ava Chen,2025-12-17 06:03:13,noise
@ava.chen824,"@ben.yamamoto884,@priya.kim121,@xin.iqbal230",LAT1938,Ava Chen,2025-12-17 04:01:09,noise
@ava.chen824,"@ben.yamamoto884,@priya.kim121,@xin.iqbal230",LAT1938,Ava Chen,2025-12-17 21:23:45,noise
@ava.chen824,"@ben.yamamoto884,@priya.kim121,@xin.iqbal230",LAT1938,Ava Chen,2025-12-17 08:00:39,noise
@ava.chen824,"@ben.yamamoto884,@priya.kim121,@xin.iqbal230",LAT1938,Ava Chen,2025-12-17 03:28:39,noise
@ava.chen824,"@ben.yamamoto884,@priya.kim121,@xin.iqbal230",LAT1938,Ava Chen,2025-12-17 00:30:54,noise
@ava.chen824,"@ben.yamamoto884,@priya.kim121,@xin.iqbal230",LAT1938,Ava Chen,2025-12-17 03:27:48,noise
@ava.chen824,"@ben.yamamoto884,@priya.kim121,@xin.iqbal230",LAT1938,Ava Chen,2025-12-17 07:08:16,noise
