user_handle,mentions,geo_tag,display_name,timestamp,notes
@tomas.rossi329,"@raj.iqbal224,@elena.iqbal729",,Tomas Rossi,2025-09-29 10:13:29,noise
@tomas.rossi329,"@elena.iqbal729,@raj.iqbal224",,Tomas Rossi,2025-09-26 08:28:02,noise
@tomas.rossi329,,LAT1046,Tomas Rossi,2025-09-25 10:05:47,noise
@tomas.rossi329,,,Tomas Rossi,2025-09-24 19:10:24,noise
@tomas.rossi329,"@raj.iqbal224,@noah.carlos168",,Tomas Rossi,2025-09-23 09:06:11,noise
@tomas.rossi329,"@elena.iqbal729,@noah.carlos168",,Tomas Rossi,2025-09-21 14:15:31,noise
@tomas.rossi329,"@elena.iqbal729,@raj.iqbal224",LAT1990,Tomas Rossi,2025-09-20 05:14:29,noise
@tomas.rossi329,"@noah.carlos168,@raj.iqbal224",LAT1779,Tomas Rossi,2025-09-19 20:20:39,noise
@tomas.rossi329,"@elena.iqbal729,@noah.carlos168",,Tomas Rossi,2025-09-18 16:02:59,noise
@tomas.rossi329,"@elena.iqbal729,@noah.carlos168",,Tomas Rossi,2025-09-13 10:05:29,noise
@tomas.rossi329,,,Tomas Rossi,2025-09-11 11:28:13,noise
@tomas.rossi329,"@elena.iqbal729,@raj.iqbal224",,Tomas Rossi,2025-09-04 21:15:32,noise
@tomas.rossi329,,,Tomas Rossi,2025-09-01 21:15:53,noise
@tomas.rossi329,,LAT1272,Tomas Rossi,2025-08-28 09:09:02,noise
@tomas.rossi329,,LAT1771,Tomas Rossi,2025-08-26 18:01:25,noise
@tomas.rossi329,"@noah.carlos168,@elena.iqbal729",,Tomas Rossi,2025-08-25 20:20:46,noise
@tomas.rossi329,,,Tomas Rossi,2025-08-16 14:03:08,noise
@tomas.rossi329,,,Tomas Rossi,2025-08-10 13:03:14,noise
@tomas.rossi329,,,Tomas Rossi,2025-08-09 20:07:51,noise
@tomas.rossi329,"@raj.iqbal224,@elena.iqbal729",LAT1280,Tomas Rossi,2025-08-08 14:03:32,noise
@xin.zhou857,"@mara.novak323,@raj.novak483",,Xin Zhou,2025-10-01 02:11:10,noise
@xin.zhou857,,,Xin Zhou,2025-09-22 09:28:35,noise
@xin.zhou857,,,Xin Zhou,2025-09-20 19:12:16,noise
@xin.zhou857,"@noah.chen285,@raj.novak483",,Xin Zhou,2025-09-18 09:21:29,noise
@xin.zhou857,"@mara.novak323,@raj.novak483",,Xin Zhou,2025-09-16 15:29:14,noise
@xin.zhou857,,LAT1981,Xin Zhou,2025-09-15 22:22:51,noise
@xin.zhou857,"@raj.novak483,@noah.chen285",,Xin Zhou,2025-09-11 12:24:23,noise
@xin.zhou857,,,Xin Zhou,2025-09-09 14:04:32,noise
@xin.zhou857,,,Xin Zhou,2025-09-06 16:14:52,noise
@xin.zhou857,,,Xin Zhou,2025-09-01 22:18:55,noise
@xin.zhou857,"@noah.chen285,@mara.novak323",LAT1075,Xin Zhou,2025-08-30 20:08:44,noise
@xin.zhou857,"@mara.novak323,@noah.chen285",,Xin Zhou,2025-08-29 08:08:53,noise
@xin.zhou857,,,Xin Zhou,2025-08-20 12:26:04,noise
@xin.zhou857,"@raj.novak483,@noah.chen285",,Xin Zhou,2025-08-18 18:24:57,noise
@xin.zhou857,,,Xin Zhou,2025-08-17 16:03:20,noise
@xin.zhou857,"@raj.novak483,@noah.chen285",,Xin Zhou,2025-08-14 12:23:00,noise
@xin.zhou857,,,Xin Zhou,2025-08-09 11:16:27,noise
@xin.zhou857,,,Xin Zhou,2025-08-08 15:30:39,noise
@xin.zhou857,,,Xin Zhou,2025-08-07 23:15:47,noise
@xin.zhou857,"@noah.chen285,@mara.novak323",LAT1528,Xin Zhou,2025-08-06 09:07:31,noise
@xin.zhou857,,LAT1784,Xin Zhou,2025-08-04 12:05:33,noise
@nia.alvarez50,,,Nia Alvarez,2025-10-01 11:19:51,noise
@nia.alvarez50,,,Nia Alvarez,2025-09-29 19:30:26,noise
@nia.alvarez50,,,Nia Alvarez,2025-09-27 19:14:59,noise
@nia.alvarez50,"@raj.novak483,@cara.vargas267",,Nia Alvarez,2025-09-17 16:07:45,noise
@nia.alvarez50,"@ana.alvarez682,@cara.vargas267",,Nia Alvarez,2025-09-15 11:25:24,noise
@nia.alvarez50,,,Nia Alvarez,2025-09-12 02:10:49,noise
@nia.alvarez50,,,Nia Alvarez,2025-09-11 08:25:31,noise
@nia.alvarez50,,,Nia Alvarez,2025-09-10 09:08:22,noise
@nia.alvarez50,"@raj.novak483,@cara.vargas267",,Nia Alvarez,2025-09-06 19:00:51,noise
@nia.alvarez50,"@raj.novak483,@cara.vargas267",,Nia Alvarez,2025-09-02 08:30:58,noise
@nia.alvarez50,"@cara.vargas267,@ana.alvarez682",LAT1725,Nia Alvarez,2025-08-30 16:22:56,noise
@nia.alvarez50,,,Nia Alvarez,2025-08-23 17:10:40,noise
@nia.alvarez50,,,Nia Alvarez,2025-08-21 20:06:08,noise
@nia.alvarez50,"@raj.novak483,@cara.vargas267",LAT1554,Nia Alvarez,2025-08-17 17:27:10,noise
@nia.alvarez50,,,Nia Alvarez,2025-08-09 15:14:33,noise
@nia.alvarez50,,,Nia Alvarez,2025-08-07 17:17:49,noise
@nia.bakker42,,LAT1972,Nia Bakker,2025-10-02 20:09:46,noise
@nia.bakker42,"@diego.meyer90,@fahad.rossi792",LAT1218,Nia Bakker,2025-10-01 14:07:01,noise
@nia.bakker42,,,Nia Bakker,2025-09-29 20:12:58,noise
@nia.bakker42,,,Nia Bakker,2025-09-28 05:01:26,noise
@nia.bakker42,"@fahad.rossi792,@cara.lopes933",LAT1955,Nia Bakker,2025-09-27 17:12:26,noise
@nia.bakker42,,,Nia Bakker,2025-09-26 10:17:06,noise
@nia.bakker42,,,Nia Bakker,2025-09-24 18:28:19,noise
@nia.bakker42,"@diego.meyer90,@cara.lopes933",,Nia Bakker,2025-09-21 14:24:37,noise
@nia.bakker42,,LAT1157,Nia Bakker,2025-09-19 10:15:31,noise
@nia.bakker42,"@fahad.rossi792,@cara.lopes933",,Nia Bakker,2025-09-15 12:02:46,noise
@nia.bakker42,,,Nia Bakker,2025-09-13 19:22:22,noise
@nia.bakker42,"@diego.meyer90,@fahad.rossi792",,Nia Bakker,2025-09-12 21:05:33,noise
@nia.bakker42,,,Nia Bakker,2025-09-11 10:01:38,noise
@nia.bakker42,"@diego.meyer90,@cara.lopes933",LAT1585,Nia Bakker,2025-09-08 10:03:04,noise
@nia.bakker42,"@diego.meyer90,@fahad.rossi792",,Nia Bakker,2025-09-05 18:18:37,noise
@nia.bakker42,,,Nia Bakker,2025-09-03 10:02:22,noise
@nia.bakker42,,,Nia Bakker,2025-08-29 12:16:26,noise
@nia.bakker42,"@cara.lopes933,@diego.meyer90",,Nia Bakker,2025-08-28 23:03:33,noise
@nia.bakker42,"@cara.lopes933,@fahad.rossi792",LAT1885,Nia Bakker,2025-08-25 13:09:33,noise
@nia.bakker42,,,Nia Bakker,2025-08-22 19:05:33,noise
@nia.bakker42,"@cara.lopes933,@fahad.rossi792",,Nia Bakker,2025-08-21 11:13:10,noise
@nia.bakker42,,,Nia Bakker,2025-08-20 01:09:44,noise
@nia.bakker42,"@fahad.rossi792,@cara.lopes933",,Nia Bakker,2025-08-18 18:08:49,noise
@nia.bakker42,,LAT1262,Nia Bakker,2025-08-16 11:08:42,noise
@nia.bakker42,,,Nia Bakker,2025-08-14 02:26:16,noise
@nia.bakker42,,,Nia Bakker,2025-08-13 08:02:59,noise
@nia.bakker42,,,Nia Bakker,2025-08-10 14:00:32,noise
@nia.bakker42,,,Nia Bakker,2025-08-08 12:16:36,noise
@nia.bakker42,"@diego.meyer90,@fahad.rossi792",,Nia Bakker,2025-08-06 16:27:11,noise
@wes.kim496,"@ava.iqbal420,@priya.silva357",,Wes Kim,2025-09-27 23:00:27,noise
@wes.kim496,"@priya.silva357,@diego.meyer90",,Wes Kim,2025-09-26 10:02:28,noise
@wes.kim496,"@priya.silva357,@ava.iqbal420",,Wes Kim,2025-09-25 19:30:23,noise
@wes.kim496,,LAT1234,Wes Kim,2025-09-20 16:23:46,noise
@wes.kim496,"@priya.silva357,@diego.meyer90",,Wes Kim,2025-09-06 14:09:46,noise
@wes.kim496,,,Wes Kim,2025-09-05 11:04:31,noise
@wes.kim496,"@ava.iqbal420,@priya.silva357",,Wes Kim,2025-09-01 02:09:20,noise
@wes.kim496,"@priya.silva357,@ava.iqbal420",,Wes Kim,2025-08-27 14:24:53,noise
@wes.kim496,,,Wes Kim,2025-08-26 17:03:41,noise
@wes.kim496,"@diego.meyer90,@priya.silva357",LAT1334,Wes Kim,2025-08-22 16:27:11,noise
@wes.kim496,"@diego.meyer90,@priya.silva357",,Wes Kim,2025-08-19 09:18:48,noise
@wes.kim496,,,Wes Kim,2025-08-16 02:14:55,noise
@wes.kim496,,LAT1223,Wes Kim,2025-08-13 09:19:53,noise
@wes.kim496,,,Wes Kim,2025-08-11 20:10:00,noise
@wes.kim496,,LAT1776,Wes Kim,2025-08-10 23:18:18,noise
@wes.kim496,,LAT1314,Wes Kim,2025-08-06 01:15:57,noise
@hugo.fischer367,"@lena.tanaka796,@uma.rossi361",LAT1558,Hugo Fischer,2025-10-03 00:26:52,noise
@hugo.fischer367,,,Hugo Fischer,2025-10-01 16:10:54,noise
@hugo.fischer367,"@wes.brooks147,@lena.tanaka796",,Hugo Fischer,2025-09-30 22:18:39,noise
@hugo.fischer367,"@wes.brooks147,@uma.rossi361",LAT1976,Hugo Fischer,2025-09-27 17:30:33,noise
@hugo.fischer367,,LAT1922,Hugo Fischer,2025-09-26 10:18:27,noise
@hugo.fischer367,,LAT1481,Hugo Fischer,2025-09-25 14:10:37,noise
@hugo.fischer367,,,Hugo Fischer,2025-09-24 03:10:16,noise
@hugo.fischer367,,LAT1643,Hugo Fischer,2025-09-22 12:28:26,noise
@hugo.fischer367,,,Hugo Fischer,2025-09-20 17:21:14,noise
@hugo.fischer367,"@wes.brooks147,@lena.tanaka796",LAT1299,Hugo Fischer,2025-09-18 21:10:58,noise
@hugo.fischer367,,LAT1825,Hugo Fischer,2025-09-17 00:17:58,noise
@hugo.fischer367,,,Hugo Fischer,2025-09-16 12:22:40,noise
@hugo.fischer367,"@lena.tanaka796,@uma.rossi361",,Hugo Fischer,2025-09-13 12:10:49,noise
@hugo.fischer367,"@lena.tanaka796,@uma.rossi361",LAT1059,Hugo Fischer,2025-09-04 17:22:18,noise
@hugo.fischer367,"@wes.brooks147,@uma.rossi361",,Hugo Fischer,2025-09-02 16:26:47,noise
@hugo.fischer367,,,Hugo Fischer,2025-08-30 13:22:31,noise
@hugo.fischer367,,,Hugo Fischer,2025-08-28 09:07:05,noise
@hugo.fischer367,,,Hugo Fischer,2025-08-23 08:24:33,noise
@hugo.fischer367,,,Hugo Fischer,2025-08-22 19:18:24,noise
@hugo.fischer367,"@uma.rossi361,@wes.brooks147",,Hugo Fischer,2025-08-18 15:02:15,noise
@hugo.fischer367,"@uma.rossi361,@wes.brooks147",LAT1865,Hugo Fischer,2025-08-16 00:14:36,noise
@hugo.fischer367,,LAT1489,Hugo Fischer,2025-08-15 02:24:26,noise
@hugo.fischer367,,,Hugo Fischer,2025-08-14 16:09:47,noise
@hugo.fischer367,,,Hugo Fischer,2025-08-12 14:21:17,noise
@hugo.fischer367,,,Hugo Fischer,2025-08-09 14:15:57,noise
@hugo.fischer367,,,Hugo Fischer,2025-08-08 16:25:09,noise
@hugo.fischer367,"@uma.rossi361,@lena.tanaka796",,Hugo Fischer,2025-08-07 17:25:48,noise
@hugo.fischer367,,LAT1828,Hugo Fischer,2025-08-04 02:22:02,noise
@noah.chen218,"@wes.kim496,@raj.novak483",,Noah Chen,2025-10-02 12:14:21,noise
@noah.chen218,,,Noah Chen,2025-09-28 12:19:47,noise
@noah.chen218,,LAT1893,Noah Chen,2025-09-25 14:09:12,noise
@noah.chen218,,LAT1817,Noah Chen,2025-09-23 23:12:53,noise
@noah.chen218,,,Noah Chen,2025-09-21 08:18:53,noise
@noah.chen218,"@raj.novak483,@wes.kim496",,Noah Chen,2025-09-19 14:13:16,noise
@noah.chen218,"@raj.novak483,@elena.quinn96",,Noah Chen,2025-09-16 16:19:39,noise
@noah.chen218,,,Noah Chen,2025-09-13 09:13:39,noise
@noah.chen218,"@raj.novak483,@wes.kim496",,Noah Chen,2025-09-12 20:05:13,noise
@noah.chen218,,,Noah Chen,2025-09-10 11:07:21,noise
@noah.chen218,,,Noah Chen,2025-09-08 08:12:09,noise
@noah.chen218,,,Noah Chen,2025-09-07 11:26:10,noise
@noah.chen218,,,Noah Chen,2025-09-06 21:03:57,noise
@noah.chen218,,,Noah Chen,2025-09-04 16:23:18,noise
@noah.chen218,,,Noah Chen,2025-08-29 13:21:13,noise
@noah.chen218,"@elena.quinn96,@raj.novak483",,Noah Chen,2025-08-27 11:18:58,noise
@noah.chen218,,LAT1964,Noah Chen,2025-08-21 10:28:29,noise
@noah.chen218,,LAT1802,Noah Chen,2025-08-17 23:04:53,noise
@noah.chen218,"@wes.kim496,@raj.novak483",,Noah Chen,2025-08-16 12:25:17,noise
@noah.chen218,,LAT1929,Noah Chen,2025-08-14 08:05:42,noise
@noah.chen218,"@wes.kim496,@raj.novak483",,Noah Chen,2025-08-13 05:03:39,noise
@noah.chen218,,,Noah Chen,2025-08-12 09:19:54,noise
@noah.chen218,,LAT1698,Noah Chen,2025-08-10 18:23:13,noise
@noah.chen218,,,Noah Chen,2025-08-07 16:20:09,noise
@diego.meyer90,,,Diego Meyer,2025-09-28 09:00:49,noise
@diego.meyer90,,,Diego Meyer,2025-09-20 14:27:47,noise
@diego.meyer90,"@fahad.vargas118,@ava.iqbal420",,Diego Meyer,2025-09-19 13:09:25,noise
@diego.meyer90,,,Diego Meyer,2025-09-17 20:13:01,noise
@diego.meyer90,"@ivy.novak769,@ava.iqbal420",,Diego Meyer,2025-09-16 08:26:51,noise
@diego.meyer90,,,Diego Meyer,2025-09-15 19:25:08,noise
@diego.meyer90,,,Diego Meyer,2025-09-12 19:22:18,noise
@diego.meyer90,,,Diego Meyer,2025-09-02 13:00:51,noise
@diego.meyer90,"@fahad.vargas118,@ava.iqbal420",,Diego Meyer,2025-08-24 20:11:52,noise
@diego.meyer90,"@fahad.vargas118,@ivy.novak769",,Diego Meyer,2025-08-19 23:20:25,noise
@diego.meyer90,,,Diego Meyer,2025-08-16 15:22:04,noise
@diego.meyer90,,LAT1780,Diego Meyer,2025-08-11 10:11:35,noise
@diego.meyer90,,,Diego Meyer,2025-08-10 12:18:41,noise
@diego.meyer90,"@ivy.novak769,@ava.iqbal420",,Diego Meyer,2025-08-07 08:25:51,noise
@diego.meyer90,"@victor.duarte945,@xin.kim693,@ana.tanaka694",LAT1208,Diego Meyer,2025-12-21 22:04:25,noise
@diego.meyer90,"@victor.duarte945,@xin.kim693,@ana.tanaka694",LAT1208,Diego Meyer,2025-12-21 06:18:45,noise
@diego.meyer90,"@victor.duarte945,@xin.kim693,@ana.tanaka694",LAT1208,Diego Meyer,2025-12-21 18:12:28,noise
@diego.meyer90,"@victor.duarte945,@xin.kim693,@ana.tanaka694",LAT1208,Diego Meyer,2025-12-21 04:04:59,noise
@diego.meyer90,"@victor.duarte945,@xin.kim693,@ana.tanaka694",LAT1208,Diego Meyer,2025-12-21 06:16:17,noise
@diego.meyer90,"@victor.duarte945,@xin.kim693,@ana.tanaka694",LAT1208,Diego Meyer,2025-12-21 18:16:29,noise
@diego.meyer90,"@victor.duarte945,@xin.kim693,@ana.tanaka694",LAT1208,Diego Meyer,2025-12-21 19:30:15,noise
@diego.meyer90,"@victor.duarte945,@xin.kim693,@ana.tanaka694",LAT1208,Diego Meyer,2025-12-21 07:23:44,noise
@diego.meyer90,"@victor.duarte945,@xin.kim693,@ana.tanaka694",LAT1208,Diego Meyer,2025-12-21 22:20:33,noise
@diego.meyer90,"@victor.duarte945,@xin.kim693,@ana.tanaka694",LAT1208,Diego Meyer,2025-12-21 05:18:55,noise
@diego.meyer90,"@victor.duarte945,@xin.kim693,@ana.tanaka694",LAT1208,Diego Meyer,2025-12-21 01:30:27,noise
@diego.meyer90,"@victor.duarte945,@xin.kim693,@ana.tanaka694",LAT1208,Diego Meyer,2025-12-21 20:29:52,noise
@diego.meyer90,"@victor.duarte945,@xin.kim693,@ana.tanaka694",LAT1208,Diego Meyer,2025-12-21 19:21:29,noise
@diego.meyer90,"@victor.duarte945,@xin.kim693,@ana.tanaka694",LAT1208,Diego Meyer,2025-12-21 20:14:25,noise
@diego.meyer90,"@victor.duarte945,@xin.kim693,@ana.tanaka694",LAT1208,Diego Meyer,2025-12-21 20:11:02,noise
@diego.meyer90,"@victor.duarte945,@xin.kim693,@ana.tanaka694",LAT1208,Diego Meyer,2025-12-21 13:12:02,noise
@diego.meyer90,"@victor.duarte945,@xin.kim693,@ana.tanaka694",LAT1208,Diego Meyer,2025-12-21 01:25:28,noise
@diego.meyer90,"@victor.duarte945,@xin.kim693,@ana.tanaka694",LAT1208,Diego Meyer,2025-12-21 02:06:23,noise
@diego.meyer90,"@victor.duarte945,@xin.kim693,@ana.tanaka694",LAT1208,Diego Meyer,2025-12-21 08:28:37,noise
@diego.meyer90,"@victor.duarte945,@xin.kim693,@ana.tanaka694",LAT1208,Diego Meyer,2025-12-21 03:18:45,noise
@ravi.diaz932,,,Ravi Diaz,2025-10-03 15:22:32,noise
@ravi.diaz932,"@hugo.patida812,@fahad.vargas118",LAT1686,Ravi Diaz,2025-10-02 23:06:43,noise
@ravi.diaz932,"@ivy.yamamoto266,@fahad.vargas118",,Ravi Diaz,2025-09-30 09:28:18,noise
@ravi.diaz932,"@ivy.yamamoto266,@fahad.vargas118",,Ravi Diaz,2025-09-20 10:20:13,noise
@ravi.diaz932,"@ivy.yamamoto266,@fahad.vargas118",LAT1377,Ravi Diaz,2025-09-18 20:04:17,noise
@ravi.diaz932,,,Ravi Diaz,2025-09-17 16:16:29,noise
@ravi.diaz932,"@ivy.yamamoto266,@hugo.patida812",LAT1223,Ravi Diaz,2025-09-15 13:20:16,noise
@ravi.diaz932,"@hugo.patida812,@fahad.vargas118",,Ravi Diaz,2025-09-14 03:01:28,noise
@ravi.diaz932,"@ivy.yamamoto266,@hugo.patida812",LAT1096,Ravi Diaz,2025-09-13 12:20:45,noise
@ravi.diaz932,"@fahad.vargas118,@ivy.yamamoto266",,Ravi Diaz,2025-09-08 18:26:55,noise
@ravi.diaz932,,,Ravi Diaz,2025-09-06 10:30:11,noise
@ravi.diaz932,,,Ravi Diaz,2025-08-29 11:04:45,noise
@ravi.diaz932,,,Ravi Diaz,2025-08-24 16:21:01,noise
@ravi.diaz932,,,Ravi Diaz,2025-08-20 14:20:48,noise
@ravi.diaz932,"@fahad.vargas118,@hugo.patida812",,Ravi Diaz,2025-08-18 19:19:03,noise
@ravi.diaz932,"@fahad.vargas118,@hugo.patida812",LAT1697,Ravi Diaz,2025-08-11 11:00:50,noise
@ravi.diaz932,"@fahad.vargas118,@hugo.patida812",,Ravi Diaz,2025-08-07 15:10:57,noise
@omar.lopes762,"@wes.yamamoto869,@xin.chen330",,Omar Lopes,2025-10-01 09:09:25,noise
@omar.lopes762,,,Omar Lopes,2025-09-30 15:05:47,noise
@omar.lopes762,"@ivy.yamamoto266,@xin.chen330",LAT1713,Omar Lopes,2025-09-21 19:02:31,noise
@omar.lopes762,,,Omar Lopes,2025-09-20 08:22:15,noise
@omar.lopes762,,,Omar Lopes,2025-09-19 09:16:18,noise
@omar.lopes762,,,Omar Lopes,2025-09-16 20:00:32,noise
@omar.lopes762,"@xin.chen330,@wes.yamamoto869",,Omar Lopes,2025-09-14 11:24:13,noise
@omar.lopes762,,,Omar Lopes,2025-09-13 22:09:20,noise
@omar.lopes762,"@ivy.yamamoto266,@xin.chen330",LAT1929,Omar Lopes,2025-09-11 19:04:35,noise
@omar.lopes762,,,Omar Lopes,2025-09-09 15:06:04,noise
@omar.lopes762,,,Omar Lopes,2025-09-07 01:07:30,noise
@omar.lopes762,"@wes.yamamoto869,@xin.chen330",,Omar Lopes,2025-09-05 16:27:44,noise
@omar.lopes762,,,Omar Lopes,2025-09-03 14:24:05,noise
@omar.lopes762,"@ivy.yamamoto266,@wes.yamamoto869",,Omar Lopes,2025-08-31 20:08:32,noise
@omar.lopes762,"@wes.yamamoto869,@ivy.yamamoto266",,Omar Lopes,2025-08-26 01:23:57,noise
@omar.lopes762,,LAT1136,Omar Lopes,2025-08-24 08:28:42,noise
@omar.lopes762,,,Omar Lopes,2025-08-23 21:03:43,noise
@omar.lopes762,"@xin.chen330,@ivy.yamamoto266",,Omar Lopes,2025-08-22 21:02:29,noise
@omar.lopes762,"@ivy.yamamoto266,@xin.chen330",LAT1248,Omar Lopes,2025-08-19 16:19:43,noise
@omar.lopes762,"@wes.yamamoto869,@xin.chen330",LAT1284,Omar Lopes,2025-08-17 14:13:15,noise
@omar.lopes762,"@wes.yamamoto869,@ivy.yamamoto266",,Omar Lopes,2025-08-13 10:30:44,noise
@omar.lopes762,,,Omar Lopes,2025-08-09 18:20:25,noise
@elena.quinn96,"@xin.zhou857,@hugo.fischer367",LAT1290,Elena Quinn,2025-10-03 20:05:40,noise
@elena.quinn96,,,Elena Quinn,2025-09-27 09:02:00,noise
@elena.quinn96,,,Elena Quinn,2025-09-26 22:04:46,noise
@elena.quinn96,"@hugo.fischer367,@xin.zhou857",,Elena Quinn,2025-09-24 09:30:19,noise
@elena.quinn96,"@xin.zhou857,@diego.elsayed867",,Elena Quinn,2025-09-22 15:15:20,noise
@elena.quinn96,,,Elena Quinn,2025-09-16 08:26:23,noise
@elena.quinn96,"@xin.zhou857,@diego.elsayed867",,Elena Quinn,2025-09-12 11:04:24,noise
@elena.quinn96,,,Elena Quinn,2025-09-11 16:05:16,noise
@elena.quinn96,"@xin.zhou857,@diego.elsayed867",,Elena Quinn,2025-09-10 13:18:59,noise
@elena.quinn96,"@hugo.fischer367,@diego.elsayed867",,Elena Quinn,2025-08-29 18:02:54,noise
@elena.quinn96,,,Elena Quinn,2025-08-27 19:05:18,noise
@elena.quinn96,"@diego.elsayed867,@xin.zhou857",,Elena Quinn,2025-08-20 12:26:31,noise
@elena.quinn96,,,Elena Quinn,2025-08-16 04:05:33,noise
@elena.quinn96,,,Elena Quinn,2025-08-14 22:11:53,noise
@elena.quinn96,"@hugo.fischer367,@diego.elsayed867",,Elena Quinn,2025-08-13 15:12:39,noise
@elena.quinn96,"@diego.elsayed867,@xin.zhou857",LAT1438,Elena Quinn,2025-08-12 16:25:58,noise
@elena.quinn96,"@hugo.fischer367,@diego.elsayed867",,Elena Quinn,2025-08-07 23:19:22,noise
@elena.quinn96,"@diego.elsayed867,@xin.zhou857",,Elena Quinn,2025-08-04 19:16:11,noise
@uma.okafor15,,,Uma Okafor,2025-09-28 19:24:36,noise
@uma.okafor15,"@nia.fischer350,@nia.bakker42",,Uma Okafor,2025-09-26 08:20:33,noise
@uma.okafor15,"@nia.bakker42,@nia.fischer350",,Uma Okafor,2025-09-25 11:00:40,noise
@uma.okafor15,"@uma.mehta516,@nia.bakker42",,Uma Okafor,2025-09-22 11:11:13,noise
@uma.okafor15,,LAT1323,Uma Okafor,2025-09-21 20:10:34,noise
@uma.okafor15,,,Uma Okafor,2025-09-20 18:29:10,noise
@uma.okafor15,,,Uma Okafor,2025-09-19 15:11:08,noise
@uma.okafor15,"@uma.mehta516,@nia.fischer350",,Uma Okafor,2025-09-18 22:15:04,noise
@uma.okafor15,,,Uma Okafor,2025-09-17 08:24:45,noise
@uma.okafor15,,,Uma Okafor,2025-09-12 10:25:38,noise
@uma.okafor15,,,Uma Okafor,2025-09-09 01:05:37,noise
@uma.okafor15,,,Uma Okafor,2025-09-08 13:06:34,noise
@uma.okafor15,"@nia.fischer350,@uma.mehta516",,Uma Okafor,2025-09-02 21:14:37,noise
@uma.okafor15,"@nia.fischer350,@uma.mehta516",,Uma Okafor,2025-09-01 10:30:08,noise
@uma.okafor15,"@uma.mehta516,@nia.fischer350",LAT1007,Uma Okafor,2025-08-21 15:19:07,noise
@uma.okafor15,,,Uma Okafor,2025-08-15 09:10:51,noise
@uma.okafor15,"@nia.fischer350,@uma.mehta516",,Uma Okafor,2025-08-11 18:24:19,noise
@uma.okafor15,,,Uma Okafor,2025-08-06 21:25:44,noise
@wes.yamamoto869,,,Wes Yamamoto,2025-10-03 09:14:15,noise
@wes.yamamoto869,,LAT1947,Wes Yamamoto,2025-10-02 10:05:40,noise
@wes.yamamoto869,"@diego.meyer90,@ravi.bakker145",,Wes Yamamoto,2025-09-27 18:06:55,noise
@wes.yamamoto869,"@diego.meyer90,@uma.bakker636",,Wes Yamamoto,2025-09-25 05:12:20,noise
@wes.yamamoto869,,,Wes Yamamoto,2025-09-24 18:28:51,noise
@wes.yamamoto869,,LAT1333,Wes Yamamoto,2025-09-20 12:22:17,noise
@wes.yamamoto869,,,Wes Yamamoto,2025-09-19 20:11:19,noise
@wes.yamamoto869,,,Wes Yamamoto,2025-09-18 20:20:01,noise
@wes.yamamoto869,,,Wes Yamamoto,2025-09-17 14:30:38,noise
@wes.yamamoto869,"@diego.meyer90,@uma.bakker636",,Wes Yamamoto,2025-09-14 15:03:37,noise
@wes.yamamoto869,,LAT1913,Wes Yamamoto,2025-09-13 19:08:47,noise
@wes.yamamoto869,,,Wes Yamamoto,2025-09-10 09:23:51,noise
@wes.yamamoto869,"@diego.meyer90,@uma.bakker636",,Wes Yamamoto,2025-09-08 13:21:32,noise
@wes.yamamoto869,,LAT1594,Wes Yamamoto,2025-09-07 03:18:43,noise
@wes.yamamoto869,,LAT1003,Wes Yamamoto,2025-08-31 13:15:39,noise
@wes.yamamoto869,"@diego.meyer90,@uma.bakker636",,Wes Yamamoto,2025-08-27 23:08:11,noise
@wes.yamamoto869,,,Wes Yamamoto,2025-08-26 12:05:29,noise
@wes.yamamoto869,,LAT1423,Wes Yamamoto,2025-08-23 13:29:33,noise
@wes.yamamoto869,,,Wes Yamamoto,2025-08-18 19:16:38,noise
@wes.yamamoto869,"@ravi.bakker145,@diego.meyer90",,Wes Yamamoto,2025-08-11 19:02:00,noise
@wes.yamamoto869,,,Wes Yamamoto,2025-08-06 15:07:09,noise
@wes.yamamoto869,"@diego.meyer90,@ravi.bakker145",,Wes Yamamoto,2025-08-05 16:06:56,noise
@ravi.silva159,,,Ravi Silva,2025-10-03 23:13:43,noise
@ravi.silva159,,LAT1872,Ravi Silva,2025-10-02 20:18:11,noise
@ravi.silva159,"@ana.carlos367,@jin.bakker655",,Ravi Silva,2025-10-01 16:13:24,noise
@ravi.silva159,"@ana.carlos367,@jin.bakker655",,Ravi Silva,2025-09-18 15:19:13,noise
@ravi.silva159,,,Ravi Silva,2025-09-17 04:20:58,noise
@ravi.silva159,"@ana.carlos367,@jin.bakker655",,Ravi Silva,2025-09-10 01:24:11,noise
@ravi.silva159,,,Ravi Silva,2025-09-09 14:21:33,noise
@ravi.silva159,"@priya.meyer808,@jin.bakker655",,Ravi Silva,2025-08-27 16:27:50,noise
@ravi.silva159,"@ana.carlos367,@jin.bakker655",,Ravi Silva,2025-08-14 05:30:54,noise
@ravi.silva159,,,Ravi Silva,2025-08-10 01:20:31,noise
@ravi.silva159,,,Ravi Silva,2025-08-08 16:01:17,noise
@ravi.silva159,"@ana.carlos367,@jin.bakker655",,Ravi Silva,2025-08-05 18:14:50,noise
@ravi.silva159,"@ana.carlos367,@priya.meyer808",,Ravi Silva,2025-08-04 10:24:05,noise
@ava.rossi583,,,Ava Rossi,2025-09-28 08:14:32,noise
@ava.rossi583,"@fahad.bakker622,@noah.chen285",,Ava Rossi,2025-09-26 09:07:15,noise
@ava.rossi583,,,Ava Rossi,2025-09-23 15:13:38,noise
@ava.rossi583,"@ravi.silva159,@noah.chen285",,Ava Rossi,2025-09-22 11:24:37,noise
@ava.rossi583,,,Ava Rossi,2025-09-19 15:17:51,noise
@ava.rossi583,"@ravi.silva159,@noah.chen285",LAT1609,Ava Rossi,2025-09-18 17:01:19,noise
@ava.rossi583,"@ravi.silva159,@fahad.bakker622",,Ava Rossi,2025-09-13 02:26:25,noise
@ava.rossi583,"@noah.chen285,@fahad.bakker622",,Ava Rossi,2025-09-12 12:19:21,noise
@ava.rossi583,"@ravi.silva159,@noah.chen285",,Ava Rossi,2025-09-11 10:17:40,noise
@ava.rossi583,,,Ava Rossi,2025-09-10 09:13:48,noise
@ava.rossi583,"@ravi.silva159,@fahad.bakker622",LAT1076,Ava Rossi,2025-09-05 15:07:33,noise
@ava.rossi583,"@ravi.silva159,@noah.chen285",,Ava Rossi,2025-08-31 13:29:45,noise
@ava.rossi583,"@fahad.bakker622,@noah.chen285",,Ava Rossi,2025-08-30 04:23:28,noise
@ava.rossi583,"@ravi.silva159,@noah.chen285",,Ava Rossi,2025-08-29 20:18:12,noise
@ava.rossi583,,LAT1749,Ava Rossi,2025-08-26 14:30:42,noise
@ava.rossi583,"@fahad.bakker622,@ravi.silva159",,Ava Rossi,2025-08-15 16:24:08,noise
@ava.rossi583,,,Ava Rossi,2025-08-13 15:30:22,noise
@ava.rossi583,"@ravi.silva159,@noah.chen285",,Ava Rossi,2025-08-09 08:27:38,noise
@ava.rossi583,"@fahad.bakker622,@ravi.silva159",,Ava Rossi,2025-08-05 14:05:34,noise
@fahad.vargas118,"@sara.chen725,@fahad.rossi792",,Fahad Vargas,2025-10-01 00:03:21,noise
@fahad.vargas118,"@wes.yamamoto869,@sara.chen725",,Fahad Vargas,2025-09-21 14:01:28,noise
@fahad.vargas118,"@sara.chen725,@fahad.rossi792",LAT1173,Fahad Vargas,2025-09-20 15:01:13,noise
@fahad.vargas118,,,Fahad Vargas,2025-09-15 15:24:04,noise
@fahad.vargas118,,LAT1454,Fahad Vargas,2025-09-10 08:21:49,noise
@fahad.vargas118,"@wes.yamamoto869,@fahad.rossi792",,Fahad Vargas,2025-09-09 09:26:45,noise
@fahad.vargas118,"@wes.yamamoto869,@fahad.rossi792",,Fahad Vargas,2025-09-05 12:15:54,noise
@fahad.vargas118,,LAT1748,Fahad Vargas,2025-09-03 20:29:02,noise
@fahad.vargas118,"@fahad.rossi792,@wes.yamamoto869",LAT1317,Fahad Vargas,2025-08-31 04:16:37,noise
@fahad.vargas118,,LAT1230,Fahad Vargas,2025-08-30 09:06:21,noise
@fahad.vargas118,,,Fahad Vargas,2025-08-29 23:26:51,noise
@fahad.vargas118,"@sara.chen725,@wes.yamamoto869",,Fahad Vargas,2025-08-28 08:02:59,noise
@fahad.vargas118,"@wes.yamamoto869,@fahad.rossi792",,Fahad Vargas,2025-08-22 12:08:02,noise
@fahad.vargas118,,LAT1432,Fahad Vargas,2025-08-17 16:27:23,noise
@fahad.vargas118,,LAT1421,Fahad Vargas,2025-08-16 11:16:20,noise
@fahad.vargas118,"@fahad.rossi792,@wes.yamamoto869",,Fahad Vargas,2025-08-15 17:15:59,noise
@fahad.vargas118,,,Fahad Vargas,2025-08-11 11:27:06,noise
@fahad.vargas118,"@fahad.rossi792,@wes.yamamoto869",LAT1061,Fahad Vargas,2025-08-09 00:08:03,noise
@fahad.vargas118,"@wes.yamamoto869,@fahad.rossi792",,Fahad Vargas,2025-08-04 15:08:15,noise
@ana.alvarez682,,,Ana Alvarez,2025-10-03 01:05:14,noise
@ana.alvarez682,,,Ana Alvarez,2025-09-24 19:11:00,noise
@ana.alvarez682,,LAT1409,Ana Alvarez,2025-09-23 12:25:02,noise
@ana.alvarez682,"@xin.fischer510,@ben.chen223",,Ana Alvarez,2025-09-22 13:26:10,noise
@ana.alvarez682,,,Ana Alvarez,2025-09-15 09:20:53,noise
@ana.alvarez682,,,Ana Alvarez,2025-09-14 15:05:29,noise
@ana.alvarez682,,,Ana Alvarez,2025-09-07 13:00:24,noise
@ana.alvarez682,,,Ana Alvarez,2025-09-06 20:06:32,noise
@ana.alvarez682,"@ben.chen223,@xin.fischer510",,Ana Alvarez,2025-09-02 18:30:18,noise
@ana.alvarez682,"@priya.anderson19,@xin.fischer510",,Ana Alvarez,2025-08-30 13:11:11,noise
@ana.alvarez682,,,Ana Alvarez,2025-08-28 13:02:32,noise
@ana.alvarez682,,,Ana Alvarez,2025-08-23 11:24:21,noise
@ana.alvarez682,,LAT1463,Ana Alvarez,2025-08-22 15:08:23,noise
@ana.alvarez682,,,Ana Alvarez,2025-08-19 14:30:29,noise
@ana.alvarez682,"@priya.anderson19,@ben.chen223",,Ana Alvarez,2025-08-18 20:18:57,noise
@ana.alvarez682,,,Ana Alvarez,2025-08-17 09:04:54,noise
@ana.alvarez682,,,Ana Alvarez,2025-08-16 01:27:51,noise
@ana.alvarez682,,,Ana Alvarez,2025-08-14 19:07:26,noise
@ana.alvarez682,"@priya.anderson19,@xin.fischer510",,Ana Alvarez,2025-08-13 12:13:04,noise
@ana.alvarez682,,,Ana Alvarez,2025-08-11 13:02:03,noise
@ana.alvarez682,"@xin.fischer510,@ben.chen223",,Ana Alvarez,2025-08-10 15:02:28,noise
@ana.alvarez682,,,Ana Alvarez,2025-08-08 08:11:01,noise
@ana.alvarez682,"@priya.anderson19,@xin.fischer510",,Ana Alvarez,2025-08-06 19:09:08,noise
@fahad.lopes684,"@elena.vargas487,@nia.diaz267",,Fahad Lopes,2025-10-02 09:26:37,noise
@fahad.lopes684,,LAT1248,Fahad Lopes,2025-09-30 19:07:35,noise
@fahad.lopes684,"@yara.rossi746,@nia.diaz267",,Fahad Lopes,2025-09-28 08:12:18,noise
@fahad.lopes684,,LAT1551,Fahad Lopes,2025-09-27 18:20:06,noise
@fahad.lopes684,"@elena.vargas487,@nia.diaz267",,Fahad Lopes,2025-09-21 16:11:10,noise
@fahad.lopes684,,LAT1032,Fahad Lopes,2025-09-17 10:18:43,noise
@fahad.lopes684,"@yara.rossi746,@nia.diaz267",,Fahad Lopes,2025-09-14 13:07:27,noise
@fahad.lopes684,"@yara.rossi746,@elena.vargas487",,Fahad Lopes,2025-09-12 05:09:42,noise
@fahad.lopes684,"@elena.vargas487,@yara.rossi746",LAT1062,Fahad Lopes,2025-09-05 11:20:26,noise
@fahad.lopes684,,,Fahad Lopes,2025-09-04 22:07:36,noise
@fahad.lopes684,"@elena.vargas487,@yara.rossi746",,Fahad Lopes,2025-09-03 15:16:50,noise
@fahad.lopes684,"@elena.vargas487,@yara.rossi746",,Fahad Lopes,2025-08-29 18:04:38,noise
@fahad.lopes684,,LAT1011,Fahad Lopes,2025-08-27 13:01:42,noise
@fahad.lopes684,"@yara.rossi746,@elena.vargas487",,Fahad Lopes,2025-08-24 11:14:33,noise
@fahad.lopes684,,,Fahad Lopes,2025-08-15 17:07:09,noise
@raj.iqbal224,"@ben.chen223,@xin.fischer510",LAT1925,Raj Iqbal,2025-10-03 10:05:10,noise
@raj.iqbal224,,LAT1470,Raj Iqbal,2025-10-02 08:29:23,noise
@raj.iqbal224,,,Raj Iqbal,2025-09-23 13:22:59,noise
@raj.iqbal224,"@yara.rossi746,@ben.chen223",LAT1181,Raj Iqbal,2025-09-22 18:25:26,noise
@raj.iqbal224,"@yara.rossi746,@xin.fischer510",,Raj Iqbal,2025-09-20 13:29:38,noise
@raj.iqbal224,"@yara.rossi746,@ben.chen223",,Raj Iqbal,2025-08-31 20:28:45,noise
@raj.iqbal224,,,Raj Iqbal,2025-08-30 09:26:55,noise
@raj.iqbal224,"@yara.rossi746,@ben.chen223",LAT1686,Raj Iqbal,2025-08-28 18:30:48,noise
@raj.iqbal224,,,Raj Iqbal,2025-08-27 20:28:35,noise
@raj.iqbal224,"@yara.rossi746,@xin.fischer510",,Raj Iqbal,2025-08-26 20:06:20,noise
@raj.iqbal224,,,Raj Iqbal,2025-08-25 11:16:37,noise
@raj.iqbal224,"@xin.fischer510,@yara.rossi746",,Raj Iqbal,2025-08-20 12:25:35,noise
@raj.iqbal224,,,Raj Iqbal,2025-08-19 14:03:03,noise
@raj.iqbal224,,,Raj Iqbal,2025-08-17 17:12:36,noise
@raj.iqbal224,,,Raj Iqbal,2025-08-16 18:00:56,noise
@omar.chen51,,,Omar Chen,2025-10-02 09:21:18,noise
@omar.chen51,,,Omar Chen,2025-10-01 16:08:43,noise
@omar.chen51,,,Omar Chen,2025-09-28 02:08:34,noise
@omar.chen51,"@kai.novak737,@uma.bakker636",,Omar Chen,2025-09-25 09:04:34,noise
@omar.chen51,"@uma.bakker636,@ben.patida985",,Omar Chen,2025-09-22 20:27:44,noise
@omar.chen51,,,Omar Chen,2025-09-17 08:15:43,noise
@omar.chen51,"@kai.novak737,@uma.bakker636",LAT1505,Omar Chen,2025-09-12 12:05:39,noise
@omar.chen51,"@uma.bakker636,@ben.patida985",,Omar Chen,2025-09-05 11:23:48,noise
@omar.chen51,,,Omar Chen,2025-09-04 09:21:28,noise
@omar.chen51,,,Omar Chen,2025-09-01 13:20:26,noise
@omar.chen51,"@ben.patida985,@kai.novak737",,Omar Chen,2025-08-31 22:00:56,noise
@omar.chen51,"@uma.bakker636,@ben.patida985",LAT1789,Omar Chen,2025-08-24 08:03:18,noise
@omar.chen51,"@uma.bakker636,@kai.novak737",,Omar Chen,2025-08-22 08:25:50,noise
@omar.chen51,,,Omar Chen,2025-08-19 12:23:17,noise
@omar.chen51,,,Omar Chen,2025-08-17 20:08:11,noise
@omar.chen51,"@kai.novak737,@ben.patida985",LAT1956,Omar Chen,2025-08-13 20:02:19,noise
@omar.chen51,"@sara.chen725,@uma.chen59,@hugo.vargas356",LAT1669,Omar Chen,2025-12-24 02:19:20,noise
@omar.chen51,"@sara.chen725,@uma.chen59,@hugo.vargas356",LAT1669,Omar Chen,2025-12-24 06:01:57,noise
@omar.chen51,"@sara.chen725,@uma.chen59,@hugo.vargas356",LAT1669,Omar Chen,2025-12-24 22:30:50,noise
@omar.chen51,"@sara.chen725,@uma.chen59,@hugo.vargas356",LAT1669,Omar Chen,2025-12-24 05:03:02,noise
@omar.chen51,"@sara.chen725,@uma.chen59,@hugo.vargas356",LAT1669,Omar Chen,2025-12-24 05:10:34,noise
@omar.chen51,"@sara.chen725,@uma.chen59,@hugo.vargas356",LAT1669,Omar Chen,2025-12-24 14:24:39,noise
@omar.chen51,"@sara.chen725,@uma.chen59,@hugo.vargas356",LAT1669,Omar Chen,2025-12-24 08:15:36,noise
@omar.chen51,"@sara.chen725,@uma.chen59,@hugo.vargas356",LAT1669,Omar Chen,2025-12-24 23:27:07,noise
@omar.chen51,"@sara.chen725,@uma.chen59,@hugo.vargas356",LAT1669,Omar Chen,2025-12-24 21:16:49,noise
@omar.chen51,"@sara.chen725,@uma.chen59,@hugo.vargas356",LAT1669,Omar Chen,2025-12-24 05:09:16,noise
@omar.chen51,"@sara.chen725,@uma.chen59,@hugo.vargas356",LAT1669,Omar Chen,2025-12-24 04:23:40,noise
@omar.chen51,"@sara.chen725,@uma.chen59,@hugo.vargas356",LAT1669,Omar Chen,2025-12-24 02:16:35,noise
@omar.chen51,"@sara.chen725,@uma.chen59,@hugo.vargas356",LAT1669,Omar Chen,2025-12-24 04:02:39,noise
@omar.chen51,"@sara.chen725,@uma.chen59,@hugo.vargas356",LAT1669,Omar Chen,2025-12-24 02:27:08,noise
@omar.chen51,"@sara.chen725,@uma.chen59,@hugo.vargas356",LAT1669,Omar Chen,2025-12-24 11:09:22,noise
@omar.chen51,"@sara.chen725,@uma.chen59,@hugo.vargas356",LAT1669,Omar Chen,2025-12-24 02:19:55,noise
@omar.chen51,"@sara.chen725,@uma.chen59,@hugo.vargas356",LAT1669,Omar Chen,2025-12-24 01:10:02,noise
@omar.chen51,"@sara.chen725,@uma.chen59,@hugo.vargas356",LAT1669,Omar Chen,2025-12-24 21:17:41,noise
@omar.chen51,"@sara.chen725,@uma.chen59,@hugo.vargas356",LAT1669,Omar Chen,2025-12-24 22:05:58,noise
@omar.chen51,"@sara.chen725,@uma.chen59,@hugo.vargas356",LAT1669,Omar Chen,2025-12-24 03:14:41,noise
@omar.chen51,"@sara.chen725,@uma.chen59,@hugo.vargas356",LAT1669,Omar Chen,2025-12-24 18:16:51,noise
@omar.chen51,"@sara.chen725,@uma.chen59,@hugo.vargas356",LAT1669,Omar Chen,2025-12-24 21:00:42,noise
@omar.chen51,"@sara.chen725,@uma.chen59,@hugo.vargas356",LAT1669,Omar Chen,2025-12-24 19:16:01,noise
@omar.chen51,"@sara.chen725,@uma.chen59,@hugo.vargas356",LAT1669,Omar Chen,2025-12-24 03:23:32,noise
@omar.chen51,"@sara.chen725,@uma.chen59,@hugo.vargas356",LAT1669,Omar Chen,2025-12-24 14:03:45,noise
@omar.chen51,"@sara.chen725,@uma.chen59,@hugo.vargas356",LAT1669,Omar Chen,2025-12-24 02:04:07,noise
@omar.chen51,"@sara.chen725,@uma.chen59,@hugo.vargas356",LAT1669,Omar Chen,2025-12-24 18:17:36,noise
@priya.okafor456,"@diego.elsayed867,@ana.alvarez682",,Priya Okafor,2025-10-02 18:20:16,noise
@priya.okafor456,"@ana.alvarez682,@ravi.patida623",,Priya Okafor,2025-09-27 20:02:30,noise
@priya.okafor456,"@ravi.patida623,@ana.alvarez682",,Priya Okafor,2025-09-22 11:23:30,noise
@priya.okafor456,,,Priya Okafor,2025-09-12 01:15:12,noise
@priya.okafor456,,,Priya Okafor,2025-09-06 02:08:46,noise
@priya.okafor456,,,Priya Okafor,2025-09-04 12:15:46,noise
@priya.okafor456,"@ravi.patida623,@diego.elsayed867",,Priya Okafor,2025-09-01 11:24:06,noise
@priya.okafor456,,LAT1939,Priya Okafor,2025-08-30 13:03:28,noise
@priya.okafor456,"@ravi.patida623,@ana.alvarez682",LAT1862,Priya Okafor,2025-08-28 08:14:40,noise
@priya.okafor456,,,Priya Okafor,2025-08-25 23:28:07,noise
@priya.okafor456,"@diego.elsayed867,@ravi.patida623",LAT1218,Priya Okafor,2025-08-22 15:05:59,noise
@priya.okafor456,,LAT1477,Priya Okafor,2025-08-20 20:03:28,noise
@priya.okafor456,,,Priya Okafor,2025-08-18 19:08:07,noise
@priya.okafor456,,,Priya Okafor,2025-08-16 18:12:46,noise
@priya.okafor456,"@diego.elsayed867,@ravi.patida623",,Priya Okafor,2025-08-08 18:17:07,noise
@priya.okafor456,,,Priya Okafor,2025-08-07 13:09:09,noise
@priya.silva357,,LAT1731,Priya Silva,2025-10-02 13:10:39,noise
@priya.silva357,"@lena.quinn758,@ravi.anderson161",,Priya Silva,2025-09-30 20:02:45,noise
@priya.silva357,,,Priya Silva,2025-09-29 16:08:50,noise
@priya.silva357,"@ravi.anderson161,@diego.meyer90",,Priya Silva,2025-09-25 22:28:46,noise
@priya.silva357,,,Priya Silva,2025-09-22 01:30:29,noise
@priya.silva357,,LAT1034,Priya Silva,2025-09-19 08:00:03,noise
@priya.silva357,"@diego.meyer90,@lena.quinn758",LAT1002,Priya Silva,2025-09-18 15:30:04,noise
@priya.silva357,"@lena.quinn758,@ravi.anderson161",LAT1270,Priya Silva,2025-09-12 23:13:28,noise
@priya.silva357,,LAT1528,Priya Silva,2025-09-11 19:09:42,noise
@priya.silva357,,LAT1795,Priya Silva,2025-09-10 17:21:33,noise
@priya.silva357,,,Priya Silva,2025-09-09 19:07:34,noise
@priya.silva357,,,Priya Silva,2025-09-04 19:03:27,noise
@priya.silva357,,,Priya Silva,2025-09-03 15:09:57,noise
@priya.silva357,"@ravi.anderson161,@diego.meyer90",,Priya Silva,2025-08-29 10:27:31,noise
@priya.silva357,,,Priya Silva,2025-08-28 12:01:37,noise
@priya.silva357,,,Priya Silva,2025-08-26 21:28:23,noise
@priya.silva357,,,Priya Silva,2025-08-24 11:11:07,noise
@priya.silva357,"@ravi.anderson161,@diego.meyer90",,Priya Silva,2025-08-23 14:23:32,noise
@priya.silva357,"@diego.meyer90,@lena.quinn758",,Priya Silva,2025-08-22 20:01:08,noise
@priya.silva357,"@diego.meyer90,@lena.quinn758",,Priya Silva,2025-08-20 17:00:36,noise
@priya.silva357,,LAT1625,Priya Silva,2025-08-09 08:02:38,noise
@priya.silva357,"@ravi.anderson161,@lena.quinn758",,Priya Silva,2025-08-08 13:12:32,noise
@priya.silva357,"@lena.quinn758,@ravi.anderson161",,Priya Silva,2025-08-07 20:17:19,noise
@ava.quinn209,"@priya.silva357,@xin.chen330",,Ava Quinn,2025-09-27 21:20:37,noise
@ava.quinn209,,,Ava Quinn,2025-09-26 13:25:57,noise
@ava.quinn209,,,Ava Quinn,2025-09-24 14:01:59,noise
@ava.quinn209,,,Ava Quinn,2025-09-22 12:12:56,noise
@ava.quinn209,,,Ava Quinn,2025-09-20 17:23:28,noise
@ava.quinn209,,,Ava Quinn,2025-09-18 09:28:28,noise
@ava.quinn209,"@xin.chen330,@yara.rossi746",,Ava Quinn,2025-09-14 17:14:36,noise
@ava.quinn209,"@yara.rossi746,@xin.chen330",,Ava Quinn,2025-09-11 09:09:48,noise
@ava.quinn209,,LAT1698,Ava Quinn,2025-09-10 20:16:30,noise
@ava.quinn209,"@xin.chen330,@priya.silva357",,Ava Quinn,2025-09-04 19:15:14,noise
@ava.quinn209,,,Ava Quinn,2025-09-02 13:18:56,noise
@ava.quinn209,"@priya.silva357,@xin.chen330",,Ava Quinn,2025-08-23 18:09:45,noise
@ava.quinn209,"@priya.silva357,@yara.rossi746",,Ava Quinn,2025-08-18 22:00:18,noise
@ava.quinn209,"@yara.rossi746,@xin.chen330",LAT1529,Ava Quinn,2025-08-11 18:15:36,noise
@ava.quinn209,,,Ava Quinn,2025-08-10 10:23:03,noise
@ava.quinn209,,,Ava Quinn,2025-08-05 08:00:02,noise
@jin.bakker500,"@ivy.novak769,@sara.zhou628",LAT1679,Jin Bakker,2025-09-29 18:12:55,noise
@jin.bakker500,,LAT1294,Jin Bakker,2025-09-27 08:03:37,noise
@jin.bakker500,"@sara.zhou628,@ivy.novak769",LAT1265,Jin Bakker,2025-09-23 02:08:31,noise
@jin.bakker500,"@sara.zhou628,@ivy.novak769",,Jin Bakker,2025-09-22 20:14:51,noise
@jin.bakker500,"@sara.zhou628,@ivy.novak769",,Jin Bakker,2025-09-21 11:18:53,noise
@jin.bakker500,"@sara.zhou628,@ivy.novak769",LAT1060,Jin Bakker,2025-09-18 09:20:21,noise
@jin.bakker500,"@ivy.novak769,@sara.zhou628",,Jin Bakker,2025-09-09 11:04:25,noise
@jin.bakker500,,,Jin Bakker,2025-09-08 17:11:32,noise
@jin.bakker500,"@sara.zhou628,@ivy.novak769",,Jin Bakker,2025-09-07 22:17:58,noise
@jin.bakker500,,,Jin Bakker,2025-09-01 23:24:42,noise
@jin.bakker500,"@ivy.novak769,@sara.zhou628",,Jin Bakker,2025-08-31 19:09:45,noise
@jin.bakker500,"@sara.zhou628,@ivy.novak769",,Jin Bakker,2025-08-26 11:10:00,noise
@jin.bakker500,"@sara.zhou628,@ivy.novak769",,Jin Bakker,2025-08-21 16:07:21,noise
@jin.bakker500,"@sara.zhou628,@ivy.novak769",,Jin Bakker,2025-08-20 10:21:30,noise
@jin.bakker500,,,Jin Bakker,2025-08-18 00:26:34,noise
@jin.bakker500,,,Jin Bakker,2025-08-13 11:16:21,noise
@jin.bakker500,"@ivy.novak769,@sara.zhou628",LAT1593,Jin Bakker,2025-08-11 08:05:40,noise
@jin.bakker500,,,Jin Bakker,2025-08-10 20:10:44,noise
@jin.bakker500,,,Jin Bakker,2025-08-09 00:29:01,noise
@jin.bakker500,,,Jin Bakker,2025-08-07 09:00:31,noise
@jin.bakker500,"@diego.meyer90,@cara.iqbal779,@lena.tanaka796",LAT1895,Jin Bakker,2025-12-22 00:22:24,noise
@jin.bakker500,"@diego.meyer90,@cara.iqbal779,@lena.tanaka796",LAT1895,Jin Bakker,2025-12-22 12:23:57,noise
@jin.bakker500,"@diego.meyer90,@cara.iqbal779,@lena.tanaka796",LAT1895,Jin Bakker,2025-12-22 04:09:26,noise
@jin.bakker500,"@diego.meyer90,@cara.iqbal779,@lena.tanaka796",LAT1895,Jin Bakker,2025-12-22 14:03:45,noise
@jin.bakker500,"@diego.meyer90,@cara.iqbal779,@lena.tanaka796",LAT1895,Jin Bakker,2025-12-22 21:09:30,noise
@jin.bakker500,"@diego.meyer90,@cara.iqbal779,@lena.tanaka796",LAT1895,Jin Bakker,2025-12-22 01:30:17,noise
@jin.bakker500,"@diego.meyer90,@cara.iqbal779,@lena.tanaka796",LAT1895,Jin Bakker,2025-12-22 19:16:24,noise
@jin.bakker500,"@diego.meyer90,@cara.iqbal779,@lena.tanaka796",LAT1895,Jin Bakker,2025-12-22 08:19:41,noise
@jin.bakker500,"@diego.meyer90,@cara.iqbal779,@lena.tanaka796",LAT1895,Jin Bakker,2025-12-22 00:29:30,noise
@jin.bakker500,"@diego.meyer90,@cara.iqbal779,@lena.tanaka796",LAT1895,Jin Bakker,2025-12-22 10:25:21,noise
@jin.bakker500,"@diego.meyer90,@cara.iqbal779,@lena.tanaka796",LAT1895,Jin Bakker,2025-12-22 18:29:48,noise
@jin.bakker500,"@diego.meyer90,@cara.iqbal779,@lena.tanaka796",LAT1895,Jin Bakker,2025-12-22 18:19:42,noise
@jin.bakker500,"@diego.meyer90,@cara.iqbal779,@lena.tanaka796",LAT1895,Jin Bakker,2025-12-22 01:13:05,noise
@jin.bakker500,"@diego.meyer90,@cara.iqbal779,@lena.tanaka796",LAT1895,Jin Bakker,2025-12-22 18:26:10,noise
@jin.bakker500,"@diego.meyer90,@cara.iqbal779,@lena.tanaka796",LAT1895,Jin Bakker,2025-12-22 08:11:46,noise
@jin.bakker500,"@diego.meyer90,@cara.iqbal779,@lena.tanaka796",LAT1895,Jin Bakker,2025-12-22 11:00:56,noise
@jin.bakker500,"@diego.meyer90,@cara.iqbal779,@lena.tanaka796",LAT1895,Jin Bakker,2025-12-22 06:22:35,noise
@jin.bakker500,"@diego.meyer90,@cara.iqbal779,@lena.tanaka796",LAT1895,Jin Bakker,2025-12-22 06:10:17,noise
@jin.bakker500,"@diego.meyer90,@cara.iqbal779,@lena.tanaka796",LAT1895,Jin Bakker,2025-12-22 02:15:57,noise
@jin.bakker500,"@diego.meyer90,@cara.iqbal779,@lena.tanaka796",LAT1895,Jin Bakker,2025-12-22 11:06:13,noise
@jin.bakker500,"@diego.meyer90,@cara.iqbal779,@lena.tanaka796",LAT1895,Jin Bakker,2025-12-22 00:14:59,noise
@jin.bakker500,"@diego.meyer90,@cara.iqbal779,@lena.tanaka796",LAT1895,Jin Bakker,2025-12-22 04:13:18,noise
@jin.bakker500,"@diego.meyer90,@cara.iqbal779,@lena.tanaka796",LAT1895,Jin Bakker,2025-12-22 22:27:13,noise
@jin.bakker500,"@diego.meyer90,@cara.iqbal779,@lena.tanaka796",LAT1895,Jin Bakker,2025-12-22 05:00:01,noise
@jin.bakker500,"@diego.meyer90,@cara.iqbal779,@lena.tanaka796",LAT1895,Jin Bakker,2025-12-22 20:06:49,noise
@jin.bakker500,"@diego.meyer90,@cara.iqbal779,@lena.tanaka796",LAT1895,Jin Bakker,2025-12-22 03:03:17,noise
@jin.bakker500,"@diego.meyer90,@cara.iqbal779,@lena.tanaka796",LAT1895,Jin Bakker,2025-12-22 13:14:52,noise
@ana.gomes434,"@ava.vargas539,@kai.novak395",,Ana Gomes,2025-10-03 00:14:56,noise
@ana.gomes434,,LAT1783,Ana Gomes,2025-10-02 14:24:27,noise
@ana.gomes434,"@kai.novak395,@ava.vargas539",LAT1314,Ana Gomes,2025-09-24 18:17:08,noise
@ana.gomes434,"@ava.vargas539,@kai.novak395",,Ana Gomes,2025-09-23 15:10:15,noise
@ana.gomes434,"@kai.novak395,@ava.vargas539",,Ana Gomes,2025-09-20 08:15:29,noise
@ana.gomes434,,,Ana Gomes,2025-09-19 09:09:47,noise
@ana.gomes434,"@kai.novak395,@ava.vargas539",,Ana Gomes,2025-09-18 10:22:12,noise
@ana.gomes434,"@kai.novak395,@ava.vargas539",,Ana Gomes,2025-09-15 23:29:28,noise
@ana.gomes434,"@ava.vargas539,@kai.novak395",LAT1776,Ana Gomes,2025-09-13 14:13:22,noise
@ana.gomes434,,,Ana Gomes,2025-09-12 18:18:26,noise
@ana.gomes434,"@ava.vargas539,@kai.novak395",,Ana Gomes,2025-09-10 08:18:07,noise
@ana.gomes434,,,Ana Gomes,2025-09-07 01:14:13,noise
@ana.gomes434,,LAT1979,Ana Gomes,2025-09-04 19:23:29,noise
@ana.gomes434,,,Ana Gomes,2025-08-31 15:18:54,noise
@ana.gomes434,"@kai.novak395,@ava.vargas539",LAT1634,Ana Gomes,2025-08-26 14:30:49,noise
@ana.gomes434,,,Ana Gomes,2025-08-25 13:10:37,noise
@ana.gomes434,,LAT1652,Ana Gomes,2025-08-20 19:14:28,noise
@ana.gomes434,"@kai.novak395,@ava.vargas539",,Ana Gomes,2025-08-19 13:21:38,noise
@ana.gomes434,"@kai.novak395,@ava.vargas539",LAT1431,Ana Gomes,2025-08-13 05:16:37,noise
@ana.gomes434,"@ava.vargas539,@kai.novak395",,Ana Gomes,2025-08-08 23:27:59,noise
@ana.gomes434,"@ava.vargas539,@kai.novak395",,Ana Gomes,2025-08-07 22:23:03,noise
@ana.gomes434,"@ava.vargas539,@kai.novak395",,Ana Gomes,2025-08-05 10:10:16,noise
@ana.gomes434,"@xin.fischer510,@mara.novak323,@hugo.fischer367",LAT1526,Ana Gomes,2025-12-19 04:09:29,noise
@ana.gomes434,"@xin.fischer510,@mara.novak323,@hugo.fischer367",LAT1526,Ana Gomes,2025-12-19 04:00:59,noise
@ana.gomes434,"@xin.fischer510,@mara.novak323,@hugo.fischer367",LAT1526,Ana Gomes,2025-12-19 20:09:37,noise
@ana.gomes434,"@xin.fischer510,@mara.novak323,@hugo.fischer367",LAT1526,Ana Gomes,2025-12-19 00:13:18,noise
@ana.gomes434,"@xin.fischer510,@mara.novak323,@hugo.fischer367",LAT1526,Ana Gomes,2025-12-19 01:15:16,noise
@ana.gomes434,"@xin.fischer510,@mara.novak323,@hugo.fischer367",LAT1526,Ana Gomes,2025-12-19 18:28:47,noise
@ana.gomes434,"@xin.fischer510,@mara.novak323,@hugo.fischer367",LAT1526,Ana Gomes,2025-12-19 04:05:36,noise
@ana.gomes434,"@xin.fischer510,@mara.novak323,@hugo.fischer367",LAT1526,Ana Gomes,2025-12-19 01:08:43,noise
@ana.gomes434,"@xin.fischer510,@mara.novak323,@hugo.fischer367",LAT1526,Ana Gomes,2025-12-19 19:15:17,noise
@ana.gomes434,"@xin.fischer510,@mara.novak323,@hugo.fischer367",LAT1526,Ana Gomes,2025-12-19 20:17:23,noise
@ana.gomes434,"@xin.fischer510,@mara.novak323,@hugo.fischer367",LAT1526,Ana Gomes,2025-12-19 22:25:38,noise
@ana.gomes434,"@xin.fischer510,@mara.novak323,@hugo.fischer367",LAT1526,Ana Gomes,2025-12-19 02:07:15,noise
@ana.gomes434,"@xin.fischer510,@mara.novak323,@hugo.fischer367",LAT1526,Ana Gomes,2025-12-19 01:24:55,noise
@ana.gomes434,"@xin.fischer510,@mara.novak323,@hugo.fischer367",LAT1526,Ana Gomes,2025-12-19 00:25:14,noise
@ana.gomes434,"@xin.fischer510,@mara.novak323,@hugo.fischer367",LAT1526,Ana Gomes,2025-12-19 09:21:01,noise
@ana.gomes434,"@xin.fischer510,@mara.novak323,@hugo.fischer367",LAT1526,Ana Gomes,2025-12-19 23:06:22,noise
@ana.gomes434,"@xin.fischer510,@mara.novak323,@hugo.fischer367",LAT1526,Ana Gomes,2025-12-19 19:04:26,noise
@ana.gomes434,"@xin.fischer510,@mara.novak323,@hugo.fischer367",LAT1526,Ana Gomes,2025-12-19 03:22:52,noise
@ana.gomes434,"@xin.fischer510,@mara.novak323,@hugo.fischer367",LAT1526,Ana Gomes,2025-12-19 09:16:13,noise
@ana.gomes434,"@xin.fischer510,@mara.novak323,@hugo.fischer367",LAT1526,Ana Gomes,2025-12-19 20:04:48,noise
@ana.gomes434,"@xin.fischer510,@mara.novak323,@hugo.fischer367",LAT1526,Ana Gomes,2025-12-19 09:11:40,noise
@ana.gomes434,"@xin.fischer510,@mara.novak323,@hugo.fischer367",LAT1526,Ana Gomes,2025-12-19 14:12:31,noise
@ana.gomes434,"@xin.fischer510,@mara.novak323,@hugo.fischer367",LAT1526,Ana Gomes,2025-12-19 05:17:37,noise
@ana.gomes434,"@xin.fischer510,@mara.novak323,@hugo.fischer367",LAT1526,Ana Gomes,2025-12-19 10:10:14,noise
@lena.jansen464,@leo.vargas516,,Lena Jansen,2025-10-02 17:24:23,noise
@lena.jansen464,,,Lena Jansen,2025-09-23 18:11:11,noise
@lena.jansen464,@leo.vargas516,,Lena Jansen,2025-09-21 09:09:17,noise
@lena.jansen464,@leo.vargas516,,Lena Jansen,2025-09-17 10:16:27,noise
@lena.jansen464,,,Lena Jansen,2025-09-16 21:08:32,noise
@lena.jansen464,,,Lena Jansen,2025-09-15 18:13:06,noise
@lena.jansen464,,,Lena Jansen,2025-09-10 05:18:55,noise
@lena.jansen464,@leo.vargas516,,Lena Jansen,2025-09-07 23:22:22,noise
@lena.jansen464,,,Lena Jansen,2025-09-01 10:21:42,noise
@lena.jansen464,@leo.vargas516,,Lena Jansen,2025-08-28 08:00:55,noise
@lena.jansen464,,,Lena Jansen,2025-08-27 16:11:24,noise
@lena.jansen464,@leo.vargas516,,Lena Jansen,2025-08-26 11:10:56,noise
@lena.jansen464,,,Lena Jansen,2025-08-25 10:08:09,noise
@lena.jansen464,@leo.vargas516,,Lena Jansen,2025-08-24 08:19:30,noise
@lena.jansen464,,LAT1212,Lena Jansen,2025-08-23 12:09:11,noise
@lena.jansen464,,LAT1423,Lena Jansen,2025-08-21 12:01:24,noise
@lena.jansen464,,LAT1153,Lena Jansen,2025-08-18 12:12:23,noise
@lena.jansen464,,,Lena Jansen,2025-08-15 16:10:43,noise
@lena.jansen464,@leo.vargas516,,Lena Jansen,2025-08-04 20:07:33,noise
@lena.jansen464,"@priya.okafor456,@ravi.diaz932,@ravi.tanaka143",LAT1827,Lena Jansen,2025-12-26 22:30:31,noise
@lena.jansen464,"@priya.okafor456,@ravi.diaz932,@ravi.tanaka143",LAT1827,Lena Jansen,2025-12-26 04:09:40,noise
@lena.jansen464,"@priya.okafor456,@ravi.diaz932,@ravi.tanaka143",LAT1827,Lena Jansen,2025-12-26 00:00:37,noise
@lena.jansen464,"@priya.okafor456,@ravi.diaz932,@ravi.tanaka143",LAT1827,Lena Jansen,2025-12-26 08:09:40,noise
@lena.jansen464,"@priya.okafor456,@ravi.diaz932,@ravi.tanaka143",LAT1827,Lena Jansen,2025-12-26 04:22:21,noise
@lena.jansen464,"@priya.okafor456,@ravi.diaz932,@ravi.tanaka143",LAT1827,Lena Jansen,2025-12-26 07:24:57,noise
@lena.jansen464,"@priya.okafor456,@ravi.diaz932,@ravi.tanaka143",LAT1827,Lena Jansen,2025-12-26 05:19:43,noise
@lena.jansen464,"@priya.okafor456,@ravi.diaz932,@ravi.tanaka143",LAT1827,Lena Jansen,2025-12-26 06:06:19,noise
@lena.jansen464,"@priya.okafor456,@ravi.diaz932,@ravi.tanaka143",LAT1827,Lena Jansen,2025-12-26 18:19:30,noise
@lena.jansen464,"@priya.okafor456,@ravi.diaz932,@ravi.tanaka143",LAT1827,Lena Jansen,2025-12-26 05:11:03,noise
@lena.jansen464,"@priya.okafor456,@ravi.diaz932,@ravi.tanaka143",LAT1827,Lena Jansen,2025-12-26 22:14:06,noise
@lena.jansen464,"@priya.okafor456,@ravi.diaz932,@ravi.tanaka143",LAT1827,Lena Jansen,2025-12-26 21:13:46,noise
@lena.jansen464,"@priya.okafor456,@ravi.diaz932,@ravi.tanaka143",LAT1827,Lena Jansen,2025-12-26 12:00:25,noise
@lena.jansen464,"@priya.okafor456,@ravi.diaz932,@ravi.tanaka143",LAT1827,Lena Jansen,2025-12-26 03:29:25,noise
@lena.jansen464,"@priya.okafor456,@ravi.diaz932,@ravi.tanaka143",LAT1827,Lena Jansen,2025-12-26 04:01:35,noise
@lena.jansen464,"@priya.okafor456,@ravi.diaz932,@ravi.tanaka143",LAT1827,Lena Jansen,2025-12-26 22:19:42,noise
@lena.jansen464,"@priya.okafor456,@ravi.diaz932,@ravi.tanaka143",LAT1827,Lena Jansen,2025-12-26 02:04:44,noise
@lena.jansen464,"@priya.okafor456,@ravi.diaz932,@ravi.tanaka143",LAT1827,Lena Jansen,2025-12-26 01:03:58,noise
@lena.jansen464,"@priya.okafor456,@ravi.diaz932,@ravi.tanaka143",LAT1827,Lena Jansen,2025-12-26 21:14:55,noise
@lena.jansen464,"@priya.okafor456,@ravi.diaz932,@ravi.tanaka143",LAT1827,Lena Jansen,2025-12-26 15:03:19,noise
@lena.jansen464,"@priya.okafor456,@ravi.diaz932,@ravi.tanaka143",LAT1827,Lena Jansen,2025-12-26 03:03:09,noise
@lena.jansen464,"@priya.okafor456,@ravi.diaz932,@ravi.tanaka143",LAT1827,Lena Jansen,2025-12-26 19:24:57,noise
@lena.jansen464,"@priya.okafor456,@ravi.diaz932,@ravi.tanaka143",LAT1827,Lena Jansen,2025-12-26 22:28:04,noise
@lena.jansen464,"@priya.okafor456,@ravi.diaz932,@ravi.tanaka143",LAT1827,Lena Jansen,2025-12-26 14:01:22,noise
@lena.jansen464,"@priya.okafor456,@ravi.diaz932,@ravi.tanaka143",LAT1827,Lena Jansen,2025-12-26 01:19:51,noise
@lena.jansen464,"@priya.okafor456,@ravi.diaz932,@ravi.tanaka143",LAT1827,Lena Jansen,2025-12-26 02:24:16,noise
@lena.jansen464,"@priya.okafor456,@ravi.diaz932,@ravi.tanaka143",LAT1827,Lena Jansen,2025-12-26 13:06:54,noise
@lena.jansen464,"@priya.okafor456,@ravi.diaz932,@ravi.tanaka143",LAT1827,Lena Jansen,2025-12-26 07:07:36,noise
@lena.jansen464,"@priya.okafor456,@ravi.diaz932,@ravi.tanaka143",LAT1827,Lena Jansen,2025-12-26 03:16:28,noise
@xin.iqbal110,@lena.tanaka796,,Xin Iqbal,2025-10-01 21:05:03,noise
@xin.iqbal110,@lena.tanaka796,,Xin Iqbal,2025-09-30 19:02:37,noise
@xin.iqbal110,,,Xin Iqbal,2025-09-29 13:23:04,noise
@xin.iqbal110,,,Xin Iqbal,2025-09-27 19:14:30,noise
@xin.iqbal110,@lena.tanaka796,,Xin Iqbal,2025-09-25 23:23:06,noise
@xin.iqbal110,,,Xin Iqbal,2025-09-24 09:26:50,noise
@xin.iqbal110,,LAT1308,Xin Iqbal,2025-09-23 09:07:07,noise
@xin.iqbal110,@lena.tanaka796,,Xin Iqbal,2025-09-19 21:19:59,noise
@xin.iqbal110,,,Xin Iqbal,2025-09-17 10:12:44,noise
@xin.iqbal110,,,Xin Iqbal,2025-09-08 16:16:14,noise
@xin.iqbal110,@lena.tanaka796,,Xin Iqbal,2025-09-07 18:25:12,noise
@xin.iqbal110,,,Xin Iqbal,2025-09-03 18:21:05,noise
@xin.iqbal110,,,Xin Iqbal,2025-09-01 03:03:28,noise
@xin.iqbal110,@lena.tanaka796,,Xin Iqbal,2025-08-31 23:05:27,noise
@xin.iqbal110,@lena.tanaka796,,Xin Iqbal,2025-08-29 02:15:23,noise
@xin.iqbal110,,,Xin Iqbal,2025-08-25 21:23:42,noise
@xin.iqbal110,,,Xin Iqbal,2025-08-22 15:06:55,noise
@xin.iqbal110,,,Xin Iqbal,2025-08-11 12:14:00,noise
@xin.iqbal110,,LAT1852,Xin Iqbal,2025-08-09 04:27:22,noise
@xin.iqbal110,@lena.tanaka796,LAT1113,Xin Iqbal,2025-08-07 10:08:06,noise
@xin.iqbal110,,,Xin Iqbal,2025-08-05 08:06:58,noise
@xin.iqbal110,,,Xin Iqbal,2025-08-04 12:16:54,noise
@xin.iqbal110,"@omar.lopes762,@diego.elsayed271,@lena.tanaka796",LAT1225,Xin Iqbal,2025-12-21 01:18:08,noise
@xin.iqbal110,"@omar.lopes762,@diego.elsayed271,@lena.tanaka796",LAT1225,Xin Iqbal,2025-12-21 08:05:01,noise
@xin.iqbal110,"@omar.lopes762,@diego.elsayed271,@lena.tanaka796",LAT1225,Xin Iqbal,2025-12-21 02:03:23,noise
@xin.iqbal110,"@omar.lopes762,@diego.elsayed271,@lena.tanaka796",LAT1225,Xin Iqbal,2025-12-21 00:20:24,noise
@xin.iqbal110,"@omar.lopes762,@diego.elsayed271,@lena.tanaka796",LAT1225,Xin Iqbal,2025-12-21 21:26:54,noise
@xin.iqbal110,"@omar.lopes762,@diego.elsayed271,@lena.tanaka796",LAT1225,Xin Iqbal,2025-12-21 23:10:55,noise
@xin.iqbal110,"@omar.lopes762,@diego.elsayed271,@lena.tanaka796",LAT1225,Xin Iqbal,2025-12-21 06:11:12,noise
@xin.iqbal110,"@omar.lopes762,@diego.elsayed271,@lena.tanaka796",LAT1225,Xin Iqbal,2025-12-21 18:27:10,noise
@xin.iqbal110,"@omar.lopes762,@diego.elsayed271,@lena.tanaka796",LAT1225,Xin Iqbal,2025-12-21 19:29:32,noise
@xin.iqbal110,"@omar.lopes762,@diego.elsayed271,@lena.tanaka796",LAT1225,Xin Iqbal,2025-12-21 04:21:50,noise
@xin.iqbal110,"@omar.lopes762,@diego.elsayed271,@lena.tanaka796",LAT1225,Xin Iqbal,2025-12-21 02:28:45,noise
@xin.iqbal110,"@omar.lopes762,@diego.elsayed271,@lena.tanaka796",LAT1225,Xin Iqbal,2025-12-21 12:04:58,noise
@xin.iqbal110,"@omar.lopes762,@diego.elsayed271,@lena.tanaka796",LAT1225,Xin Iqbal,2025-12-21 03:17:18,noise
@xin.iqbal110,"@omar.lopes762,@diego.elsayed271,@lena.tanaka796",LAT1225,Xin Iqbal,2025-12-21 04:05:56,noise
@xin.iqbal110,"@omar.lopes762,@diego.elsayed271,@lena.tanaka796",LAT1225,Xin Iqbal,2025-12-21 18:21:27,noise
@xin.iqbal110,"@omar.lopes762,@diego.elsayed271,@lena.tanaka796",LAT1225,Xin Iqbal,2025-12-21 00:24:56,noise
@xin.iqbal110,"@omar.lopes762,@diego.elsayed271,@lena.tanaka796",LAT1225,Xin Iqbal,2025-12-21 21:00:43,noise
@xin.iqbal110,"@omar.lopes762,@diego.elsayed271,@lena.tanaka796",LAT1225,Xin Iqbal,2025-12-21 02:22:02,noise
@xin.iqbal110,"@omar.lopes762,@diego.elsayed271,@lena.tanaka796",LAT1225,Xin Iqbal,2025-12-21 08:09:35,noise
@xin.iqbal110,"@omar.lopes762,@diego.elsayed271,@lena.tanaka796",LAT1225,Xin Iqbal,2025-12-21 04:21:16,noise
@xin.iqbal110,"@omar.lopes762,@diego.elsayed271,@lena.tanaka796",LAT1225,Xin Iqbal,2025-12-21 23:13:46,noise
@xin.iqbal110,"@omar.lopes762,@diego.elsayed271,@lena.tanaka796",LAT1225,Xin Iqbal,2025-12-21 15:21:10,noise
@xin.iqbal110,"@omar.lopes762,@diego.elsayed271,@lena.tanaka796",LAT1225,Xin Iqbal,2025-12-21 21:22:14,noise
@xin.iqbal110,"@omar.lopes762,@diego.elsayed271,@lena.tanaka796",LAT1225,Xin Iqbal,2025-12-21 01:13:21,noise
@xin.iqbal110,"@omar.lopes762,@diego.elsayed271,@lena.tanaka796",LAT1225,Xin Iqbal,2025-12-21 01:20:55,noise
@xin.iqbal110,"@omar.lopes762,@diego.elsayed271,@lena.tanaka796",LAT1225,Xin Iqbal,2025-12-21 14:06:34,noise
@xin.iqbal110,"@omar.lopes762,@diego.elsayed271,@lena.tanaka796",LAT1225,Xin Iqbal,2025-12-21 02:24:20,noise
@xin.iqbal110,"@omar.lopes762,@diego.elsayed271,@lena.tanaka796",LAT1225,Xin Iqbal,2025-12-21 23:28:44,noise
@xin.iqbal110,"@omar.lopes762,@diego.elsayed271,@lena.tanaka796",LAT1225,Xin Iqbal,2025-12-21 03:18:13,noise
@xin.iqbal110,"@omar.lopes762,@diego.elsayed271,@lena.tanaka796",LAT1225,Xin Iqbal,2025-12-21 08:01:21,noise
@grace.elsayed631,@ravi.silva159,,Grace ElSayed,2025-10-01 18:09:09,noise
@grace.elsayed631,,,Grace ElSayed,2025-09-27 20:22:08,noise
@grace.elsayed631,,,Grace ElSayed,2025-09-22 08:25:27,noise
@grace.elsayed631,@ravi.silva159,LAT1587,Grace ElSayed,2025-09-21 18:24:26,noise
@grace.elsayed631,,,Grace ElSayed,2025-09-18 11:12:17,noise
@grace.elsayed631,@ravi.silva159,,Grace ElSayed,2025-09-17 12:03:07,noise
@grace.elsayed631,@ravi.silva159,,Grace ElSayed,2025-09-15 09:08:13,noise
@grace.elsayed631,,,Grace ElSayed,2025-09-14 12:15:59,noise
@grace.elsayed631,,,Grace ElSayed,2025-09-07 15:15:32,noise
@grace.elsayed631,,,Grace ElSayed,2025-09-02 10:25:44,noise
@grace.elsayed631,,,Grace ElSayed,2025-09-01 13:29:17,noise
@grace.elsayed631,,,Grace ElSayed,2025-08-29 13:01:44,noise
@grace.elsayed631,@ravi.silva159,,Grace ElSayed,2025-08-22 13:03:00,noise
@grace.elsayed631,@ravi.silva159,,Grace ElSayed,2025-08-21 20:03:54,noise
@grace.elsayed631,,LAT1340,Grace ElSayed,2025-08-20 17:28:07,noise
@grace.elsayed631,,,Grace ElSayed,2025-08-18 18:29:45,noise
@grace.elsayed631,@ravi.silva159,,Grace ElSayed,2025-08-09 21:07:08,noise
@grace.elsayed631,,,Grace ElSayed,2025-08-08 14:00:43,noise
@grace.elsayed631,"@ava.meyer537,@uma.bakker636,@hugo.fischer367",LAT1586,Grace ElSayed,2025-12-18 06:05:05,noise
@grace.elsayed631,"@ava.meyer537,@uma.bakker636,@hugo.fischer367",LAT1586,Grace ElSayed,2025-12-18 01:09:29,noise
@grace.elsayed631,"@ava.meyer537,@uma.bakker636,@hugo.fischer367",LAT1586,Grace ElSayed,2025-12-18 19:14:21,noise
@grace.elsayed631,"@ava.meyer537,@uma.bakker636,@hugo.fischer367",LAT1586,Grace ElSayed,2025-12-18 06:07:21,noise
@grace.elsayed631,"@ava.meyer537,@uma.bakker636,@hugo.fischer367",LAT1586,Grace ElSayed,2025-12-18 04:06:39,noise
@grace.elsayed631,"@ava.meyer537,@uma.bakker636,@hugo.fischer367",LAT1586,Grace ElSayed,2025-12-18 08:04:38,noise
@grace.elsayed631,"@ava.meyer537,@uma.bakker636,@hugo.fischer367",LAT1586,Grace ElSayed,2025-12-18 15:07:44,noise
@grace.elsayed631,"@ava.meyer537,@uma.bakker636,@hugo.fischer367",LAT1586,Grace ElSayed,2025-12-18 05:21:22,noise
@grace.elsayed631,"@ava.meyer537,@uma.bakker636,@hugo.fischer367",LAT1586,Grace ElSayed,2025-12-18 05:07:31,noise
@grace.elsayed631,"@ava.meyer537,@uma.bakker636,@hugo.fischer367",LAT1586,Grace ElSayed,2025-12-18 22:16:27,noise
@grace.elsayed631,"@ava.meyer537,@uma.bakker636,@hugo.fischer367",LAT1586,Grace ElSayed,2025-12-18 20:01:14,noise
@grace.elsayed631,"@ava.meyer537,@uma.bakker636,@hugo.fischer367",LAT1586,Grace ElSayed,2025-12-18 01:15:57,noise
@grace.elsayed631,"@ava.meyer537,@uma.bakker636,@hugo.fischer367",LAT1586,Grace ElSayed,2025-12-18 05:25:06,noise
@grace.elsayed631,"@ava.meyer537,@uma.bakker636,@hugo.fischer367",LAT1586,Grace ElSayed,2025-12-18 22:29:18,noise
@grace.elsayed631,"@ava.meyer537,@uma.bakker636,@hugo.fischer367",LAT1586,Grace ElSayed,2025-12-18 12:09:47,noise
@grace.elsayed631,"@ava.meyer537,@uma.bakker636,@hugo.fischer367",LAT1586,Grace ElSayed,2025-12-18 13:28:57,noise
@grace.elsayed631,"@ava.meyer537,@uma.bakker636,@hugo.fischer367",LAT1586,Grace ElSayed,2025-12-18 02:16:50,noise
@grace.elsayed631,"@ava.meyer537,@uma.bakker636,@hugo.fischer367",LAT1586,Grace ElSayed,2025-12-18 18:01:35,noise
@grace.elsayed631,"@ava.meyer537,@uma.bakker636,@hugo.fischer367",LAT1586,Grace ElSayed,2025-12-18 04:15:09,noise
@grace.elsayed631,"@ava.meyer537,@uma.bakker636,@hugo.fischer367",LAT1586,Grace ElSayed,2025-12-18 18:04:53,noise
@grace.elsayed631,"@ava.meyer537,@uma.bakker636,@hugo.fischer367",LAT1586,Grace ElSayed,2025-12-18 21:20:00,noise
@grace.elsayed631,"@ava.meyer537,@uma.bakker636,@hugo.fischer367",LAT1586,Grace ElSayed,2025-12-18 21:07:13,noise
@grace.elsayed631,"@ava.meyer537,@uma.bakker636,@hugo.fischer367",LAT1586,Grace ElSayed,2025-12-18 02:06:55,noise
@grace.elsayed631,"@ava.meyer537,@uma.bakker636,@hugo.fischer367",LAT1586,Grace ElSayed,2025-12-18 04:27:06,noise
@grace.elsayed631,"@ava.meyer537,@uma.bakker636,@hugo.fischer367",LAT1586,Grace ElSayed,2025-12-18 02:13:21,noise
@grace.elsayed631,"@ava.meyer537,@uma.bakker636,@hugo.fischer367",LAT1586,Grace ElSayed,2025-12-18 20:24:35,noise
@grace.haddad623,"@ivy.yamamoto266,@leo.haddad69",,Grace Haddad,2025-10-03 18:29:26,noise
@grace.haddad623,"@ivy.yamamoto266,@leo.haddad69",,Grace Haddad,2025-09-30 15:27:51,noise
@grace.haddad623,"@ivy.yamamoto266,@leo.haddad69",,Grace Haddad,2025-09-29 18:11:26,noise
@grace.haddad623,"@leo.haddad69,@ivy.yamamoto266",,Grace Haddad,2025-09-26 10:03:45,noise
@grace.haddad623,,LAT1166,Grace Haddad,2025-09-15 17:13:30,noise
@grace.haddad623,,,Grace Haddad,2025-09-08 15:02:54,noise
@grace.haddad623,,LAT1920,Grace Haddad,2025-09-02 17:00:40,noise
@grace.haddad623,"@ivy.yamamoto266,@leo.haddad69",,Grace Haddad,2025-08-30 04:04:00,noise
@grace.haddad623,"@ivy.yamamoto266,@leo.haddad69",LAT1954,Grace Haddad,2025-08-26 14:11:56,noise
@grace.haddad623,"@ivy.yamamoto266,@leo.haddad69",,Grace Haddad,2025-08-23 00:09:51,noise
@grace.haddad623,"@ivy.yamamoto266,@leo.haddad69",LAT1285,Grace Haddad,2025-08-22 11:11:58,noise
@grace.haddad623,"@leo.haddad69,@ivy.yamamoto266",,Grace Haddad,2025-08-21 14:03:26,noise
@grace.haddad623,"@leo.haddad69,@ivy.yamamoto266",,Grace Haddad,2025-08-17 13:23:24,noise
@grace.haddad623,,LAT1312,Grace Haddad,2025-08-16 17:26:25,noise
@grace.haddad623,"@ivy.yamamoto266,@leo.haddad69",,Grace Haddad,2025-08-12 13:12:51,noise
@grace.haddad623,"@leo.haddad69,@ivy.yamamoto266",,Grace Haddad,2025-08-08 15:20:58,noise
@grace.haddad623,,,Grace Haddad,2025-08-05 23:10:55,noise
@grace.haddad623,"@leo.patida558,@tomas.rossi329,@xin.zhou857",LAT1195,Grace Haddad,2025-12-19 03:12:00,noise
@grace.haddad623,"@leo.patida558,@tomas.rossi329,@xin.zhou857",LAT1195,Grace Haddad,2025-12-19 21:04:21,noise
@grace.haddad623,"@leo.patida558,@tomas.rossi329,@xin.zhou857",LAT1195,Grace Haddad,2025-12-19 05:17:48,noise
@grace.haddad623,"@leo.patida558,@tomas.rossi329,@xin.zhou857",LAT1195,Grace Haddad,2025-12-19 00:28:45,noise
@grace.haddad623,"@leo.patida558,@tomas.rossi329,@xin.zhou857",LAT1195,Grace Haddad,2025-12-19 19:30:14,noise
@grace.haddad623,"@leo.patida558,@tomas.rossi329,@xin.zhou857",LAT1195,Grace Haddad,2025-12-19 13:29:37,noise
@grace.haddad623,"@leo.patida558,@tomas.rossi329,@xin.zhou857",LAT1195,Grace Haddad,2025-12-19 11:11:43,noise
@grace.haddad623,"@leo.patida558,@tomas.rossi329,@xin.zhou857",LAT1195,Grace Haddad,2025-12-19 05:29:50,noise
@grace.haddad623,"@leo.patida558,@tomas.rossi329,@xin.zhou857",LAT1195,Grace Haddad,2025-12-19 04:18:46,noise
@grace.haddad623,"@leo.patida558,@tomas.rossi329,@xin.zhou857",LAT1195,Grace Haddad,2025-12-19 22:06:00,noise
@grace.haddad623,"@leo.patida558,@tomas.rossi329,@xin.zhou857",LAT1195,Grace Haddad,2025-12-19 02:16:43,noise
@grace.haddad623,"@leo.patida558,@tomas.rossi329,@xin.zhou857",LAT1195,Grace Haddad,2025-12-19 20:28:49,noise
@grace.haddad623,"@leo.patida558,@tomas.rossi329,@xin.zhou857",LAT1195,Grace Haddad,2025-12-19 08:26:08,noise
@grace.haddad623,"@leo.patida558,@tomas.rossi329,@xin.zhou857",LAT1195,Grace Haddad,2025-12-19 21:14:48,noise
@grace.haddad623,"@leo.patida558,@tomas.rossi329,@xin.zhou857",LAT1195,Grace Haddad,2025-12-19 04:24:05,noise
@grace.haddad623,"@leo.patida558,@tomas.rossi329,@xin.zhou857",LAT1195,Grace Haddad,2025-12-19 18:19:52,noise
@grace.haddad623,"@leo.patida558,@tomas.rossi329,@xin.zhou857",LAT1195,Grace Haddad,2025-12-19 22:19:39,noise
@grace.haddad623,"@leo.patida558,@tomas.rossi329,@xin.zhou857",LAT1195,Grace Haddad,2025-12-19 00:03:30,noise
@grace.haddad623,"@leo.patida558,@tomas.rossi329,@xin.zhou857",LAT1195,Grace Haddad,2025-12-19 04:13:55,noise
@grace.haddad623,"@leo.patida558,@tomas.rossi329,@xin.zhou857",LAT1195,Grace Haddad,2025-12-19 06:24:15,noise
@grace.haddad623,"@leo.patida558,@tomas.rossi329,@xin.zhou857",LAT1195,Grace Haddad,2025-12-19 00:26:56,noise
@grace.haddad623,"@leo.patida558,@tomas.rossi329,@xin.zhou857",LAT1195,Grace Haddad,2025-12-19 00:10:50,noise
@grace.haddad623,"@leo.patida558,@tomas.rossi329,@xin.zhou857",LAT1195,Grace Haddad,2025-12-19 19:23:28,noise
@grace.haddad623,"@leo.patida558,@tomas.rossi329,@xin.zhou857",LAT1195,Grace Haddad,2025-12-19 20:25:18,noise
@grace.haddad623,"@leo.patida558,@tomas.rossi329,@xin.zhou857",LAT1195,Grace Haddad,2025-12-19 09:06:15,noise
@grace.haddad623,"@leo.patida558,@tomas.rossi329,@xin.zhou857",LAT1195,Grace Haddad,2025-12-19 04:28:47,noise
@grace.haddad623,"@leo.patida558,@tomas.rossi329,@xin.zhou857",LAT1195,Grace Haddad,2025-12-19 21:10:21,noise
@grace.haddad623,"@leo.patida558,@tomas.rossi329,@xin.zhou857",LAT1195,Grace Haddad,2025-12-19 10:02:48,noise
