dr_cr,value,payee,branch,customer_name,account_number,timestamp,batch_id
credit,255.22,,BRANCH49,Ivy Tanaka,ACCT6324196,2025-10-01 18:03:38,noise
debit,676.36,,BRANCH73,Ivy Tanaka,ACCT6324196,2025-09-28 16:21:39,noise
debit,517.13,,BRANCH49,Ivy Tanaka,ACCT6324196,2025-09-27 08:27:59,noise
debit,354.27,ACCT4531823,BRANCH11,Ivy Tanaka,ACCT6324196,2025-09-27 09:16:45,noise
credit,306.12,,BRANCH36,Ivy Tanaka,ACCT6324196,2025-09-26 12:29:51,noise
debit,734.38,,BRANCH27,Ivy Tanaka,ACCT6324196,2025-09-22 00:16:49,noise
debit,950.38,,BRANCH49,Ivy Tanaka,ACCT6324196,2025-09-22 17:08:51,noise
credit,1396.07,,BRANCH61,Ivy Tanaka,ACCT6324196,2025-09-19 04:20:14,noise
credit,1560.35,,BRANCH11,Ivy Tanaka,ACCT6324196,2025-09-18 14:44:55,noise
debit,305.86,,BRANCH49,Ivy Tanaka,ACCT6324196,2025-09-16 10:13:51,noise
credit,1184.46,ACCT8324003,BRANCH49,Ivy Tanaka,ACCT6324196,2025-09-16 19:45:52,noise
credit,986.97,,BRANCH96,Ivy Tanaka,ACCT6324196,2025-09-15 09:14:50,noise
credit,491.9,ACCT9048039,BRANCH49,Ivy Tanaka,ACCT6324196,2025-09-12 12:25:39,noise
debit,1266.09,,BRANCH49,Ivy Tanaka,ACCT6324196,2025-09-10 12:44:24,noise
credit,70.17,,BRANCH49,Ivy Tanaka,ACCT6324196,2025-09-08 10:30:13,noise
debit,615.56,,BRANCH49,Ivy Tanaka,ACCT6324196,2025-09-08 09:05:23,noise
debit,1626.9,,BRANCH49,Ivy Tanaka,ACCT6324196,2025-09-03 22:28:36,noise
debit,1619.99,,BRANCH49,Ivy Tanaka,ACCT6324196,2025-09-03 14:30:51,noise
debit,1226.56,,BRANCH86,Ivy Tanaka,ACCT6324196,2025-09-02 22:00:05,noise
credit,2238.94,,BRANCH49,Ivy Tanaka,ACCT6324196,2025-08-27 09:32:07,noise
credit,66.04,,BRANCH49,Ivy Tanaka,ACCT6324196,2025-08-26 15:03:13,noise
credit,846.1,ACCT8303036,BRANCH49,Ivy Tanaka,ACCT6324196,2025-08-25 20:06:09,noise
credit,1059.14,,BRANCH49,Ivy Tanaka,ACCT6324196,2025-08-23 11:02:37,noise
credit,894.05,ACCT8111751,BRANCH49,Ivy Tanaka,ACCT6324196,2025-08-21 10:10:46,noise
credit,428.06,,BRANCH25,Ivy Tanaka,ACCT6324196,2025-08-21 02:39:43,noise
debit,314.69,,BRANCH49,Ivy Tanaka,ACCT6324196,2025-08-20 20:04:42,noise
credit,35.03,,BRANCH49,Ivy Tanaka,ACCT6324196,2025-08-18 19:33:11,noise
credit,2543.87,,BRANCH49,Ivy Tanaka,ACCT6324196,2025-08-17 18:30:13,noise
debit,1114.17,,BRANCH60,Ivy Tanaka,ACCT6324196,2025-08-16 13:00:06,noise
debit,367.8,,BRANCH26,Ivy Tanaka,ACCT6324196,2025-08-12 11:27:20,noise
credit,1266.23,ACCT2619209,BRANCH49,Ivy Tanaka,ACCT6324196,2025-08-10 19:22:29,noise
credit,1914.46,,BRANCH96,Ivy Tanaka,ACCT6324196,2025-08-09 16:34:41,noise
credit,1139.29,,BRANCH49,Ivy Tanaka,ACCT6324196,2025-08-08 18:34:58,noise
debit,1090.62,ACCT5586555,BRANCH49,Ivy Tanaka,ACCT6324196,2025-08-08 20:37:58,noise
debit,191.45,,BRANCH49,Ivy Tanaka,ACCT6324196,2025-08-07 13:33:16,noise
credit,321.54,,BRANCH49,Ivy Tanaka,ACCT6324196,2025-08-07 08:35:05,noise
credit,1762.28,ACCT4469490,BRANCH26,Ivy Tanaka,ACCT6324196,2025-08-06 08:12:19,noise
debit,552.15,,BRANCH49,Ivy Tanaka,ACCT6324196,2025-08-06 12:01:25,noise
credit,1642.05,,BRANCH49,Ivy Tanaka,ACCT6324196,2025-08-04 14:18:23,noise
debit,954.63,,BRANCH32,Leo Silva,ACCT5636400,2025-10-03 19:38:03,noise
credit,1599.47,,BRANCH32,Leo Silva,ACCT5636400,2025-09-30 12:35:49,noise
debit,1131.5,,BRANCH32,Leo Silva,ACCT5636400,2025-09-28 13:17:51,noise
credit,2376.07,,BRANCH32,Leo Silva,ACCT5636400,2025-09-28 17:30:52,noise
debit,990.59,,BRANCH32,Leo Silva,ACCT5636400,2025-09-23 20:20:49,noise
credit,267.88,,BRANCH32,Leo Silva,ACCT5636400,2025-09-22 13:00:55,noise
credit,1707.97,,BRANCH19,Leo Silva,ACCT5636400,2025-09-20 20:16:17,noise
debit,3000.0,ACCT8643847,BRANCH14,Leo Silva,ACCT5636400,2025-09-20 08:44:30,noise
debit,150.76,ACCT8111751,BRANCH32,Leo Silva,ACCT5636400,2025-09-17 21:39:21,noise
debit,1019.4,,BRANCH60,Leo Silva,ACCT5636400,2025-09-17 20:31:44,noise
debit,1924.62,,BRANCH32,Leo Silva,ACCT5636400,2025-09-16 19:39:22,noise
debit,367.56,,BRANCH32,Leo Silva,ACCT5636400,2025-09-14 14:40:48,noise
credit,511.79,,BRANCH32,Leo Silva,ACCT5636400,2025-09-09 02:19:23,noise
credit,659.35,ACCT8951981,BRANCH70,Leo Silva,ACCT5636400,2025-09-06 05:12:16,noise
credit,651.39,ACCT9694486,BRANCH32,Leo Silva,ACCT5636400,2025-09-03 16:26:11,noise
debit,730.62,,BRANCH32,Leo Silva,ACCT5636400,2025-09-02 18:09:55,noise
credit,397.99,,BRANCH32,Leo Silva,ACCT5636400,2025-09-02 17:03:30,noise
credit,1020.09,,BRANCH32,Leo Silva,ACCT5636400,2025-08-27 12:45:16,noise
credit,265.7,ACCT1255646,BRANCH27,Leo Silva,ACCT5636400,2025-08-26 15:02:39,noise
credit,468.13,ACCT5476448,BRANCH12,Leo Silva,ACCT5636400,2025-08-26 16:14:44,noise
debit,496.71,ACCT9669289,BRANCH17,Leo Silva,ACCT5636400,2025-08-25 20:26:03,noise
credit,176.96,ACCT5951659,BRANCH32,Leo Silva,ACCT5636400,2025-08-25 15:18:28,noise
credit,1656.22,,BRANCH39,Leo Silva,ACCT5636400,2025-08-21 00:33:22,noise
debit,283.03,,BRANCH32,Leo Silva,ACCT5636400,2025-08-19 11:33:22,noise
debit,3000.0,ACCT5995673,BRANCH81,Leo Silva,ACCT5636400,2025-08-19 13:37:20,noise
credit,1230.54,,BRANCH32,Leo Silva,ACCT5636400,2025-08-17 18:19:45,noise
credit,163.49,,BRANCH32,Leo Silva,ACCT5636400,2025-08-16 14:43:40,noise
credit,918.56,ACCT4966762,BRANCH32,Leo Silva,ACCT5636400,2025-08-16 15:09:37,noise
credit,133.17,,BRANCH52,Leo Silva,ACCT5636400,2025-08-15 23:08:21,noise
debit,308.88,,BRANCH52,Leo Silva,ACCT5636400,2025-08-15 15:19:52,noise
credit,229.74,ACCT9694486,BRANCH32,Leo Silva,ACCT5636400,2025-08-14 14:23:14,noise
debit,1806.27,,BRANCH90,Leo Silva,ACCT5636400,2025-08-14 20:18:09,noise
credit,242.46,,BRANCH32,Leo Silva,ACCT5636400,2025-08-13 13:38:31,noise
debit,5993.85,,BRANCH40,Leo Silva,ACCT5636400,2025-08-09 09:24:40,noise
credit,941.14,,BRANCH32,Leo Silva,ACCT5636400,2025-08-09 10:06:50,noise
debit,1286.19,,BRANCH69,Leo Silva,ACCT5636400,2025-08-08 20:30:09,noise
debit,478.39,,BRANCH32,Leo Silva,ACCT5636400,2025-08-04 02:09:44,noise
debit,385.47,,BRANCH62,Ava Tanaka,ACCT9972582,2025-10-01 21:22:07,noise
debit,3617.01,,BRANCH62,Ava Tanaka,ACCT9972582,2025-09-28 20:28:24,noise
debit,329.39,,BRANCH59,Ava Tanaka,ACCT9972582,2025-09-28 12:13:07,noise
debit,714.0,,BRANCH62,Ava Tanaka,ACCT9972582,2025-09-27 16:44:44,noise
debit,230.1,,BRANCH62,Ava Tanaka,ACCT9972582,2025-09-24 19:18:27,noise
credit,410.76,ACCT1995731,BRANCH71,Ava Tanaka,ACCT9972582,2025-09-23 19:28:38,noise
debit,810.1,ACCT9005281,BRANCH68,Ava Tanaka,ACCT9972582,2025-09-12 19:01:25,noise
debit,345.76,,BRANCH62,Ava Tanaka,ACCT9972582,2025-09-10 20:00:50,noise
debit,135.78,,BRANCH62,Ava Tanaka,ACCT9972582,2025-09-10 12:27:09,noise
credit,371.64,ACCT5429081,BRANCH62,Ava Tanaka,ACCT9972582,2025-09-09 23:36:44,noise
credit,323.71,,BRANCH81,Ava Tanaka,ACCT9972582,2025-09-08 09:41:43,noise
credit,97.78,ACCT4669945,BRANCH17,Ava Tanaka,ACCT9972582,2025-09-07 17:28:10,noise
debit,1724.43,ACCT7388607,BRANCH62,Ava Tanaka,ACCT9972582,2025-09-07 03:19:10,noise
credit,256.5,,BRANCH62,Ava Tanaka,ACCT9972582,2025-09-05 14:17:25,noise
debit,409.33,,BRANCH62,Ava Tanaka,ACCT9972582,2025-08-31 10:12:55,noise
debit,1046.18,,BRANCH62,Ava Tanaka,ACCT9972582,2025-08-28 04:44:03,noise
credit,349.62,,BRANCH62,Ava Tanaka,ACCT9972582,2025-08-26 13:07:46,noise
credit,5512.89,,BRANCH62,Ava Tanaka,ACCT9972582,2025-08-23 08:04:51,noise
credit,487.38,ACCT9311538,BRANCH62,Ava Tanaka,ACCT9972582,2025-08-23 10:17:47,noise
debit,482.37,,BRANCH62,Ava Tanaka,ACCT9972582,2025-08-22 15:31:36,noise
debit,2386.87,,BRANCH14,Ava Tanaka,ACCT9972582,2025-08-20 05:03:43,noise
debit,561.0,,BRANCH62,Ava Tanaka,ACCT9972582,2025-08-19 00:45:26,noise
debit,732.65,,BRANCH62,Ava Tanaka,ACCT9972582,2025-08-17 22:07:56,noise
debit,1447.33,,BRANCH99,Ava Tanaka,ACCT9972582,2025-08-17 20:23:08,noise
credit,335.43,ACCT9559423,BRANCH62,Ava Tanaka,ACCT9972582,2025-08-16 11:16:42,noise
credit,1431.82,,BRANCH62,Ava Tanaka,ACCT9972582,2025-08-15 16:14:29,noise
debit,425.46,,BRANCH62,Ava Tanaka,ACCT9972582,2025-08-14 16:15:57,noise
credit,789.31,,BRANCH62,Ava Tanaka,ACCT9972582,2025-08-14 05:33:53,noise
debit,286.79,ACCT9048039,BRANCH62,Ava Tanaka,ACCT9972582,2025-08-11 14:09:55,noise
credit,1031.04,,BRANCH62,Ava Tanaka,ACCT9972582,2025-08-10 21:44:07,noise
debit,138.81,,BRANCH62,Ava Tanaka,ACCT9972582,2025-08-06 13:20:39,noise
debit,4944.15,,BRANCH87,Leo Iqbal,ACCT8804882,2025-10-01 15:27:06,noise
debit,1785.82,ACCT6324196,BRANCH87,Leo Iqbal,ACCT8804882,2025-09-30 10:26:31,noise
credit,838.49,,BRANCH59,Leo Iqbal,ACCT8804882,2025-09-30 19:17:17,noise
debit,1978.42,,BRANCH87,Leo Iqbal,ACCT8804882,2025-09-29 15:27:54,noise
debit,1084.84,,BRANCH87,Leo Iqbal,ACCT8804882,2025-09-24 10:03:41,noise
credit,1152.67,,BRANCH39,Leo Iqbal,ACCT8804882,2025-09-21 23:03:52,noise
credit,8564.09,ACCT1415361,BRANCH87,Leo Iqbal,ACCT8804882,2025-09-16 20:16:01,noise
debit,446.3,,BRANCH87,Leo Iqbal,ACCT8804882,2025-09-14 22:26:58,noise
credit,134.54,,BRANCH87,Leo Iqbal,ACCT8804882,2025-09-06 23:43:57,noise
debit,434.84,,BRANCH87,Leo Iqbal,ACCT8804882,2025-09-03 18:28:23,noise
credit,651.5,,BRANCH27,Leo Iqbal,ACCT8804882,2025-09-01 11:22:47,noise
credit,428.86,,BRANCH87,Leo Iqbal,ACCT8804882,2025-08-28 17:38:25,noise
credit,1189.02,,BRANCH87,Leo Iqbal,ACCT8804882,2025-08-28 00:40:35,noise
credit,634.22,,BRANCH26,Leo Iqbal,ACCT8804882,2025-08-26 14:16:19,noise
debit,330.71,,BRANCH61,Leo Iqbal,ACCT8804882,2025-08-22 14:38:52,noise
debit,324.87,,BRANCH73,Leo Iqbal,ACCT8804882,2025-08-22 14:19:38,noise
credit,294.9,,BRANCH52,Leo Iqbal,ACCT8804882,2025-08-18 22:03:14,noise
credit,230.41,ACCT5581363,BRANCH87,Leo Iqbal,ACCT8804882,2025-08-17 16:39:18,noise
debit,1137.93,ACCT9021189,BRANCH87,Leo Iqbal,ACCT8804882,2025-08-17 19:28:11,noise
credit,295.28,,BRANCH87,Leo Iqbal,ACCT8804882,2025-08-15 18:39:15,noise
debit,366.64,,BRANCH87,Leo Iqbal,ACCT8804882,2025-08-15 19:23:21,noise
credit,2661.56,,BRANCH87,Leo Iqbal,ACCT8804882,2025-08-13 15:44:09,noise
debit,1126.82,,BRANCH87,Leo Iqbal,ACCT8804882,2025-08-11 09:04:14,noise
credit,150.5,ACCT1277862,BRANCH87,Leo Iqbal,ACCT8804882,2025-08-08 03:28:27,noise
credit,3025.0,,BRANCH87,Leo Iqbal,ACCT8804882,2025-08-05 21:41:57,noise
debit,3306.27,,BRANCH87,Leo Iqbal,ACCT8804882,2025-08-04 14:12:05,noise
credit,506.38,ACCT8303036,BRANCH99,Ivy Unger,ACCT9041818,2025-10-03 10:26:07,noise
credit,3000.87,,BRANCH29,Ivy Unger,ACCT9041818,2025-10-01 03:36:28,noise
debit,4156.64,,BRANCH29,Ivy Unger,ACCT9041818,2025-09-30 22:36:15,noise
credit,1431.47,,BRANCH29,Ivy Unger,ACCT9041818,2025-09-29 16:29:18,noise
credit,450.65,ACCT9559423,BRANCH29,Ivy Unger,ACCT9041818,2025-09-24 10:26:23,noise
credit,1299.03,,BRANCH95,Ivy Unger,ACCT9041818,2025-09-23 19:30:57,noise
debit,459.34,,BRANCH29,Ivy Unger,ACCT9041818,2025-09-21 09:02:16,noise
credit,5014.8,,BRANCH29,Ivy Unger,ACCT9041818,2025-09-19 02:17:54,noise
credit,3628.08,,BRANCH29,Ivy Unger,ACCT9041818,2025-09-18 11:18:27,noise
credit,669.92,,BRANCH29,Ivy Unger,ACCT9041818,2025-09-13 17:42:15,noise
debit,752.36,,BRANCH29,Ivy Unger,ACCT9041818,2025-09-13 12:00:17,noise
debit,704.02,,BRANCH29,Ivy Unger,ACCT9041818,2025-09-12 17:15:47,noise
credit,2529.0,,BRANCH29,Ivy Unger,ACCT9041818,2025-09-11 04:14:18,noise
debit,291.75,,BRANCH29,Ivy Unger,ACCT9041818,2025-09-10 13:21:36,noise
credit,416.29,,BRANCH29,Ivy Unger,ACCT9041818,2025-09-09 14:43:07,noise
credit,1036.17,ACCT5292490,BRANCH98,Ivy Unger,ACCT9041818,2025-09-08 08:44:27,noise
credit,1180.46,,BRANCH29,Ivy Unger,ACCT9041818,2025-09-07 14:29:14,noise
credit,210.83,ACCT6324196,BRANCH29,Ivy Unger,ACCT9041818,2025-09-05 09:16:36,noise
debit,545.72,,BRANCH29,Ivy Unger,ACCT9041818,2025-09-05 13:18:01,noise
debit,753.76,,BRANCH29,Ivy Unger,ACCT9041818,2025-09-03 09:24:32,noise
credit,2893.66,ACCT3953180,BRANCH36,Ivy Unger,ACCT9041818,2025-08-31 18:41:55,noise
credit,1588.58,ACCT9048039,BRANCH29,Ivy Unger,ACCT9041818,2025-08-30 10:33:43,noise
debit,600.0,ACCT8951981,BRANCH83,Ivy Unger,ACCT9041818,2025-08-29 16:10:13,noise
debit,247.38,ACCT4937292,BRANCH29,Ivy Unger,ACCT9041818,2025-08-28 01:17:34,noise
debit,814.84,,BRANCH52,Ivy Unger,ACCT9041818,2025-08-20 14:08:13,noise
debit,207.55,ACCT5836992,BRANCH29,Ivy Unger,ACCT9041818,2025-08-16 13:41:45,noise
debit,1371.59,,BRANCH88,Ivy Unger,ACCT9041818,2025-08-15 19:39:37,noise
credit,1134.02,ACCT9972582,BRANCH29,Ivy Unger,ACCT9041818,2025-08-15 10:09:28,noise
debit,2642.39,,BRANCH29,Ivy Unger,ACCT9041818,2025-08-13 22:41:38,noise
credit,292.54,,BRANCH29,Ivy Unger,ACCT9041818,2025-08-11 16:07:32,noise
credit,690.18,ACCT1418465,BRANCH29,Ivy Unger,ACCT9041818,2025-08-11 15:40:49,noise
debit,226.67,,BRANCH29,Ivy Unger,ACCT9041818,2025-08-04 16:11:37,noise
debit,1926.05,,BRANCH61,Tomas Zhou,ACCT3425480,2025-10-02 14:23:50,noise
debit,673.27,,BRANCH61,Tomas Zhou,ACCT3425480,2025-09-27 16:40:37,noise
debit,109.15,,BRANCH61,Tomas Zhou,ACCT3425480,2025-09-26 16:44:28,noise
credit,118.14,,BRANCH61,Tomas Zhou,ACCT3425480,2025-09-26 19:07:31,noise
credit,257.75,,BRANCH61,Tomas Zhou,ACCT3425480,2025-09-25 18:45:20,noise
debit,719.94,,BRANCH61,Tomas Zhou,ACCT3425480,2025-09-22 20:33:05,noise
credit,535.98,,BRANCH61,Tomas Zhou,ACCT3425480,2025-09-16 12:14:35,noise
credit,891.53,,BRANCH61,Tomas Zhou,ACCT3425480,2025-09-16 12:03:08,noise
debit,555.11,ACCT1743852,BRANCH50,Tomas Zhou,ACCT3425480,2025-09-15 23:29:00,noise
credit,1329.38,,BRANCH61,Tomas Zhou,ACCT3425480,2025-09-15 11:09:19,noise
debit,286.52,ACCT9669289,BRANCH63,Tomas Zhou,ACCT3425480,2025-09-13 23:16:54,noise
debit,259.26,ACCT1231042,BRANCH61,Tomas Zhou,ACCT3425480,2025-09-11 19:01:59,noise
debit,842.04,ACCT8324003,BRANCH61,Tomas Zhou,ACCT3425480,2025-09-11 03:38:22,noise
credit,2211.27,ACCT1233952,BRANCH61,Tomas Zhou,ACCT3425480,2025-09-10 19:22:07,noise
debit,299.45,,BRANCH61,Tomas Zhou,ACCT3425480,2025-09-08 15:01:44,noise
debit,718.63,ACCT5636400,BRANCH61,Tomas Zhou,ACCT3425480,2025-09-08 14:33:05,noise
credit,527.37,,BRANCH61,Tomas Zhou,ACCT3425480,2025-08-29 13:18:53,noise
debit,1348.82,,BRANCH61,Tomas Zhou,ACCT3425480,2025-08-26 01:13:39,noise
debit,539.58,,BRANCH97,Tomas Zhou,ACCT3425480,2025-08-23 14:39:58,noise
credit,1565.68,,BRANCH61,Tomas Zhou,ACCT3425480,2025-08-23 11:23:59,noise
credit,2063.6,,BRANCH61,Tomas Zhou,ACCT3425480,2025-08-22 10:42:25,noise
credit,138.96,,BRANCH57,Tomas Zhou,ACCT3425480,2025-08-22 08:08:23,noise
debit,238.09,,BRANCH61,Tomas Zhou,ACCT3425480,2025-08-18 08:27:52,noise
debit,1616.6,,BRANCH61,Tomas Zhou,ACCT3425480,2025-08-18 09:30:19,noise
credit,2156.88,,BRANCH61,Tomas Zhou,ACCT3425480,2025-08-17 12:23:10,noise
credit,442.85,,BRANCH61,Tomas Zhou,ACCT3425480,2025-08-14 20:08:49,noise
debit,957.66,ACCT1129966,BRANCH61,Tomas Zhou,ACCT3425480,2025-08-13 21:39:22,noise
debit,3258.26,,BRANCH60,Tomas Zhou,ACCT3425480,2025-08-13 12:15:11,noise
credit,325.71,ACCT1418465,BRANCH61,Tomas Zhou,ACCT3425480,2025-08-11 01:02:40,noise
credit,620.63,,BRANCH61,Tomas Zhou,ACCT3425480,2025-08-11 13:14:07,noise
credit,663.59,ACCT4876396,BRANCH61,Tomas Zhou,ACCT3425480,2025-08-08 16:11:31,noise
credit,881.83,ACCT1995731,BRANCH61,Tomas Zhou,ACCT3425480,2025-08-08 14:24:34,noise
debit,1604.77,ACCT8303036,BRANCH61,Tomas Zhou,ACCT3425480,2025-08-07 17:19:03,noise
credit,326.24,,BRANCH61,Tomas Zhou,ACCT3425480,2025-08-06 22:20:16,noise
credit,1724.25,,BRANCH42,Tomas Zhou,ACCT3425480,2025-08-04 09:34:41,noise
debit,5027.53,,BRANCH85,Mara Wei,ACCT2564935,2025-10-03 18:21:29,noise
debit,1359.62,ACCT9041818,BRANCH58,Mara Wei,ACCT2564935,2025-10-03 16:35:23,noise
debit,2167.37,ACCT4646142,BRANCH85,Mara Wei,ACCT2564935,2025-10-02 11:17:27,noise
debit,937.42,,BRANCH85,Mara Wei,ACCT2564935,2025-09-30 17:43:01,noise
credit,476.51,,BRANCH85,Mara Wei,ACCT2564935,2025-09-29 19:13:33,noise
debit,688.96,,BRANCH82,Mara Wei,ACCT2564935,2025-09-25 15:16:39,noise
debit,1428.69,,BRANCH85,Mara Wei,ACCT2564935,2025-09-22 10:40:33,noise
credit,626.69,,BRANCH56,Mara Wei,ACCT2564935,2025-09-20 19:43:11,noise
debit,1107.59,ACCT4785478,BRANCH85,Mara Wei,ACCT2564935,2025-09-18 11:00:24,noise
credit,347.68,ACCT2027356,BRANCH85,Mara Wei,ACCT2564935,2025-09-18 18:36:41,noise
debit,164.14,,BRANCH85,Mara Wei,ACCT2564935,2025-09-11 15:38:14,noise
debit,633.32,ACCT8605540,BRANCH85,Mara Wei,ACCT2564935,2025-09-05 11:27:17,noise
debit,457.36,,BRANCH85,Mara Wei,ACCT2564935,2025-08-30 10:34:59,noise
credit,278.39,,BRANCH85,Mara Wei,ACCT2564935,2025-08-29 12:02:53,noise
credit,379.14,ACCT8439122,BRANCH85,Mara Wei,ACCT2564935,2025-08-28 13:45:04,noise
credit,2621.68,,BRANCH51,Mara Wei,ACCT2564935,2025-08-28 20:37:23,noise
debit,330.66,,BRANCH85,Mara Wei,ACCT2564935,2025-08-27 15:15:50,noise
credit,1952.13,,BRANCH82,Mara Wei,ACCT2564935,2025-08-27 20:32:30,noise
debit,506.88,ACCT8804882,BRANCH85,Mara Wei,ACCT2564935,2025-08-26 08:37:38,noise
debit,989.33,,BRANCH43,Mara Wei,ACCT2564935,2025-08-24 14:04:12,noise
credit,485.43,,BRANCH85,Mara Wei,ACCT2564935,2025-08-24 03:20:09,noise
debit,802.51,,BRANCH85,Mara Wei,ACCT2564935,2025-08-23 13:42:31,noise
debit,589.16,,BRANCH85,Mara Wei,ACCT2564935,2025-08-16 13:30:23,noise
debit,821.57,,BRANCH61,Mara Wei,ACCT2564935,2025-08-15 10:27:13,noise
debit,192.95,ACCT5877007,BRANCH85,Mara Wei,ACCT2564935,2025-08-14 18:15:37,noise
credit,1410.33,,BRANCH85,Mara Wei,ACCT2564935,2025-08-11 09:17:05,noise
debit,1274.03,,BRANCH85,Mara Wei,ACCT2564935,2025-08-08 16:20:45,noise
credit,294.96,,BRANCH22,Mara Wei,ACCT2564935,2025-08-07 13:37:46,noise
debit,230.49,,BRANCH49,Mara Wei,ACCT2564935,2025-08-07 19:08:16,noise
debit,180.32,ACCT4785478,BRANCH85,Mara Wei,ACCT2564935,2025-08-05 10:14:38,noise
credit,472.29,,BRANCH85,Mara Wei,ACCT2564935,2025-08-04 17:01:02,noise
debit,295.54,,BRANCH73,Uma Chen,ACCT8515064,2025-10-03 21:23:22,noise
credit,516.34,,BRANCH73,Uma Chen,ACCT8515064,2025-10-02 19:19:22,noise
debit,1294.32,ACCT1337538,BRANCH42,Uma Chen,ACCT8515064,2025-10-01 17:40:34,noise
debit,1814.91,ACCT9972582,BRANCH73,Uma Chen,ACCT8515064,2025-09-29 14:15:15,noise
debit,1418.38,,BRANCH73,Uma Chen,ACCT8515064,2025-09-27 12:37:21,noise
debit,325.21,ACCT8324003,BRANCH73,Uma Chen,ACCT8515064,2025-09-26 10:15:01,noise
credit,408.2,,BRANCH73,Uma Chen,ACCT8515064,2025-09-24 11:09:02,noise
debit,762.77,ACCT5836992,BRANCH73,Uma Chen,ACCT8515064,2025-09-24 19:12:56,noise
credit,430.9,,BRANCH73,Uma Chen,ACCT8515064,2025-09-23 22:36:21,noise
credit,142.33,ACCT7123462,BRANCH73,Uma Chen,ACCT8515064,2025-09-23 17:29:01,noise
debit,383.28,,BRANCH69,Uma Chen,ACCT8515064,2025-09-22 04:44:23,noise
credit,501.42,ACCT7857685,BRANCH73,Uma Chen,ACCT8515064,2025-09-17 20:08:50,noise
credit,324.79,,BRANCH73,Uma Chen,ACCT8515064,2025-09-11 18:07:17,noise
credit,565.6,ACCT5572338,BRANCH72,Uma Chen,ACCT8515064,2025-09-10 15:25:29,noise
debit,964.02,,BRANCH35,Uma Chen,ACCT8515064,2025-09-09 08:39:05,noise
credit,3411.36,ACCT2179349,BRANCH84,Uma Chen,ACCT8515064,2025-09-09 17:43:30,noise
debit,1599.35,ACCT6324196,BRANCH10,Uma Chen,ACCT8515064,2025-09-08 10:22:52,noise
debit,129.08,,BRANCH45,Uma Chen,ACCT8515064,2025-09-07 21:19:32,noise
credit,395.36,,BRANCH73,Uma Chen,ACCT8515064,2025-09-07 11:37:23,noise
debit,888.04,ACCT2134871,BRANCH85,Uma Chen,ACCT8515064,2025-09-05 20:33:48,noise
debit,161.31,,BRANCH73,Uma Chen,ACCT8515064,2025-08-31 11:07:21,noise
debit,1834.06,ACCT6992490,BRANCH73,Uma Chen,ACCT8515064,2025-08-26 11:30:12,noise
debit,274.13,,BRANCH73,Uma Chen,ACCT8515064,2025-08-25 18:33:28,noise
debit,1196.08,,BRANCH73,Uma Chen,ACCT8515064,2025-08-25 20:44:04,noise
credit,112.22,,BRANCH73,Uma Chen,ACCT8515064,2025-08-23 10:08:25,noise
debit,1297.35,,BRANCH73,Uma Chen,ACCT8515064,2025-08-20 18:33:06,noise
debit,360.25,,BRANCH73,Uma Chen,ACCT8515064,2025-08-18 15:37:00,noise
debit,324.95,,BRANCH45,Uma Chen,ACCT8515064,2025-08-17 14:42:05,noise
credit,1231.05,ACCT8804882,BRANCH73,Uma Chen,ACCT8515064,2025-08-15 09:02:43,noise
credit,1128.58,,BRANCH73,Uma Chen,ACCT8515064,2025-08-14 16:17:06,noise
credit,886.04,ACCT4531823,BRANCH99,Uma Chen,ACCT8515064,2025-08-11 00:27:04,noise
credit,384.22,,BRANCH73,Uma Chen,ACCT8515064,2025-08-10 11:45:36,noise
debit,574.56,,BRANCH73,Uma Chen,ACCT8515064,2025-08-09 09:15:50,noise
credit,2074.85,ACCT8951981,BRANCH73,Uma Chen,ACCT8515064,2025-08-08 11:24:43,noise
debit,882.63,,BRANCH80,Diego Tanaka,ACCT7654674,2025-10-03 00:07:26,noise
credit,2109.04,ACCT4937292,BRANCH80,Diego Tanaka,ACCT7654674,2025-10-03 11:39:16,noise
credit,145.39,ACCT7605717,BRANCH80,Diego Tanaka,ACCT7654674,2025-10-02 16:12:21,noise
debit,137.26,,BRANCH80,Diego Tanaka,ACCT7654674,2025-10-02 17:16:25,noise
credit,375.26,ACCT4469490,BRANCH49,Diego Tanaka,ACCT7654674,2025-09-27 04:06:36,noise
credit,636.55,,BRANCH37,Diego Tanaka,ACCT7654674,2025-09-27 14:22:44,noise
debit,593.12,ACCT8515064,BRANCH80,Diego Tanaka,ACCT7654674,2025-09-23 05:17:46,noise
debit,222.54,,BRANCH80,Diego Tanaka,ACCT7654674,2025-09-20 11:34:57,noise
credit,1137.36,ACCT1735928,BRANCH80,Diego Tanaka,ACCT7654674,2025-09-19 19:34:35,noise
debit,215.44,,BRANCH80,Diego Tanaka,ACCT7654674,2025-09-17 19:07:08,noise
debit,3000.0,ACCT4876396,BRANCH80,Diego Tanaka,ACCT7654674,2025-09-17 19:12:06,noise
credit,743.56,ACCT8776691,BRANCH71,Diego Tanaka,ACCT7654674,2025-09-15 21:24:10,noise
debit,736.41,ACCT5429081,BRANCH40,Diego Tanaka,ACCT7654674,2025-09-13 00:00:43,noise
credit,760.85,,BRANCH80,Diego Tanaka,ACCT7654674,2025-09-13 22:05:46,noise
credit,2387.75,,BRANCH24,Diego Tanaka,ACCT7654674,2025-09-11 09:22:09,noise
credit,451.12,ACCT8352432,BRANCH80,Diego Tanaka,ACCT7654674,2025-09-11 16:40:09,noise
credit,814.34,ACCT1119359,BRANCH80,Diego Tanaka,ACCT7654674,2025-09-09 09:10:49,noise
debit,198.78,,BRANCH54,Diego Tanaka,ACCT7654674,2025-09-07 10:36:55,noise
credit,2470.2,,BRANCH80,Diego Tanaka,ACCT7654674,2025-09-07 09:29:05,noise
debit,539.65,,BRANCH88,Diego Tanaka,ACCT7654674,2025-09-06 21:09:21,noise
debit,2016.76,ACCT6165476,BRANCH80,Diego Tanaka,ACCT7654674,2025-09-04 18:44:50,noise
credit,844.2,,BRANCH69,Diego Tanaka,ACCT7654674,2025-09-02 19:43:19,noise
credit,70.73,,BRANCH80,Diego Tanaka,ACCT7654674,2025-09-02 14:31:16,noise
debit,877.78,,BRANCH80,Diego Tanaka,ACCT7654674,2025-09-01 14:00:33,noise
debit,444.2,,BRANCH71,Diego Tanaka,ACCT7654674,2025-08-31 17:42:31,noise
credit,1471.99,ACCT8605540,BRANCH80,Diego Tanaka,ACCT7654674,2025-08-30 22:26:57,noise
credit,368.69,,BRANCH80,Diego Tanaka,ACCT7654674,2025-08-29 11:04:11,noise
credit,891.02,,BRANCH80,Diego Tanaka,ACCT7654674,2025-08-25 14:21:16,noise
debit,572.26,,BRANCH80,Diego Tanaka,ACCT7654674,2025-08-25 12:09:33,noise
credit,247.7,,BRANCH95,Diego Tanaka,ACCT7654674,2025-08-24 01:11:39,noise
debit,198.71,,BRANCH80,Diego Tanaka,ACCT7654674,2025-08-23 13:13:18,noise
credit,2305.6,ACCT5187799,BRANCH80,Diego Tanaka,ACCT7654674,2025-08-20 10:17:55,noise
debit,1234.42,ACCT5636400,BRANCH80,Diego Tanaka,ACCT7654674,2025-08-18 12:03:01,noise
debit,637.75,,BRANCH80,Diego Tanaka,ACCT7654674,2025-08-17 13:44:19,noise
debit,511.16,ACCT8951981,BRANCH80,Diego Tanaka,ACCT7654674,2025-08-17 14:14:03,noise
credit,161.35,ACCT9439856,BRANCH98,Diego Tanaka,ACCT7654674,2025-08-16 09:26:18,noise
credit,1201.15,ACCT9669289,BRANCH80,Diego Tanaka,ACCT7654674,2025-08-16 15:07:29,noise
credit,955.1,,BRANCH60,Diego Tanaka,ACCT7654674,2025-08-14 23:22:20,noise
debit,478.53,,BRANCH80,Diego Tanaka,ACCT7654674,2025-08-11 19:24:41,noise
credit,1231.77,,BRANCH80,Diego Tanaka,ACCT7654674,2025-08-11 23:18:42,noise
credit,261.96,ACCT4876396,BRANCH19,Diego Tanaka,ACCT7654674,2025-08-10 19:09:29,noise
debit,3000.0,ACCT8515064,BRANCH80,Diego Tanaka,ACCT7654674,2025-08-08 18:02:14,noise
credit,328.21,,BRANCH80,Diego Tanaka,ACCT7654674,2025-08-07 03:08:06,noise
credit,560.31,,BRANCH80,Diego Tanaka,ACCT7654674,2025-08-06 12:17:12,noise
credit,678.09,,BRANCH21,Diego Tanaka,ACCT7654674,2025-08-05 05:35:08,noise
credit,791.32,ACCT6235485,BRANCH96,Diego Tanaka,ACCT7654674,2025-08-04 09:10:04,noise
credit,322.27,,BRANCH26,Yara Wei,ACCT1231042,2025-10-03 13:11:15,noise
credit,612.14,,BRANCH77,Yara Wei,ACCT1231042,2025-10-03 19:20:43,noise
debit,965.14,ACCT4469490,BRANCH46,Yara Wei,ACCT1231042,2025-10-01 11:13:38,noise
credit,381.97,,BRANCH87,Yara Wei,ACCT1231042,2025-09-30 12:22:15,noise
credit,1233.21,,BRANCH74,Yara Wei,ACCT1231042,2025-09-27 17:31:13,noise
debit,558.76,,BRANCH74,Yara Wei,ACCT1231042,2025-09-25 20:24:22,noise
credit,260.45,,BRANCH36,Yara Wei,ACCT1231042,2025-09-24 14:32:07,noise
debit,635.4,ACCT1735928,BRANCH11,Yara Wei,ACCT1231042,2025-09-21 09:42:35,noise
credit,1692.07,,BRANCH74,Yara Wei,ACCT1231042,2025-09-21 15:23:25,noise
credit,676.44,,BRANCH74,Yara Wei,ACCT1231042,2025-09-19 12:15:56,noise
debit,492.12,,BRANCH75,Yara Wei,ACCT1231042,2025-09-16 09:08:22,noise
debit,1612.29,,BRANCH79,Yara Wei,ACCT1231042,2025-09-15 11:14:42,noise
debit,1481.07,ACCT5429081,BRANCH74,Yara Wei,ACCT1231042,2025-09-13 19:00:47,noise
debit,164.13,,BRANCH74,Yara Wei,ACCT1231042,2025-09-12 14:02:54,noise
debit,2866.43,,BRANCH34,Yara Wei,ACCT1231042,2025-09-11 13:32:23,noise
credit,1621.57,,BRANCH74,Yara Wei,ACCT1231042,2025-09-11 11:43:28,noise
debit,465.53,,BRANCH74,Yara Wei,ACCT1231042,2025-09-10 17:38:36,noise
credit,5232.68,ACCT6235485,BRANCH30,Yara Wei,ACCT1231042,2025-09-10 12:36:59,noise
debit,1056.57,,BRANCH74,Yara Wei,ACCT1231042,2025-09-09 16:24:37,noise
credit,213.19,ACCT1301492,BRANCH74,Yara Wei,ACCT1231042,2025-09-09 18:36:16,noise
credit,785.85,,BRANCH74,Yara Wei,ACCT1231042,2025-09-03 22:15:25,noise
debit,434.85,ACCT5429081,BRANCH15,Yara Wei,ACCT1231042,2025-08-30 14:42:01,noise
credit,1392.81,ACCT8951981,BRANCH51,Yara Wei,ACCT1231042,2025-08-30 16:26:00,noise
debit,1525.71,,BRANCH74,Yara Wei,ACCT1231042,2025-08-25 03:14:03,noise
debit,4424.54,,BRANCH74,Yara Wei,ACCT1231042,2025-08-23 14:44:49,noise
debit,357.2,,BRANCH74,Yara Wei,ACCT1231042,2025-08-23 14:43:20,noise
credit,269.6,,BRANCH74,Yara Wei,ACCT1231042,2025-08-21 14:43:57,noise
credit,1261.46,,BRANCH57,Yara Wei,ACCT1231042,2025-08-19 03:19:33,noise
credit,1564.52,,BRANCH74,Yara Wei,ACCT1231042,2025-08-16 13:11:09,noise
debit,586.03,,BRANCH74,Yara Wei,ACCT1231042,2025-08-16 19:11:19,noise
debit,1343.93,ACCT7654674,BRANCH74,Yara Wei,ACCT1231042,2025-08-12 01:06:56,noise
debit,251.37,,BRANCH74,Yara Wei,ACCT1231042,2025-08-08 09:40:27,noise
debit,547.17,,BRANCH74,Yara Wei,ACCT1231042,2025-08-08 19:24:23,noise
credit,654.17,,BRANCH78,Yara Wei,ACCT1231042,2025-08-07 12:12:12,noise
debit,323.38,ACCT1995731,BRANCH74,Yara Wei,ACCT1231042,2025-08-06 17:38:21,noise
credit,473.5,ACCT7857685,BRANCH74,Yara Wei,ACCT1231042,2025-08-06 12:11:22,noise
debit,200.73,,BRANCH74,Yara Wei,ACCT1231042,2025-08-05 15:01:12,noise
debit,1528.0,,BRANCH58,Wes Diaz,ACCT8776691,2025-09-28 15:22:38,noise
credit,543.07,,BRANCH91,Wes Diaz,ACCT8776691,2025-09-26 11:41:30,noise
credit,1012.5,,BRANCH91,Wes Diaz,ACCT8776691,2025-09-23 00:25:33,noise
debit,104.45,ACCT1415361,BRANCH91,Wes Diaz,ACCT8776691,2025-09-23 13:41:11,noise
debit,323.69,,BRANCH91,Wes Diaz,ACCT8776691,2025-09-21 12:06:50,noise
debit,150.7,ACCT9021189,BRANCH30,Wes Diaz,ACCT8776691,2025-09-20 17:20:28,noise
credit,510.35,,BRANCH91,Wes Diaz,ACCT8776691,2025-09-19 22:16:56,noise
credit,1773.93,,BRANCH89,Wes Diaz,ACCT8776691,2025-09-19 09:42:51,noise
credit,1139.95,,BRANCH91,Wes Diaz,ACCT8776691,2025-09-18 09:41:31,noise
credit,722.18,,BRANCH91,Wes Diaz,ACCT8776691,2025-09-17 14:39:04,noise
credit,603.36,,BRANCH91,Wes Diaz,ACCT8776691,2025-09-16 20:31:09,noise
credit,627.88,,BRANCH91,Wes Diaz,ACCT8776691,2025-09-16 08:32:09,noise
credit,423.47,,BRANCH64,Wes Diaz,ACCT8776691,2025-09-13 12:37:29,noise
credit,655.17,,BRANCH19,Wes Diaz,ACCT8776691,2025-09-13 19:38:56,noise
credit,486.46,,BRANCH91,Wes Diaz,ACCT8776691,2025-09-12 13:37:17,noise
credit,1196.72,,BRANCH91,Wes Diaz,ACCT8776691,2025-09-11 09:37:05,noise
debit,424.37,ACCT7598078,BRANCH91,Wes Diaz,ACCT8776691,2025-09-11 18:13:33,noise
credit,2074.31,,BRANCH91,Wes Diaz,ACCT8776691,2025-09-10 18:11:55,noise
credit,1010.26,,BRANCH21,Wes Diaz,ACCT8776691,2025-09-09 01:04:50,noise
debit,2326.62,,BRANCH91,Wes Diaz,ACCT8776691,2025-09-05 08:35:53,noise
credit,620.74,,BRANCH91,Wes Diaz,ACCT8776691,2025-09-05 23:01:14,noise
debit,7489.41,,BRANCH91,Wes Diaz,ACCT8776691,2025-09-03 17:18:51,noise
credit,1455.77,,BRANCH91,Wes Diaz,ACCT8776691,2025-09-02 13:09:15,noise
debit,1788.4,,BRANCH91,Wes Diaz,ACCT8776691,2025-09-02 11:10:40,noise
credit,1736.01,,BRANCH91,Wes Diaz,ACCT8776691,2025-08-29 22:35:39,noise
debit,387.8,,BRANCH20,Wes Diaz,ACCT8776691,2025-08-29 08:24:52,noise
credit,328.15,ACCT8755910,BRANCH91,Wes Diaz,ACCT8776691,2025-08-23 10:13:05,noise
credit,970.0,,BRANCH91,Wes Diaz,ACCT8776691,2025-08-18 12:29:25,noise
debit,119.81,,BRANCH91,Wes Diaz,ACCT8776691,2025-08-17 18:20:08,noise
debit,617.92,ACCT2134871,BRANCH91,Wes Diaz,ACCT8776691,2025-08-17 11:01:03,noise
credit,597.65,,BRANCH22,Wes Diaz,ACCT8776691,2025-08-14 09:05:27,noise
credit,953.44,,BRANCH58,Wes Diaz,ACCT8776691,2025-08-14 21:35:24,noise
credit,3103.9,,BRANCH91,Wes Diaz,ACCT8776691,2025-08-12 16:07:35,noise
debit,1070.11,,BRANCH91,Wes Diaz,ACCT8776691,2025-08-12 18:03:00,noise
credit,1969.37,,BRANCH91,Wes Diaz,ACCT8776691,2025-08-07 17:37:42,noise
debit,425.47,,BRANCH91,Wes Diaz,ACCT8776691,2025-08-05 00:37:13,noise
debit,2671.05,,BRANCH92,Wes Diaz,ACCT8776691,2025-08-05 20:30:23,noise
credit,192.25,,BRANCH25,Wes Mehta,ACCT7388607,2025-10-02 21:45:47,noise
debit,877.28,ACCT1415361,BRANCH30,Wes Mehta,ACCT7388607,2025-10-01 16:18:20,noise
credit,1037.64,ACCT4531823,BRANCH71,Wes Mehta,ACCT7388607,2025-09-30 15:15:46,noise
debit,622.16,,BRANCH25,Wes Mehta,ACCT7388607,2025-09-29 21:05:57,noise
credit,364.8,,BRANCH25,Wes Mehta,ACCT7388607,2025-09-28 13:39:58,noise
debit,396.59,,BRANCH25,Wes Mehta,ACCT7388607,2025-09-25 13:32:13,noise
debit,269.0,,BRANCH25,Wes Mehta,ACCT7388607,2025-09-22 05:04:19,noise
debit,645.56,,BRANCH25,Wes Mehta,ACCT7388607,2025-09-22 03:27:16,noise
credit,752.8,,BRANCH25,Wes Mehta,ACCT7388607,2025-09-21 17:07:58,noise
debit,1263.1,,BRANCH32,Wes Mehta,ACCT7388607,2025-09-20 08:34:20,noise
credit,451.05,,BRANCH25,Wes Mehta,ACCT7388607,2025-09-19 15:15:53,noise
credit,975.65,,BRANCH25,Wes Mehta,ACCT7388607,2025-09-17 13:11:47,noise
credit,1886.64,,BRANCH25,Wes Mehta,ACCT7388607,2025-09-17 12:31:56,noise
debit,577.71,,BRANCH25,Wes Mehta,ACCT7388607,2025-09-16 19:44:20,noise
credit,3614.47,,BRANCH25,Wes Mehta,ACCT7388607,2025-09-15 16:20:00,noise
credit,561.2,,BRANCH25,Wes Mehta,ACCT7388607,2025-09-15 22:22:26,noise
credit,418.05,,BRANCH25,Wes Mehta,ACCT7388607,2025-09-13 12:01:06,noise
debit,473.62,,BRANCH25,Wes Mehta,ACCT7388607,2025-09-10 20:23:43,noise
debit,1412.53,,BRANCH56,Wes Mehta,ACCT7388607,2025-09-07 21:06:57,noise
credit,4085.16,,BRANCH25,Wes Mehta,ACCT7388607,2025-09-03 12:41:55,noise
debit,1809.79,ACCT5581363,BRANCH25,Wes Mehta,ACCT7388607,2025-08-31 13:11:12,noise
credit,324.59,,BRANCH91,Wes Mehta,ACCT7388607,2025-08-29 23:28:05,noise
credit,406.5,,BRANCH20,Wes Mehta,ACCT7388607,2025-08-29 09:37:32,noise
credit,1711.11,ACCT6992490,BRANCH25,Wes Mehta,ACCT7388607,2025-08-26 10:42:59,noise
credit,1471.0,,BRANCH25,Wes Mehta,ACCT7388607,2025-08-26 09:34:48,noise
credit,363.14,,BRANCH25,Wes Mehta,ACCT7388607,2025-08-22 10:32:55,noise
debit,462.47,,BRANCH25,Wes Mehta,ACCT7388607,2025-08-22 13:33:58,noise
debit,1382.76,,BRANCH25,Wes Mehta,ACCT7388607,2025-08-21 08:19:58,noise
debit,2018.25,,BRANCH63,Wes Mehta,ACCT7388607,2025-08-20 03:38:32,noise
credit,1691.6,,BRANCH25,Wes Mehta,ACCT7388607,2025-08-19 13:41:40,noise
debit,652.88,ACCT1864263,BRANCH25,Wes Mehta,ACCT7388607,2025-08-19 22:14:23,noise
debit,212.79,,BRANCH26,Wes Mehta,ACCT7388607,2025-08-18 17:09:58,noise
debit,901.94,,BRANCH25,Wes Mehta,ACCT7388607,2025-08-16 10:26:53,noise
credit,264.28,,BRANCH32,Wes Mehta,ACCT7388607,2025-08-15 12:21:42,noise
debit,876.67,,BRANCH25,Wes Mehta,ACCT7388607,2025-08-14 21:13:22,noise
credit,1451.01,ACCT5292490,BRANCH25,Wes Mehta,ACCT7388607,2025-08-13 03:10:30,noise
credit,1479.25,,BRANCH25,Wes Mehta,ACCT7388607,2025-08-11 12:37:13,noise
debit,304.77,,BRANCH25,Wes Mehta,ACCT7388607,2025-08-09 21:34:10,noise
debit,135.38,ACCT7598078,BRANCH12,Wes Mehta,ACCT7388607,2025-08-08 21:07:30,noise
debit,1020.73,,BRANCH25,Wes Mehta,ACCT7388607,2025-08-08 05:37:07,noise
debit,306.82,,BRANCH25,Wes Mehta,ACCT7388607,2025-08-07 22:31:20,noise
debit,1106.81,ACCT9685399,BRANCH27,Jin Anderson,ACCT1277862,2025-10-02 12:13:35,noise
credit,119.29,ACCT7715729,BRANCH27,Jin Anderson,ACCT1277862,2025-09-30 08:25:51,noise
credit,2012.3,ACCT8352432,BRANCH27,Jin Anderson,ACCT1277862,2025-09-27 14:28:18,noise
credit,355.75,,BRANCH27,Jin Anderson,ACCT1277862,2025-09-27 15:07:23,noise
credit,2056.6,,BRANCH27,Jin Anderson,ACCT1277862,2025-09-22 03:14:40,noise
credit,2312.13,ACCT6979650,BRANCH27,Jin Anderson,ACCT1277862,2025-09-16 18:40:20,noise
credit,757.3,,BRANCH27,Jin Anderson,ACCT1277862,2025-09-12 08:06:40,noise
debit,159.23,ACCT1337538,BRANCH75,Jin Anderson,ACCT1277862,2025-09-12 14:12:18,noise
credit,1118.53,,BRANCH27,Jin Anderson,ACCT1277862,2025-09-10 18:45:29,noise
credit,658.41,,BRANCH27,Jin Anderson,ACCT1277862,2025-09-08 14:33:47,noise
credit,193.53,,BRANCH27,Jin Anderson,ACCT1277862,2025-09-06 22:19:54,noise
credit,763.48,,BRANCH91,Jin Anderson,ACCT1277862,2025-09-06 11:45:32,noise
credit,1425.59,,BRANCH27,Jin Anderson,ACCT1277862,2025-08-31 21:21:38,noise
debit,584.02,,BRANCH27,Jin Anderson,ACCT1277862,2025-08-30 16:30:25,noise
credit,3893.13,ACCT9041818,BRANCH48,Jin Anderson,ACCT1277862,2025-08-25 16:27:27,noise
credit,1286.05,,BRANCH27,Jin Anderson,ACCT1277862,2025-08-24 09:13:48,noise
credit,2124.1,ACCT1301492,BRANCH27,Jin Anderson,ACCT1277862,2025-08-23 17:26:43,noise
debit,1379.69,ACCT7123462,BRANCH27,Jin Anderson,ACCT1277862,2025-08-22 10:34:35,noise
credit,352.47,,BRANCH27,Jin Anderson,ACCT1277862,2025-08-22 22:15:06,noise
credit,613.73,,BRANCH27,Jin Anderson,ACCT1277862,2025-08-20 05:04:02,noise
debit,171.91,,BRANCH59,Jin Anderson,ACCT1277862,2025-08-17 20:05:33,noise
credit,499.02,ACCT4721748,BRANCH27,Jin Anderson,ACCT1277862,2025-08-17 19:21:42,noise
credit,164.96,,BRANCH15,Jin Anderson,ACCT1277862,2025-08-15 16:10:33,noise
credit,285.56,,BRANCH27,Jin Anderson,ACCT1277862,2025-08-14 01:21:04,noise
credit,618.97,,BRANCH27,Jin Anderson,ACCT1277862,2025-08-14 18:14:45,noise
credit,479.69,,BRANCH12,Jin Anderson,ACCT1277862,2025-08-11 04:04:48,noise
debit,727.95,ACCT9311538,BRANCH27,Jin Anderson,ACCT1277862,2025-08-08 20:39:37,noise
debit,467.58,,BRANCH27,Jin Anderson,ACCT1277862,2025-08-08 21:04:21,noise
credit,1007.43,,BRANCH91,Ana ElSayed,ACCT9048039,2025-10-03 21:15:08,noise
credit,2025.23,,BRANCH98,Ana ElSayed,ACCT9048039,2025-10-03 09:34:48,noise
credit,746.46,,BRANCH40,Ana ElSayed,ACCT9048039,2025-10-02 23:09:01,noise
credit,415.97,,BRANCH91,Ana ElSayed,ACCT9048039,2025-10-01 18:08:11,noise
debit,197.7,,BRANCH74,Ana ElSayed,ACCT9048039,2025-10-01 18:32:02,noise
credit,526.49,,BRANCH91,Ana ElSayed,ACCT9048039,2025-09-29 13:18:39,noise
debit,1913.06,,BRANCH91,Ana ElSayed,ACCT9048039,2025-09-27 23:36:14,noise
debit,579.86,,BRANCH88,Ana ElSayed,ACCT9048039,2025-09-26 12:34:45,noise
debit,530.53,ACCT2179349,BRANCH91,Ana ElSayed,ACCT9048039,2025-09-25 18:16:59,noise
debit,545.51,ACCT6324196,BRANCH67,Ana ElSayed,ACCT9048039,2025-09-23 13:25:49,noise
debit,153.46,ACCT6324196,BRANCH89,Ana ElSayed,ACCT9048039,2025-09-21 21:45:29,noise
debit,1189.4,ACCT7598078,BRANCH91,Ana ElSayed,ACCT9048039,2025-09-20 02:21:19,noise
credit,112.04,,BRANCH91,Ana ElSayed,ACCT9048039,2025-09-11 18:43:22,noise
credit,1110.27,,BRANCH91,Ana ElSayed,ACCT9048039,2025-09-11 18:13:04,noise
debit,741.38,,BRANCH91,Ana ElSayed,ACCT9048039,2025-09-05 11:22:49,noise
debit,1229.46,ACCT7715729,BRANCH91,Ana ElSayed,ACCT9048039,2025-09-03 11:36:55,noise
credit,4036.91,ACCT5586555,BRANCH87,Ana ElSayed,ACCT9048039,2025-08-22 11:18:24,noise
credit,774.46,ACCT5187799,BRANCH80,Ana ElSayed,ACCT9048039,2025-08-22 17:04:07,noise
credit,752.5,,BRANCH91,Ana ElSayed,ACCT9048039,2025-08-21 17:45:59,noise
credit,556.68,,BRANCH93,Ana ElSayed,ACCT9048039,2025-08-20 14:08:21,noise
debit,1865.7,ACCT1735928,BRANCH91,Ana ElSayed,ACCT9048039,2025-08-17 20:13:25,noise
credit,650.46,,BRANCH91,Ana ElSayed,ACCT9048039,2025-08-17 05:32:32,noise
debit,110.56,ACCT8235911,BRANCH91,Ana ElSayed,ACCT9048039,2025-08-16 16:38:59,noise
debit,1086.87,ACCT1864263,BRANCH91,Ana ElSayed,ACCT9048039,2025-08-11 14:02:52,noise
debit,201.78,,BRANCH91,Ana ElSayed,ACCT9048039,2025-08-11 21:08:08,noise
debit,1472.09,,BRANCH91,Ana ElSayed,ACCT9048039,2025-08-07 11:01:43,noise
debit,2252.07,ACCT6324196,BRANCH76,Ana ElSayed,ACCT9048039,2025-08-05 18:12:10,noise
debit,428.77,,BRANCH91,Ana ElSayed,ACCT9048039,2025-08-04 11:45:20,noise
credit,538.6,ACCT8776691,BRANCH56,Zane Bakker,ACCT8303036,2025-10-03 11:44:30,noise
debit,431.35,,BRANCH60,Zane Bakker,ACCT8303036,2025-10-03 10:34:58,noise
credit,710.79,ACCT1995731,BRANCH60,Zane Bakker,ACCT8303036,2025-10-01 13:38:30,noise
credit,206.64,,BRANCH74,Zane Bakker,ACCT8303036,2025-10-01 10:01:28,noise
credit,390.46,,BRANCH60,Zane Bakker,ACCT8303036,2025-09-26 14:04:06,noise
credit,908.47,,BRANCH60,Zane Bakker,ACCT8303036,2025-09-26 18:13:51,noise
debit,391.81,,BRANCH46,Zane Bakker,ACCT8303036,2025-09-24 14:18:19,noise
credit,2293.78,,BRANCH67,Zane Bakker,ACCT8303036,2025-09-24 15:00:41,noise
debit,423.05,ACCT2186867,BRANCH60,Zane Bakker,ACCT8303036,2025-09-23 16:25:14,noise
debit,597.52,ACCT1743852,BRANCH60,Zane Bakker,ACCT8303036,2025-09-21 23:10:44,noise
debit,241.52,,BRANCH60,Zane Bakker,ACCT8303036,2025-09-19 18:23:45,noise
credit,422.24,,BRANCH50,Zane Bakker,ACCT8303036,2025-09-18 10:35:26,noise
debit,907.99,,BRANCH60,Zane Bakker,ACCT8303036,2025-09-15 10:20:10,noise
debit,475.29,,BRANCH60,Zane Bakker,ACCT8303036,2025-09-14 18:39:30,noise
debit,1955.79,ACCT2775233,BRANCH60,Zane Bakker,ACCT8303036,2025-09-13 23:16:58,noise
debit,1308.44,,BRANCH60,Zane Bakker,ACCT8303036,2025-09-12 00:06:53,noise
credit,648.32,,BRANCH46,Zane Bakker,ACCT8303036,2025-09-10 19:41:27,noise
credit,357.43,,BRANCH60,Zane Bakker,ACCT8303036,2025-09-09 15:09:13,noise
credit,37.22,,BRANCH60,Zane Bakker,ACCT8303036,2025-09-05 20:22:48,noise
credit,1186.57,,BRANCH60,Zane Bakker,ACCT8303036,2025-09-01 19:21:55,noise
debit,1013.66,,BRANCH60,Zane Bakker,ACCT8303036,2025-08-31 08:12:43,noise
debit,838.03,,BRANCH60,Zane Bakker,ACCT8303036,2025-08-29 21:23:08,noise
debit,1304.47,,BRANCH60,Zane Bakker,ACCT8303036,2025-08-27 17:06:35,noise
debit,359.8,,BRANCH37,Zane Bakker,ACCT8303036,2025-08-25 21:26:07,noise
debit,728.78,,BRANCH60,Zane Bakker,ACCT8303036,2025-08-21 09:25:43,noise
credit,1083.44,,BRANCH60,Zane Bakker,ACCT8303036,2025-08-21 00:34:17,noise
debit,3323.36,,BRANCH56,Zane Bakker,ACCT8303036,2025-08-13 19:10:55,noise
debit,1994.3,,BRANCH60,Zane Bakker,ACCT8303036,2025-08-13 18:36:57,noise
debit,1003.59,,BRANCH60,Zane Bakker,ACCT8303036,2025-08-12 12:38:03,noise
debit,2020.09,ACCT4785478,BRANCH60,Zane Bakker,ACCT8303036,2025-08-12 19:09:06,noise
credit,2751.66,,BRANCH60,Zane Bakker,ACCT8303036,2025-08-11 08:09:50,noise
debit,2535.0,ACCT7857685,BRANCH60,Zane Bakker,ACCT8303036,2025-08-11 18:17:57,noise
credit,1745.36,ACCT6128046,BRANCH60,Zane Bakker,ACCT8303036,2025-08-09 22:09:56,noise
debit,881.93,,BRANCH56,Zane Bakker,ACCT8303036,2025-08-07 16:39:40,noise
credit,769.18,,BRANCH60,Zane Bakker,ACCT8303036,2025-08-06 17:02:51,noise
credit,943.22,,BRANCH60,Zane Bakker,ACCT8303036,2025-08-05 15:25:00,noise
debit,110470.48,ACCT5636400,BRANCH60,Zane Bakker,ACCT8303036,2025-12-28 03:01:11,noise
debit,50457.52,ACCT2518598,BRANCH32,Leo Silva,ACCT5636400,2025-12-30 01:25:03,noise
debit,73647.35,ACCT8776691,BRANCH54,Nia Jansen,ACCT2518598,2025-12-26 05:18:42,noise
credit,740.72,ACCT8804882,BRANCH29,Yara Yamamoto,ACCT2619209,2025-10-02 08:15:28,noise
debit,297.84,,BRANCH91,Yara Yamamoto,ACCT2619209,2025-09-30 09:38:42,noise
credit,1879.13,,BRANCH91,Yara Yamamoto,ACCT2619209,2025-09-28 23:03:41,noise
credit,1125.94,,BRANCH91,Yara Yamamoto,ACCT2619209,2025-09-26 18:10:38,noise
debit,255.99,ACCT2134871,BRANCH66,Yara Yamamoto,ACCT2619209,2025-09-22 22:42:34,noise
debit,547.82,ACCT1207009,BRANCH91,Yara Yamamoto,ACCT2619209,2025-09-20 18:11:57,noise
debit,3000.0,ACCT8776691,BRANCH91,Yara Yamamoto,ACCT2619209,2025-09-18 20:29:04,noise
credit,327.44,,BRANCH91,Yara Yamamoto,ACCT2619209,2025-09-18 23:17:06,noise
credit,1501.53,,BRANCH91,Yara Yamamoto,ACCT2619209,2025-09-14 21:05:05,noise
credit,354.44,,BRANCH91,Yara Yamamoto,ACCT2619209,2025-09-14 15:15:05,noise
credit,1616.43,,BRANCH15,Yara Yamamoto,ACCT2619209,2025-09-12 19:43:21,noise
credit,1749.71,,BRANCH91,Yara Yamamoto,ACCT2619209,2025-09-12 13:21:36,noise
credit,1073.55,,BRANCH82,Yara Yamamoto,ACCT2619209,2025-09-08 14:41:51,noise
credit,245.17,,BRANCH91,Yara Yamamoto,ACCT2619209,2025-09-07 17:04:51,noise
credit,1003.15,,BRANCH91,Yara Yamamoto,ACCT2619209,2025-09-06 11:27:42,noise
debit,176.33,ACCT9005281,BRANCH91,Yara Yamamoto,ACCT2619209,2025-09-05 12:36:24,noise
credit,1238.4,ACCT6581423,BRANCH91,Yara Yamamoto,ACCT2619209,2025-09-01 16:06:40,noise
debit,164.16,,BRANCH91,Yara Yamamoto,ACCT2619209,2025-08-30 02:26:08,noise
debit,868.89,,BRANCH69,Yara Yamamoto,ACCT2619209,2025-08-30 08:36:50,noise
credit,1651.46,ACCT1337538,BRANCH91,Yara Yamamoto,ACCT2619209,2025-08-26 19:42:08,noise
debit,1524.41,,BRANCH91,Yara Yamamoto,ACCT2619209,2025-08-26 13:08:25,noise
debit,499.51,ACCT1185910,BRANCH91,Yara Yamamoto,ACCT2619209,2025-08-23 09:31:05,noise
credit,854.07,ACCT5586555,BRANCH34,Yara Yamamoto,ACCT2619209,2025-08-20 02:33:55,noise
debit,1335.0,,BRANCH91,Yara Yamamoto,ACCT2619209,2025-08-18 23:31:15,noise
debit,120.65,,BRANCH91,Yara Yamamoto,ACCT2619209,2025-08-16 09:32:58,noise
debit,356.74,,BRANCH33,Yara Yamamoto,ACCT2619209,2025-08-15 08:15:50,noise
debit,959.44,,BRANCH91,Yara Yamamoto,ACCT2619209,2025-08-15 13:28:37,noise
credit,1055.99,,BRANCH91,Yara Yamamoto,ACCT2619209,2025-08-12 08:39:47,noise
credit,553.68,,BRANCH91,Yara Yamamoto,ACCT2619209,2025-08-12 12:01:14,noise
debit,544.37,,BRANCH72,Yara Yamamoto,ACCT2619209,2025-08-10 15:34:40,noise
credit,1810.61,,BRANCH91,Yara Yamamoto,ACCT2619209,2025-08-09 09:16:47,noise
credit,703.37,ACCT6128046,BRANCH86,Yara Yamamoto,ACCT2619209,2025-08-04 18:23:58,noise
debit,3224.3,,BRANCH91,Yara Yamamoto,ACCT2619209,2025-08-04 12:10:56,noise
debit,200.85,,BRANCH28,Uma Mehta,ACCT8746868,2025-10-02 18:08:48,noise
credit,305.85,,BRANCH28,Uma Mehta,ACCT8746868,2025-10-01 04:06:47,noise
debit,1266.95,,BRANCH28,Uma Mehta,ACCT8746868,2025-09-30 14:35:33,noise
debit,509.81,,BRANCH28,Uma Mehta,ACCT8746868,2025-09-30 13:35:47,noise
credit,2100.31,,BRANCH28,Uma Mehta,ACCT8746868,2025-09-28 16:33:42,noise
debit,207.91,,BRANCH28,Uma Mehta,ACCT8746868,2025-09-27 22:19:44,noise
debit,287.83,ACCT1337538,BRANCH50,Uma Mehta,ACCT8746868,2025-09-24 15:40:47,noise
debit,570.09,,BRANCH28,Uma Mehta,ACCT8746868,2025-09-20 15:26:55,noise
debit,764.04,,BRANCH64,Uma Mehta,ACCT8746868,2025-09-16 02:12:11,noise
credit,934.25,ACCT1735928,BRANCH28,Uma Mehta,ACCT8746868,2025-09-16 20:36:16,noise
credit,297.54,,BRANCH37,Uma Mehta,ACCT8746868,2025-09-14 11:25:44,noise
credit,331.97,,BRANCH89,Uma Mehta,ACCT8746868,2025-09-13 10:37:01,noise
debit,1290.1,,BRANCH69,Uma Mehta,ACCT8746868,2025-09-08 23:25:27,noise
credit,303.49,,BRANCH28,Uma Mehta,ACCT8746868,2025-09-02 08:32:28,noise
credit,358.1,,BRANCH12,Uma Mehta,ACCT8746868,2025-09-02 10:30:17,noise
credit,213.38,ACCT8822332,BRANCH28,Uma Mehta,ACCT8746868,2025-09-01 10:39:24,noise
debit,1961.21,,BRANCH28,Uma Mehta,ACCT8746868,2025-08-31 16:23:18,noise
credit,3721.12,,BRANCH28,Uma Mehta,ACCT8746868,2025-08-30 17:31:32,noise
credit,347.44,ACCT4469490,BRANCH73,Uma Mehta,ACCT8746868,2025-08-30 08:15:18,noise
credit,618.21,,BRANCH28,Uma Mehta,ACCT8746868,2025-08-29 08:36:22,noise
credit,3723.75,,BRANCH71,Uma Mehta,ACCT8746868,2025-08-28 19:27:19,noise
debit,1180.89,ACCT9311538,BRANCH65,Uma Mehta,ACCT8746868,2025-08-25 08:31:34,noise
credit,130.0,,BRANCH55,Uma Mehta,ACCT8746868,2025-08-25 08:21:20,noise
debit,1503.69,,BRANCH31,Uma Mehta,ACCT8746868,2025-08-23 10:43:51,noise
credit,1403.0,,BRANCH28,Uma Mehta,ACCT8746868,2025-08-23 11:32:51,noise
debit,718.75,ACCT5836992,BRANCH28,Uma Mehta,ACCT8746868,2025-08-22 20:31:01,noise
debit,409.74,,BRANCH28,Uma Mehta,ACCT8746868,2025-08-21 09:23:10,noise
debit,1443.59,ACCT2619209,BRANCH28,Uma Mehta,ACCT8746868,2025-08-21 13:33:07,noise
credit,1292.18,,BRANCH28,Uma Mehta,ACCT8746868,2025-08-20 00:26:16,noise
credit,485.99,,BRANCH28,Uma Mehta,ACCT8746868,2025-08-17 05:08:41,noise
credit,1119.85,,BRANCH61,Uma Mehta,ACCT8746868,2025-08-16 20:13:53,noise
debit,384.28,,BRANCH92,Uma Mehta,ACCT8746868,2025-08-16 09:07:56,noise
debit,699.37,,BRANCH28,Uma Mehta,ACCT8746868,2025-08-14 12:38:58,noise
debit,875.11,ACCT8776691,BRANCH28,Uma Mehta,ACCT8746868,2025-08-09 09:21:06,noise
debit,8476.02,,BRANCH28,Uma Mehta,ACCT8746868,2025-08-04 18:36:55,noise
credit,568.48,,BRANCH28,Uma Mehta,ACCT8746868,2025-08-04 21:45:51,noise
debit,560.23,,BRANCH51,Raj Carlos,ACCT5438888,2025-10-02 23:40:20,noise
credit,1720.74,,BRANCH21,Raj Carlos,ACCT5438888,2025-10-02 14:29:27,noise
credit,228.13,ACCT1735928,BRANCH51,Raj Carlos,ACCT5438888,2025-10-01 18:24:01,noise
credit,138.73,,BRANCH51,Raj Carlos,ACCT5438888,2025-10-01 23:26:30,noise
debit,535.58,,BRANCH51,Raj Carlos,ACCT5438888,2025-09-28 20:23:25,noise
debit,422.22,ACCT4227495,BRANCH44,Raj Carlos,ACCT5438888,2025-09-27 18:43:11,noise
credit,918.26,,BRANCH93,Raj Carlos,ACCT5438888,2025-09-25 20:23:29,noise
credit,1793.85,ACCT6235485,BRANCH51,Raj Carlos,ACCT5438888,2025-09-25 15:36:51,noise
credit,421.92,,BRANCH51,Raj Carlos,ACCT5438888,2025-09-23 04:08:16,noise
credit,299.09,,BRANCH51,Raj Carlos,ACCT5438888,2025-09-23 14:45:14,noise
credit,448.89,,BRANCH51,Raj Carlos,ACCT5438888,2025-09-22 12:39:34,noise
credit,111.77,ACCT3953180,BRANCH51,Raj Carlos,ACCT5438888,2025-09-19 19:19:41,noise
debit,1974.57,,BRANCH51,Raj Carlos,ACCT5438888,2025-09-09 18:22:47,noise
credit,798.77,ACCT8515064,BRANCH51,Raj Carlos,ACCT5438888,2025-09-04 12:31:47,noise
debit,425.33,,BRANCH51,Raj Carlos,ACCT5438888,2025-09-04 17:44:56,noise
credit,1003.61,,BRANCH51,Raj Carlos,ACCT5438888,2025-09-03 00:10:34,noise
debit,386.12,,BRANCH51,Raj Carlos,ACCT5438888,2025-09-03 12:00:34,noise
debit,514.77,,BRANCH92,Raj Carlos,ACCT5438888,2025-09-02 23:43:52,noise
debit,145.67,ACCT2775233,BRANCH38,Raj Carlos,ACCT5438888,2025-09-01 18:30:28,noise
debit,501.66,,BRANCH51,Raj Carlos,ACCT5438888,2025-09-01 17:42:28,noise
debit,1270.98,ACCT1241177,BRANCH51,Raj Carlos,ACCT5438888,2025-08-30 08:43:42,noise
debit,679.75,,BRANCH51,Raj Carlos,ACCT5438888,2025-08-27 18:10:04,noise
debit,1155.06,,BRANCH49,Raj Carlos,ACCT5438888,2025-08-21 10:08:22,noise
credit,135.05,ACCT8303036,BRANCH51,Raj Carlos,ACCT5438888,2025-08-18 12:14:43,noise
debit,119.8,,BRANCH51,Raj Carlos,ACCT5438888,2025-08-16 12:04:18,noise
credit,510.04,,BRANCH33,Raj Carlos,ACCT5438888,2025-08-13 20:26:26,noise
debit,660.11,ACCT4531823,BRANCH21,Raj Carlos,ACCT5438888,2025-08-13 19:15:12,noise
credit,2147.4,,BRANCH51,Raj Carlos,ACCT5438888,2025-08-11 17:30:11,noise
credit,854.42,ACCT2134871,BRANCH37,Raj Carlos,ACCT5438888,2025-08-08 17:45:07,noise
debit,1869.81,,BRANCH77,Raj Carlos,ACCT5438888,2025-08-07 12:14:26,noise
credit,615.48,ACCT9128146,BRANCH51,Raj Carlos,ACCT5438888,2025-08-07 12:40:42,noise
credit,1016.16,,BRANCH51,Raj Carlos,ACCT5438888,2025-08-05 16:00:01,noise
debit,129.71,,BRANCH51,Raj Carlos,ACCT5438888,2025-08-05 13:00:13,noise
credit,519.82,ACCT4876396,BRANCH51,Raj Carlos,ACCT5438888,2025-08-04 15:19:45,noise
debit,109063.16,ACCT4932667,BRANCH51,Raj Carlos,ACCT5438888,2025-12-25 11:02:09,noise
debit,81235.1,ACCT8515064,BRANCH29,Nia Fischer,ACCT4932667,2025-12-27 07:26:33,noise
debit,71924.61,ACCT9311538,BRANCH73,Uma Chen,ACCT8515064,2025-12-23 07:06:30,noise
credit,2292.02,ACCT8303036,BRANCH35,Noah Gomes,ACCT4164830,2025-10-03 13:35:19,noise
debit,602.23,,BRANCH35,Noah Gomes,ACCT4164830,2025-10-01 09:06:33,noise
debit,460.92,ACCT5164543,BRANCH35,Noah Gomes,ACCT4164830,2025-10-01 14:10:10,noise
credit,408.56,ACCT9048039,BRANCH14,Noah Gomes,ACCT4164830,2025-09-30 20:06:55,noise
debit,1770.6,,BRANCH35,Noah Gomes,ACCT4164830,2025-09-30 16:28:11,noise
debit,569.89,,BRANCH15,Noah Gomes,ACCT4164830,2025-09-29 19:29:24,noise
debit,611.54,ACCT5991419,BRANCH25,Noah Gomes,ACCT4164830,2025-09-28 16:34:36,noise
debit,1249.59,ACCT7715729,BRANCH78,Noah Gomes,ACCT4164830,2025-09-26 19:03:43,noise
credit,1186.34,,BRANCH22,Noah Gomes,ACCT4164830,2025-09-24 14:16:05,noise
debit,905.25,,BRANCH35,Noah Gomes,ACCT4164830,2025-09-23 21:09:39,noise
credit,398.63,,BRANCH35,Noah Gomes,ACCT4164830,2025-09-19 08:29:26,noise
debit,297.55,,BRANCH35,Noah Gomes,ACCT4164830,2025-09-18 20:26:45,noise
debit,396.02,ACCT9748006,BRANCH77,Noah Gomes,ACCT4164830,2025-09-17 11:17:28,noise
debit,828.1,ACCT9041818,BRANCH84,Noah Gomes,ACCT4164830,2025-09-14 18:32:21,noise
credit,119.84,ACCT1129966,BRANCH35,Noah Gomes,ACCT4164830,2025-09-13 21:13:31,noise
credit,170.89,ACCT7654674,BRANCH35,Noah Gomes,ACCT4164830,2025-09-12 09:29:35,noise
debit,2463.37,,BRANCH35,Noah Gomes,ACCT4164830,2025-09-12 19:18:25,noise
debit,816.3,,BRANCH35,Noah Gomes,ACCT4164830,2025-09-11 09:24:28,noise
credit,652.04,,BRANCH35,Noah Gomes,ACCT4164830,2025-09-11 10:29:54,noise
credit,370.88,,BRANCH86,Noah Gomes,ACCT4164830,2025-09-09 21:23:10,noise
debit,1919.45,ACCT7819663,BRANCH35,Noah Gomes,ACCT4164830,2025-09-09 10:40:55,noise
credit,1216.84,,BRANCH35,Noah Gomes,ACCT4164830,2025-09-07 23:16:19,noise
credit,1302.82,,BRANCH35,Noah Gomes,ACCT4164830,2025-09-03 17:24:28,noise
debit,3558.12,,BRANCH99,Noah Gomes,ACCT4164830,2025-09-02 19:18:46,noise
credit,282.31,ACCT4937292,BRANCH33,Noah Gomes,ACCT4164830,2025-09-01 10:13:59,noise
credit,343.84,,BRANCH56,Noah Gomes,ACCT4164830,2025-08-31 18:17:42,noise
debit,277.9,ACCT9041818,BRANCH10,Noah Gomes,ACCT4164830,2025-08-31 09:06:35,noise
credit,1007.64,,BRANCH45,Noah Gomes,ACCT4164830,2025-08-30 22:06:12,noise
debit,905.59,,BRANCH35,Noah Gomes,ACCT4164830,2025-08-30 16:40:16,noise
credit,864.68,ACCT5572338,BRANCH35,Noah Gomes,ACCT4164830,2025-08-28 18:43:44,noise
credit,402.53,,BRANCH60,Noah Gomes,ACCT4164830,2025-08-28 22:32:17,noise
debit,1955.68,,BRANCH35,Noah Gomes,ACCT4164830,2025-08-19 03:13:02,noise
credit,437.67,ACCT3372926,BRANCH35,Noah Gomes,ACCT4164830,2025-08-19 08:21:34,noise
debit,1251.68,,BRANCH35,Noah Gomes,ACCT4164830,2025-08-18 18:14:42,noise
debit,908.27,,BRANCH35,Noah Gomes,ACCT4164830,2025-08-16 10:38:51,noise
credit,83.18,,BRANCH35,Noah Gomes,ACCT4164830,2025-08-15 16:31:32,noise
debit,584.79,,BRANCH53,Noah Gomes,ACCT4164830,2025-08-15 16:35:27,noise
debit,1476.17,,BRANCH35,Noah Gomes,ACCT4164830,2025-08-14 11:02:13,noise
debit,2842.03,,BRANCH35,Noah Gomes,ACCT4164830,2025-08-12 17:29:11,noise
debit,2601.91,,BRANCH35,Noah Gomes,ACCT4164830,2025-08-12 09:17:37,noise
debit,412.66,,BRANCH37,Noah Gomes,ACCT4164830,2025-08-11 14:27:43,noise
debit,509.72,ACCT4876396,BRANCH35,Noah Gomes,ACCT4164830,2025-08-11 04:22:19,noise
credit,971.0,,BRANCH72,Noah Gomes,ACCT4164830,2025-08-08 18:43:33,noise
debit,2025.0,ACCT2619209,BRANCH35,Noah Gomes,ACCT4164830,2025-08-08 04:06:21,noise
debit,884.11,ACCT5991419,BRANCH77,Victor Zhou,ACCT2706882,2025-10-01 14:42:55,noise
credit,1996.23,,BRANCH71,Victor Zhou,ACCT2706882,2025-09-29 19:43:59,noise
credit,101.25,,BRANCH94,Victor Zhou,ACCT2706882,2025-09-27 12:43:49,noise
debit,1232.97,,BRANCH77,Victor Zhou,ACCT2706882,2025-09-22 12:13:57,noise
credit,4027.19,,BRANCH77,Victor Zhou,ACCT2706882,2025-09-22 12:07:02,noise
debit,608.7,,BRANCH77,Victor Zhou,ACCT2706882,2025-09-21 16:01:54,noise
debit,1337.08,ACCT1277862,BRANCH77,Victor Zhou,ACCT2706882,2025-09-20 09:18:57,noise
debit,343.69,,BRANCH65,Victor Zhou,ACCT2706882,2025-09-18 09:01:14,noise
credit,1262.84,,BRANCH77,Victor Zhou,ACCT2706882,2025-09-17 13:11:43,noise
credit,385.13,,BRANCH77,Victor Zhou,ACCT2706882,2025-09-17 05:35:55,noise
credit,343.63,,BRANCH77,Victor Zhou,ACCT2706882,2025-09-15 12:13:33,noise
credit,663.77,ACCT8746868,BRANCH15,Victor Zhou,ACCT2706882,2025-09-13 11:29:53,noise
debit,268.4,ACCT5572338,BRANCH77,Victor Zhou,ACCT2706882,2025-09-12 13:32:33,noise
debit,6223.32,,BRANCH77,Victor Zhou,ACCT2706882,2025-09-10 04:40:02,noise
debit,709.78,,BRANCH77,Victor Zhou,ACCT2706882,2025-09-08 11:40:04,noise
debit,991.71,ACCT4966762,BRANCH77,Victor Zhou,ACCT2706882,2025-09-07 22:14:29,noise
credit,988.98,,BRANCH77,Victor Zhou,ACCT2706882,2025-09-06 15:44:36,noise
credit,585.25,ACCT5429081,BRANCH77,Victor Zhou,ACCT2706882,2025-09-06 18:38:36,noise
credit,1459.07,ACCT6133246,BRANCH77,Victor Zhou,ACCT2706882,2025-09-04 09:24:26,noise
credit,276.34,,BRANCH77,Victor Zhou,ACCT2706882,2025-09-02 20:24:47,noise
debit,484.31,,BRANCH77,Victor Zhou,ACCT2706882,2025-09-02 09:39:38,noise
debit,614.83,,BRANCH77,Victor Zhou,ACCT2706882,2025-09-01 13:13:36,noise
debit,361.78,,BRANCH77,Victor Zhou,ACCT2706882,2025-09-01 09:35:09,noise
debit,1409.32,,BRANCH77,Victor Zhou,ACCT2706882,2025-08-28 17:25:09,noise
debit,3827.11,,BRANCH77,Victor Zhou,ACCT2706882,2025-08-28 15:02:52,noise
debit,791.03,,BRANCH77,Victor Zhou,ACCT2706882,2025-08-27 16:27:26,noise
debit,1083.49,ACCT4937292,BRANCH77,Victor Zhou,ACCT2706882,2025-08-26 13:02:55,noise
credit,297.65,,BRANCH21,Victor Zhou,ACCT2706882,2025-08-24 08:39:05,noise
credit,467.64,,BRANCH77,Victor Zhou,ACCT2706882,2025-08-21 10:11:45,noise
credit,2643.69,,BRANCH51,Victor Zhou,ACCT2706882,2025-08-21 14:29:11,noise
debit,2260.64,,BRANCH77,Victor Zhou,ACCT2706882,2025-08-19 20:33:54,noise
debit,323.07,ACCT1255646,BRANCH77,Victor Zhou,ACCT2706882,2025-08-18 10:39:07,noise
credit,543.77,,BRANCH77,Victor Zhou,ACCT2706882,2025-08-12 09:36:52,noise
credit,720.99,ACCT9669289,BRANCH77,Victor Zhou,ACCT2706882,2025-08-08 17:35:46,noise
credit,237.56,,BRANCH77,Victor Zhou,ACCT2706882,2025-08-08 01:22:52,noise
credit,577.75,,BRANCH77,Victor Zhou,ACCT2706882,2025-08-07 16:37:17,noise
credit,832.66,ACCT5951659,BRANCH24,Ben Zhou,ACCT9694486,2025-10-03 10:11:01,noise
debit,187.33,,BRANCH24,Ben Zhou,ACCT9694486,2025-10-02 19:09:38,noise
credit,675.71,ACCT8515064,BRANCH24,Ben Zhou,ACCT9694486,2025-10-02 19:22:09,noise
debit,2234.77,,BRANCH65,Ben Zhou,ACCT9694486,2025-10-01 15:17:27,noise
credit,1543.09,ACCT4937292,BRANCH24,Ben Zhou,ACCT9694486,2025-09-30 19:21:34,noise
debit,1266.44,,BRANCH24,Ben Zhou,ACCT9694486,2025-09-28 19:21:06,noise
credit,1552.36,,BRANCH24,Ben Zhou,ACCT9694486,2025-09-26 00:17:47,noise
debit,3357.13,,BRANCH24,Ben Zhou,ACCT9694486,2025-09-25 23:44:36,noise
debit,560.97,ACCT7715729,BRANCH24,Ben Zhou,ACCT9694486,2025-09-25 18:23:19,noise
debit,695.37,,BRANCH24,Ben Zhou,ACCT9694486,2025-09-23 20:23:03,noise
credit,350.28,ACCT7819663,BRANCH24,Ben Zhou,ACCT9694486,2025-09-20 18:06:39,noise
debit,974.07,,BRANCH63,Ben Zhou,ACCT9694486,2025-09-18 13:30:03,noise
credit,371.53,ACCT6133246,BRANCH24,Ben Zhou,ACCT9694486,2025-09-17 14:22:51,noise
credit,1224.31,,BRANCH24,Ben Zhou,ACCT9694486,2025-09-15 13:34:28,noise
debit,628.1,ACCT4469490,BRANCH27,Ben Zhou,ACCT9694486,2025-09-09 14:12:02,noise
credit,525.75,,BRANCH24,Ben Zhou,ACCT9694486,2025-09-09 15:21:43,noise
credit,175.16,,BRANCH24,Ben Zhou,ACCT9694486,2025-09-08 08:04:25,noise
credit,789.31,ACCT9041818,BRANCH24,Ben Zhou,ACCT9694486,2025-09-08 15:16:31,noise
credit,1116.87,,BRANCH24,Ben Zhou,ACCT9694486,2025-09-07 22:21:08,noise
debit,1080.23,,BRANCH24,Ben Zhou,ACCT9694486,2025-09-01 11:14:17,noise
debit,1904.65,,BRANCH24,Ben Zhou,ACCT9694486,2025-08-31 10:37:50,noise
credit,608.1,ACCT5187799,BRANCH24,Ben Zhou,ACCT9694486,2025-08-30 11:25:24,noise
debit,321.72,,BRANCH24,Ben Zhou,ACCT9694486,2025-08-30 13:25:21,noise
debit,270.55,,BRANCH24,Ben Zhou,ACCT9694486,2025-08-26 15:38:51,noise
credit,321.51,ACCT2186867,BRANCH24,Ben Zhou,ACCT9694486,2025-08-21 13:17:07,noise
credit,1809.71,ACCT5836992,BRANCH91,Ben Zhou,ACCT9694486,2025-08-20 10:13:47,noise
credit,522.24,,BRANCH50,Ben Zhou,ACCT9694486,2025-08-19 16:15:52,noise
debit,3270.28,,BRANCH72,Ben Zhou,ACCT9694486,2025-08-19 08:19:23,noise
credit,2607.57,ACCT1231042,BRANCH79,Ben Zhou,ACCT9694486,2025-08-18 01:01:27,noise
credit,691.88,,BRANCH24,Ben Zhou,ACCT9694486,2025-08-18 16:15:31,noise
debit,197.13,,BRANCH84,Ben Zhou,ACCT9694486,2025-08-13 14:19:41,noise
credit,301.83,,BRANCH24,Ben Zhou,ACCT9694486,2025-08-13 17:07:19,noise
debit,476.58,,BRANCH24,Ben Zhou,ACCT9694486,2025-08-12 17:16:54,noise
debit,618.98,,BRANCH56,Ben Zhou,ACCT9694486,2025-08-12 18:11:07,noise
debit,1682.63,,BRANCH24,Ben Zhou,ACCT9694486,2025-08-11 20:35:55,noise
credit,1194.53,,BRANCH10,Ben Zhou,ACCT9694486,2025-08-11 09:36:54,noise
credit,1622.04,ACCT5292490,BRANCH24,Ben Zhou,ACCT9694486,2025-08-10 12:31:44,noise
credit,246.38,,BRANCH24,Ben Zhou,ACCT9694486,2025-08-10 14:00:35,noise
credit,410.41,,BRANCH24,Ben Zhou,ACCT9694486,2025-08-08 02:09:43,noise
credit,309.81,,BRANCH24,Ben Zhou,ACCT9694486,2025-08-07 20:18:19,noise
credit,702.27,,BRANCH24,Ben Zhou,ACCT9694486,2025-08-07 11:36:01,noise
credit,1468.93,ACCT1255646,BRANCH83,Ben Zhou,ACCT9694486,2025-08-06 17:19:48,noise
debit,1583.4,ACCT4721748,BRANCH24,Ben Zhou,ACCT9694486,2025-08-06 23:14:32,noise
credit,6579.08,,BRANCH24,Ben Zhou,ACCT9694486,2025-08-05 08:19:21,noise
debit,275.78,,BRANCH24,Ben Zhou,ACCT9694486,2025-08-05 14:14:48,noise
debit,176.43,ACCT7311441,BRANCH24,Ben Zhou,ACCT9694486,2025-08-04 09:39:03,noise
debit,114.32,ACCT1129966,BRANCH24,Ben Zhou,ACCT9694486,2025-08-04 10:25:17,noise
debit,92.28,ACCT8352432,BRANCH64,Grace Iqbal,ACCT5581363,2025-10-01 10:32:45,noise
credit,1259.3,ACCT9972582,BRANCH64,Grace Iqbal,ACCT5581363,2025-09-29 21:01:12,noise
debit,310.97,,BRANCH64,Grace Iqbal,ACCT5581363,2025-09-28 11:26:04,noise
credit,310.02,,BRANCH64,Grace Iqbal,ACCT5581363,2025-09-23 09:26:30,noise
debit,426.84,ACCT4227495,BRANCH64,Grace Iqbal,ACCT5581363,2025-09-23 02:31:30,noise
credit,538.37,ACCT6146280,BRANCH64,Grace Iqbal,ACCT5581363,2025-09-21 15:35:45,noise
credit,1576.27,,BRANCH64,Grace Iqbal,ACCT5581363,2025-09-19 17:09:20,noise
debit,389.04,,BRANCH64,Grace Iqbal,ACCT5581363,2025-09-18 18:28:12,noise
credit,278.97,,BRANCH64,Grace Iqbal,ACCT5581363,2025-09-16 11:16:28,noise
credit,177.86,,BRANCH30,Grace Iqbal,ACCT5581363,2025-09-14 08:39:30,noise
credit,786.25,,BRANCH95,Grace Iqbal,ACCT5581363,2025-09-14 08:29:04,noise
credit,282.82,,BRANCH64,Grace Iqbal,ACCT5581363,2025-09-13 12:27:11,noise
debit,830.81,ACCT8111751,BRANCH64,Grace Iqbal,ACCT5581363,2025-09-12 20:31:16,noise
credit,508.14,,BRANCH64,Grace Iqbal,ACCT5581363,2025-09-07 13:25:58,noise
debit,1620.89,,BRANCH64,Grace Iqbal,ACCT5581363,2025-09-06 17:22:08,noise
debit,236.24,,BRANCH63,Grace Iqbal,ACCT5581363,2025-09-05 13:44:05,noise
debit,298.41,,BRANCH64,Grace Iqbal,ACCT5581363,2025-09-03 08:32:12,noise
debit,478.88,,BRANCH64,Grace Iqbal,ACCT5581363,2025-09-02 17:23:04,noise
credit,318.04,,BRANCH64,Grace Iqbal,ACCT5581363,2025-09-02 12:33:45,noise
credit,864.66,,BRANCH53,Grace Iqbal,ACCT5581363,2025-08-29 13:27:38,noise
debit,340.4,,BRANCH64,Grace Iqbal,ACCT5581363,2025-08-27 08:21:46,noise
credit,550.92,,BRANCH56,Grace Iqbal,ACCT5581363,2025-08-26 13:20:43,noise
credit,627.43,,BRANCH64,Grace Iqbal,ACCT5581363,2025-08-26 18:02:18,noise
debit,892.44,,BRANCH64,Grace Iqbal,ACCT5581363,2025-08-24 18:15:34,noise
credit,609.29,,BRANCH88,Grace Iqbal,ACCT5581363,2025-08-23 13:26:23,noise
credit,1301.28,,BRANCH43,Grace Iqbal,ACCT5581363,2025-08-19 22:22:04,noise
credit,522.62,ACCT1415361,BRANCH64,Grace Iqbal,ACCT5581363,2025-08-18 08:28:52,noise
debit,705.41,,BRANCH21,Grace Iqbal,ACCT5581363,2025-08-18 21:38:52,noise
credit,90.37,,BRANCH56,Grace Iqbal,ACCT5581363,2025-08-17 12:14:07,noise
credit,761.99,,BRANCH64,Grace Iqbal,ACCT5581363,2025-08-12 18:18:09,noise
credit,2376.99,ACCT8776691,BRANCH20,Grace Iqbal,ACCT5581363,2025-08-12 14:44:49,noise
credit,1646.8,,BRANCH64,Grace Iqbal,ACCT5581363,2025-08-10 17:12:47,noise
debit,404.9,,BRANCH64,Grace Iqbal,ACCT5581363,2025-08-09 20:05:39,noise
credit,120.05,,BRANCH64,Grace Iqbal,ACCT5581363,2025-08-09 11:16:10,noise
debit,317.11,ACCT2706882,BRANCH65,Lena Rossi,ACCT7857685,2025-10-01 10:42:42,noise
debit,558.37,,BRANCH65,Lena Rossi,ACCT7857685,2025-09-29 11:03:40,noise
debit,2139.8,,BRANCH65,Lena Rossi,ACCT7857685,2025-09-29 13:40:34,noise
credit,365.62,,BRANCH65,Lena Rossi,ACCT7857685,2025-09-27 17:07:35,noise
debit,2644.97,ACCT5581363,BRANCH65,Lena Rossi,ACCT7857685,2025-09-27 22:23:27,noise
debit,383.83,ACCT5187799,BRANCH65,Lena Rossi,ACCT7857685,2025-09-21 10:30:33,noise
credit,1485.41,,BRANCH65,Lena Rossi,ACCT7857685,2025-09-20 19:40:35,noise
debit,272.08,,BRANCH93,Lena Rossi,ACCT7857685,2025-09-20 15:07:05,noise
credit,406.58,,BRANCH65,Lena Rossi,ACCT7857685,2025-09-19 16:45:46,noise
debit,512.16,,BRANCH65,Lena Rossi,ACCT7857685,2025-09-19 15:39:46,noise
debit,1083.75,,BRANCH65,Lena Rossi,ACCT7857685,2025-09-16 13:20:32,noise
debit,792.04,,BRANCH65,Lena Rossi,ACCT7857685,2025-09-12 16:25:25,noise
credit,362.08,ACCT1129966,BRANCH65,Lena Rossi,ACCT7857685,2025-09-11 04:20:51,noise
credit,949.12,,BRANCH89,Lena Rossi,ACCT7857685,2025-09-09 15:22:04,noise
debit,833.4,,BRANCH65,Lena Rossi,ACCT7857685,2025-09-06 22:00:52,noise
debit,275.06,,BRANCH65,Lena Rossi,ACCT7857685,2025-09-06 18:42:58,noise
debit,2623.63,ACCT1418465,BRANCH74,Lena Rossi,ACCT7857685,2025-09-05 23:45:55,noise
debit,2884.8,,BRANCH65,Lena Rossi,ACCT7857685,2025-09-03 04:20:40,noise
debit,600.69,,BRANCH65,Lena Rossi,ACCT7857685,2025-09-01 04:28:07,noise
debit,506.36,,BRANCH69,Lena Rossi,ACCT7857685,2025-09-01 13:03:59,noise
credit,750.8,,BRANCH24,Lena Rossi,ACCT7857685,2025-08-26 19:00:25,noise
debit,3208.86,,BRANCH65,Lena Rossi,ACCT7857685,2025-08-25 09:05:14,noise
debit,132.61,,BRANCH31,Lena Rossi,ACCT7857685,2025-08-24 15:21:35,noise
credit,877.34,,BRANCH65,Lena Rossi,ACCT7857685,2025-08-23 15:34:17,noise
credit,92.89,ACCT3425480,BRANCH65,Lena Rossi,ACCT7857685,2025-08-23 14:07:53,noise
credit,907.84,,BRANCH65,Lena Rossi,ACCT7857685,2025-08-21 09:34:25,noise
debit,1903.23,,BRANCH93,Lena Rossi,ACCT7857685,2025-08-20 14:32:34,noise
debit,731.93,,BRANCH76,Lena Rossi,ACCT7857685,2025-08-20 19:42:56,noise
credit,405.35,,BRANCH65,Lena Rossi,ACCT7857685,2025-08-19 01:32:25,noise
credit,355.01,ACCT9972582,BRANCH19,Lena Rossi,ACCT7857685,2025-08-19 09:06:53,noise
debit,1228.47,,BRANCH49,Lena Rossi,ACCT7857685,2025-08-16 11:25:13,noise
credit,1144.19,,BRANCH65,Lena Rossi,ACCT7857685,2025-08-13 20:31:48,noise
debit,5143.55,,BRANCH65,Lena Rossi,ACCT7857685,2025-08-06 16:27:33,noise
credit,400.44,,BRANCH77,Lena Rossi,ACCT7857685,2025-08-05 15:22:00,noise
credit,1659.34,ACCT5586555,BRANCH65,Lena Rossi,ACCT7857685,2025-12-22 11:23:53,noise
credit,2345.85,ACCT5292490,BRANCH65,Lena Rossi,ACCT7857685,2025-12-22 21:13:35,noise
credit,1685.56,ACCT9128146,BRANCH65,Lena Rossi,ACCT7857685,2025-12-22 20:03:03,noise
credit,1187.33,ACCT1735928,BRANCH65,Lena Rossi,ACCT7857685,2025-12-22 22:25:14,noise
credit,1397.33,ACCT4227495,BRANCH65,Lena Rossi,ACCT7857685,2025-12-22 20:18:59,noise
credit,1283.23,ACCT8111751,BRANCH65,Lena Rossi,ACCT7857685,2025-12-22 21:00:09,noise
credit,1956.22,ACCT4966762,BRANCH65,Lena Rossi,ACCT7857685,2025-12-22 09:29:24,noise
credit,1808.13,ACCT6633906,BRANCH65,Lena Rossi,ACCT7857685,2025-12-22 00:28:51,noise
credit,2049.8,ACCT4876396,BRANCH65,Lena Rossi,ACCT7857685,2025-12-22 01:10:45,noise
credit,1127.06,ACCT1231042,BRANCH65,Lena Rossi,ACCT7857685,2025-12-22 10:19:40,noise
credit,1460.35,ACCT9021189,BRANCH65,Lena Rossi,ACCT7857685,2025-12-22 02:27:20,noise
debit,1657.84,ACCT1134722,BRANCH65,Lena Rossi,ACCT7857685,2025-12-25 05:28:02,noise
debit,1378.27,ACCT7819663,BRANCH65,Lena Rossi,ACCT7857685,2025-12-25 11:01:17,noise
debit,993.54,ACCT4966762,BRANCH65,Lena Rossi,ACCT7857685,2025-12-25 02:04:35,noise
debit,816.93,ACCT5877007,BRANCH65,Lena Rossi,ACCT7857685,2025-12-25 04:25:11,noise
debit,1239.55,ACCT3425480,BRANCH65,Lena Rossi,ACCT7857685,2025-12-25 17:28:24,noise
debit,1556.31,ACCT5718261,BRANCH65,Lena Rossi,ACCT7857685,2025-12-25 13:19:20,noise
debit,1777.23,ACCT5572338,BRANCH65,Lena Rossi,ACCT7857685,2025-12-25 00:15:54,noise
debit,1007.06,ACCT1255646,BRANCH65,Lena Rossi,ACCT7857685,2025-12-25 00:26:55,noise
debit,1004.01,ACCT6165476,BRANCH65,Lena Rossi,ACCT7857685,2025-12-25 05:08:11,noise
debit,1531.27,ACCT7819663,BRANCH65,Lena Rossi,ACCT7857685,2025-12-25 00:24:08,noise
debit,1205.59,ACCT5581363,BRANCH65,Lena Rossi,ACCT7857685,2025-12-25 22:19:26,noise
debit,1777.29,ACCT5187799,BRANCH65,Lena Rossi,ACCT7857685,2025-12-25 09:06:34,noise
debit,287.72,ACCT9694486,BRANCH23,Leo Patida,ACCT1864263,2025-10-03 19:09:57,noise
credit,1417.76,ACCT1185910,BRANCH23,Leo Patida,ACCT1864263,2025-10-03 13:45:23,noise
credit,1412.53,ACCT1241177,BRANCH43,Leo Patida,ACCT1864263,2025-10-02 22:42:59,noise
credit,100.85,,BRANCH23,Leo Patida,ACCT1864263,2025-09-25 15:28:21,noise
debit,276.0,,BRANCH23,Leo Patida,ACCT1864263,2025-09-25 11:43:40,noise
credit,145.84,,BRANCH59,Leo Patida,ACCT1864263,2025-09-23 16:38:56,noise
credit,3649.63,ACCT8605540,BRANCH93,Leo Patida,ACCT1864263,2025-09-23 16:02:23,noise
credit,346.66,ACCT6581423,BRANCH23,Leo Patida,ACCT1864263,2025-09-22 09:22:44,noise
credit,448.35,,BRANCH99,Leo Patida,ACCT1864263,2025-09-22 12:09:44,noise
debit,220.41,ACCT6581423,BRANCH23,Leo Patida,ACCT1864263,2025-09-21 10:37:17,noise
credit,1923.16,ACCT7715729,BRANCH23,Leo Patida,ACCT1864263,2025-09-16 11:25:27,noise
credit,681.44,,BRANCH23,Leo Patida,ACCT1864263,2025-09-13 21:34:46,noise
credit,162.39,,BRANCH23,Leo Patida,ACCT1864263,2025-09-13 05:40:48,noise
credit,142.13,,BRANCH23,Leo Patida,ACCT1864263,2025-09-07 17:38:19,noise
credit,494.77,,BRANCH41,Leo Patida,ACCT1864263,2025-09-07 15:06:31,noise
debit,2984.38,ACCT4646142,BRANCH57,Leo Patida,ACCT1864263,2025-09-06 15:36:57,noise
credit,547.86,,BRANCH23,Leo Patida,ACCT1864263,2025-08-31 09:33:16,noise
debit,630.28,ACCT3425480,BRANCH23,Leo Patida,ACCT1864263,2025-08-31 23:15:55,noise
credit,836.7,,BRANCH23,Leo Patida,ACCT1864263,2025-08-30 02:14:55,noise
debit,1762.41,,BRANCH23,Leo Patida,ACCT1864263,2025-08-29 15:36:19,noise
debit,627.94,ACCT4669945,BRANCH23,Leo Patida,ACCT1864263,2025-08-29 15:21:38,noise
credit,1005.1,,BRANCH19,Leo Patida,ACCT1864263,2025-08-24 11:31:01,noise
debit,106.25,,BRANCH23,Leo Patida,ACCT1864263,2025-08-16 19:32:13,noise
debit,724.2,,BRANCH23,Leo Patida,ACCT1864263,2025-08-13 19:24:25,noise
debit,1384.46,,BRANCH23,Leo Patida,ACCT1864263,2025-08-13 08:17:08,noise
debit,282.1,,BRANCH79,Leo Patida,ACCT1864263,2025-08-09 12:38:33,noise
credit,235.7,,BRANCH23,Leo Patida,ACCT1864263,2025-08-06 10:22:29,noise
credit,2684.9,,BRANCH73,Leo Patida,ACCT1864263,2025-08-04 08:05:16,noise
debit,1219.05,ACCT5187799,BRANCH23,Leo Patida,ACCT1864263,2025-08-04 20:23:19,noise
debit,421.7,,BRANCH40,Ravi Iqbal,ACCT7598078,2025-09-29 23:19:10,noise
credit,3187.05,,BRANCH41,Ravi Iqbal,ACCT7598078,2025-09-27 11:20:45,noise
credit,285.63,,BRANCH36,Ravi Iqbal,ACCT7598078,2025-09-26 03:40:48,noise
debit,440.64,,BRANCH41,Ravi Iqbal,ACCT7598078,2025-09-26 12:01:59,noise
debit,777.22,,BRANCH41,Ravi Iqbal,ACCT7598078,2025-09-24 02:45:05,noise
debit,304.02,,BRANCH41,Ravi Iqbal,ACCT7598078,2025-09-22 16:34:54,noise
credit,847.96,ACCT4531823,BRANCH41,Ravi Iqbal,ACCT7598078,2025-09-17 15:23:40,noise
debit,471.29,ACCT3953180,BRANCH41,Ravi Iqbal,ACCT7598078,2025-09-14 19:16:53,noise
debit,1950.2,ACCT6235485,BRANCH41,Ravi Iqbal,ACCT7598078,2025-09-14 17:20:52,noise
credit,519.69,,BRANCH48,Ravi Iqbal,ACCT7598078,2025-09-12 15:42:26,noise
credit,221.69,,BRANCH41,Ravi Iqbal,ACCT7598078,2025-09-11 21:08:37,noise
debit,186.57,ACCT1301492,BRANCH41,Ravi Iqbal,ACCT7598078,2025-09-10 17:40:13,noise
debit,4046.99,,BRANCH41,Ravi Iqbal,ACCT7598078,2025-09-03 10:41:53,noise
credit,342.98,ACCT7085790,BRANCH41,Ravi Iqbal,ACCT7598078,2025-09-03 04:34:22,noise
credit,177.97,,BRANCH41,Ravi Iqbal,ACCT7598078,2025-08-31 19:18:53,noise
debit,1049.95,,BRANCH60,Ravi Iqbal,ACCT7598078,2025-08-30 19:20:22,noise
credit,915.08,,BRANCH52,Ravi Iqbal,ACCT7598078,2025-08-30 22:10:59,noise
debit,654.45,,BRANCH41,Ravi Iqbal,ACCT7598078,2025-08-29 21:13:55,noise
credit,407.78,ACCT8515064,BRANCH41,Ravi Iqbal,ACCT7598078,2025-08-26 13:22:28,noise
debit,2567.15,,BRANCH41,Ravi Iqbal,ACCT7598078,2025-08-26 19:33:00,noise
debit,1482.83,ACCT1233952,BRANCH98,Ravi Iqbal,ACCT7598078,2025-08-25 19:43:13,noise
credit,723.6,,BRANCH41,Ravi Iqbal,ACCT7598078,2025-08-25 13:12:37,noise
debit,457.83,,BRANCH77,Ravi Iqbal,ACCT7598078,2025-08-24 12:34:10,noise
debit,539.83,,BRANCH41,Ravi Iqbal,ACCT7598078,2025-08-22 16:44:48,noise
debit,543.94,,BRANCH41,Ravi Iqbal,ACCT7598078,2025-08-21 20:03:50,noise
credit,848.61,,BRANCH41,Ravi Iqbal,ACCT7598078,2025-08-21 18:03:48,noise
debit,904.11,,BRANCH87,Ravi Iqbal,ACCT7598078,2025-08-19 11:08:39,noise
credit,652.73,,BRANCH41,Ravi Iqbal,ACCT7598078,2025-08-16 19:24:17,noise
credit,594.32,ACCT1246258,BRANCH41,Ravi Iqbal,ACCT7598078,2025-08-15 19:04:35,noise
debit,323.08,,BRANCH41,Ravi Iqbal,ACCT7598078,2025-08-15 17:08:22,noise
debit,416.17,,BRANCH27,Ravi Iqbal,ACCT7598078,2025-08-14 19:04:50,noise
credit,494.01,ACCT8605540,BRANCH41,Ravi Iqbal,ACCT7598078,2025-08-12 11:08:25,noise
debit,919.7,ACCT5951659,BRANCH41,Ravi Iqbal,ACCT7598078,2025-08-09 16:33:43,noise
debit,882.14,ACCT8643847,BRANCH53,Ravi Iqbal,ACCT7598078,2025-08-08 17:24:47,noise
debit,4540.71,,BRANCH41,Ravi Iqbal,ACCT7598078,2025-08-08 17:36:44,noise
debit,437.17,ACCT1134722,BRANCH43,Ravi Iqbal,ACCT7598078,2025-08-07 10:26:25,noise
credit,238.68,ACCT9669289,BRANCH41,Ravi Iqbal,ACCT7598078,2025-08-07 19:16:15,noise
credit,348.14,,BRANCH13,Ravi Iqbal,ACCT7598078,2025-08-05 20:07:07,noise
debit,969.63,,BRANCH86,Ravi Iqbal,ACCT7598078,2025-08-04 11:34:33,noise
credit,327.18,,BRANCH41,Ravi Iqbal,ACCT7598078,2025-08-04 08:45:01,noise
credit,958.99,ACCT5951659,BRANCH23,Yara Fischer,ACCT8643847,2025-10-01 12:04:30,noise
debit,2595.76,,BRANCH30,Yara Fischer,ACCT8643847,2025-09-30 14:31:27,noise
debit,665.34,,BRANCH30,Yara Fischer,ACCT8643847,2025-09-28 16:42:05,noise
credit,1374.78,,BRANCH30,Yara Fischer,ACCT8643847,2025-09-28 18:26:29,noise
credit,101.58,,BRANCH30,Yara Fischer,ACCT8643847,2025-09-25 10:10:08,noise
debit,583.33,,BRANCH76,Yara Fischer,ACCT8643847,2025-09-25 19:21:29,noise
debit,517.77,ACCT5187799,BRANCH30,Yara Fischer,ACCT8643847,2025-09-24 22:01:45,noise
debit,94.43,,BRANCH30,Yara Fischer,ACCT8643847,2025-09-20 02:12:35,noise
debit,1633.02,ACCT7388607,BRANCH30,Yara Fischer,ACCT8643847,2025-09-19 13:45:01,noise
credit,938.9,,BRANCH30,Yara Fischer,ACCT8643847,2025-09-17 19:09:14,noise
credit,572.96,,BRANCH30,Yara Fischer,ACCT8643847,2025-09-13 02:00:04,noise
debit,681.09,,BRANCH30,Yara Fischer,ACCT8643847,2025-09-13 09:06:30,noise
debit,851.23,,BRANCH30,Yara Fischer,ACCT8643847,2025-09-11 10:21:32,noise
debit,155.86,,BRANCH30,Yara Fischer,ACCT8643847,2025-09-03 08:42:30,noise
debit,834.53,ACCT4876396,BRANCH27,Yara Fischer,ACCT8643847,2025-09-02 14:19:46,noise
debit,949.67,,BRANCH30,Yara Fischer,ACCT8643847,2025-09-02 20:20:37,noise
credit,705.41,ACCT9439856,BRANCH30,Yara Fischer,ACCT8643847,2025-08-31 16:01:19,noise
credit,632.98,,BRANCH56,Yara Fischer,ACCT8643847,2025-08-24 11:29:27,noise
credit,1533.16,,BRANCH30,Yara Fischer,ACCT8643847,2025-08-23 09:31:15,noise
debit,573.71,,BRANCH30,Yara Fischer,ACCT8643847,2025-08-23 14:11:32,noise
credit,465.09,,BRANCH30,Yara Fischer,ACCT8643847,2025-08-22 19:04:53,noise
debit,631.9,,BRANCH52,Yara Fischer,ACCT8643847,2025-08-17 10:32:38,noise
debit,150.75,,BRANCH35,Yara Fischer,ACCT8643847,2025-08-16 09:29:40,noise
debit,327.39,,BRANCH30,Yara Fischer,ACCT8643847,2025-08-15 23:28:38,noise
credit,1308.31,,BRANCH30,Yara Fischer,ACCT8643847,2025-08-14 22:26:05,noise
debit,691.61,,BRANCH30,Yara Fischer,ACCT8643847,2025-08-14 16:41:02,noise
debit,483.16,,BRANCH30,Yara Fischer,ACCT8643847,2025-08-11 13:18:19,noise
debit,233.69,,BRANCH30,Yara Fischer,ACCT8643847,2025-08-09 15:15:49,noise
credit,262.88,ACCT8804882,BRANCH30,Yara Fischer,ACCT8643847,2025-08-07 15:23:02,noise
credit,529.85,,BRANCH30,Yara Fischer,ACCT8643847,2025-08-06 19:28:50,noise
debit,1130.05,,BRANCH87,Yara Fischer,ACCT8643847,2025-08-04 11:29:03,noise
debit,1154.49,,BRANCH92,Hugo Okafor,ACCT4937292,2025-10-02 14:30:23,noise
debit,370.99,,BRANCH79,Hugo Okafor,ACCT4937292,2025-10-02 10:42:49,noise
credit,1512.01,ACCT4227495,BRANCH38,Hugo Okafor,ACCT4937292,2025-09-27 14:07:11,noise
debit,1067.04,,BRANCH79,Hugo Okafor,ACCT4937292,2025-09-27 14:43:53,noise
credit,593.68,,BRANCH18,Hugo Okafor,ACCT4937292,2025-09-26 14:36:32,noise
credit,461.77,ACCT1233952,BRANCH69,Hugo Okafor,ACCT4937292,2025-09-24 18:33:48,noise
debit,251.07,,BRANCH56,Hugo Okafor,ACCT4937292,2025-09-24 04:07:25,noise
credit,1946.65,,BRANCH79,Hugo Okafor,ACCT4937292,2025-09-23 03:10:12,noise
credit,303.62,,BRANCH79,Hugo Okafor,ACCT4937292,2025-09-21 23:22:04,noise
debit,1723.63,,BRANCH69,Hugo Okafor,ACCT4937292,2025-09-20 04:21:08,noise
credit,3282.06,,BRANCH23,Hugo Okafor,ACCT4937292,2025-09-19 19:34:36,noise
debit,695.66,,BRANCH79,Hugo Okafor,ACCT4937292,2025-09-15 21:26:59,noise
debit,509.04,,BRANCH79,Hugo Okafor,ACCT4937292,2025-09-14 03:27:07,noise
credit,137.48,,BRANCH79,Hugo Okafor,ACCT4937292,2025-09-13 19:37:03,noise
debit,779.62,ACCT2027356,BRANCH95,Hugo Okafor,ACCT4937292,2025-09-13 18:44:13,noise
debit,337.33,,BRANCH79,Hugo Okafor,ACCT4937292,2025-09-12 17:25:43,noise
credit,268.09,,BRANCH79,Hugo Okafor,ACCT4937292,2025-09-12 11:26:59,noise
debit,1152.11,ACCT5976579,BRANCH60,Hugo Okafor,ACCT4937292,2025-09-09 09:01:50,noise
debit,1058.78,,BRANCH79,Hugo Okafor,ACCT4937292,2025-09-09 19:40:13,noise
debit,932.5,,BRANCH63,Hugo Okafor,ACCT4937292,2025-09-08 20:02:42,noise
credit,438.73,,BRANCH79,Hugo Okafor,ACCT4937292,2025-09-07 23:03:28,noise
debit,3000.0,ACCT1418465,BRANCH79,Hugo Okafor,ACCT4937292,2025-09-06 12:29:30,noise
credit,1611.9,,BRANCH79,Hugo Okafor,ACCT4937292,2025-09-04 18:10:38,noise
credit,458.37,,BRANCH79,Hugo Okafor,ACCT4937292,2025-09-03 11:44:37,noise
debit,891.02,,BRANCH56,Hugo Okafor,ACCT4937292,2025-09-03 13:21:17,noise
debit,650.43,,BRANCH79,Hugo Okafor,ACCT4937292,2025-08-31 08:39:37,noise
debit,817.19,,BRANCH89,Hugo Okafor,ACCT4937292,2025-08-31 17:36:16,noise
debit,142.58,ACCT3953180,BRANCH33,Hugo Okafor,ACCT4937292,2025-08-27 12:03:18,noise
debit,356.94,ACCT8515064,BRANCH79,Hugo Okafor,ACCT4937292,2025-08-26 18:26:44,noise
credit,422.08,ACCT6992490,BRANCH33,Hugo Okafor,ACCT4937292,2025-08-24 22:35:43,noise
debit,650.39,ACCT6581423,BRANCH75,Hugo Okafor,ACCT4937292,2025-08-21 16:26:14,noise
credit,2143.72,,BRANCH79,Hugo Okafor,ACCT4937292,2025-08-18 01:27:08,noise
credit,672.04,,BRANCH79,Hugo Okafor,ACCT4937292,2025-08-12 05:41:09,noise
debit,224.08,,BRANCH79,Hugo Okafor,ACCT4937292,2025-08-12 20:31:47,noise
credit,784.41,,BRANCH79,Hugo Okafor,ACCT4937292,2025-08-11 15:16:23,noise
debit,195.6,,BRANCH79,Hugo Okafor,ACCT4937292,2025-08-11 02:19:15,noise
credit,2102.72,,BRANCH79,Hugo Okafor,ACCT4937292,2025-08-07 12:15:40,noise
debit,3089.99,,BRANCH79,Hugo Okafor,ACCT4937292,2025-08-06 22:27:01,noise
credit,1234.54,,BRANCH12,Ravi Yamamoto,ACCT4227495,2025-10-02 14:37:19,noise
debit,323.62,,BRANCH81,Ravi Yamamoto,ACCT4227495,2025-10-02 23:23:55,noise
credit,358.95,,BRANCH81,Ravi Yamamoto,ACCT4227495,2025-10-01 19:20:12,noise
debit,391.24,,BRANCH81,Ravi Yamamoto,ACCT4227495,2025-10-01 10:00:45,noise
credit,500.59,,BRANCH81,Ravi Yamamoto,ACCT4227495,2025-09-26 17:15:20,noise
debit,954.82,ACCT9439856,BRANCH81,Ravi Yamamoto,ACCT4227495,2025-09-25 16:42:05,noise
debit,731.31,,BRANCH81,Ravi Yamamoto,ACCT4227495,2025-09-25 16:34:32,noise
credit,573.28,,BRANCH81,Ravi Yamamoto,ACCT4227495,2025-09-24 19:36:46,noise
debit,1375.4,ACCT7311441,BRANCH81,Ravi Yamamoto,ACCT4227495,2025-09-22 21:44:49,noise
debit,1069.45,,BRANCH10,Ravi Yamamoto,ACCT4227495,2025-09-21 09:29:27,noise
credit,582.05,,BRANCH81,Ravi Yamamoto,ACCT4227495,2025-09-19 10:00:42,noise
credit,1033.9,ACCT2179349,BRANCH94,Ravi Yamamoto,ACCT4227495,2025-09-18 20:45:56,noise
credit,976.49,,BRANCH81,Ravi Yamamoto,ACCT4227495,2025-09-18 17:42:36,noise
credit,564.63,,BRANCH81,Ravi Yamamoto,ACCT4227495,2025-09-16 12:23:42,noise
credit,361.15,,BRANCH81,Ravi Yamamoto,ACCT4227495,2025-09-16 22:44:46,noise
debit,493.24,,BRANCH81,Ravi Yamamoto,ACCT4227495,2025-09-10 10:33:16,noise
credit,935.38,ACCT8352432,BRANCH74,Ravi Yamamoto,ACCT4227495,2025-09-10 14:23:22,noise
credit,496.52,ACCT9972582,BRANCH81,Ravi Yamamoto,ACCT4227495,2025-09-09 08:00:45,noise
debit,261.32,,BRANCH81,Ravi Yamamoto,ACCT4227495,2025-09-09 16:01:58,noise
credit,347.59,ACCT5187799,BRANCH81,Ravi Yamamoto,ACCT4227495,2025-09-08 09:35:08,noise
debit,268.82,,BRANCH81,Ravi Yamamoto,ACCT4227495,2025-09-06 19:18:16,noise
debit,293.26,,BRANCH81,Ravi Yamamoto,ACCT4227495,2025-09-05 11:08:48,noise
credit,2947.4,,BRANCH81,Ravi Yamamoto,ACCT4227495,2025-08-28 19:12:32,noise
debit,296.79,,BRANCH81,Ravi Yamamoto,ACCT4227495,2025-08-28 12:19:45,noise
credit,719.46,,BRANCH10,Ravi Yamamoto,ACCT4227495,2025-08-26 10:40:19,noise
debit,449.96,,BRANCH39,Ravi Yamamoto,ACCT4227495,2025-08-25 08:00:12,noise
credit,274.03,ACCT4876396,BRANCH20,Ravi Yamamoto,ACCT4227495,2025-08-23 10:03:29,noise
debit,1134.07,,BRANCH81,Ravi Yamamoto,ACCT4227495,2025-08-23 14:27:46,noise
credit,331.08,,BRANCH81,Ravi Yamamoto,ACCT4227495,2025-08-22 15:29:26,noise
credit,377.94,,BRANCH81,Ravi Yamamoto,ACCT4227495,2025-08-21 05:34:41,noise
credit,1123.52,,BRANCH99,Ravi Yamamoto,ACCT4227495,2025-08-21 19:19:31,noise
credit,925.64,,BRANCH51,Ravi Yamamoto,ACCT4227495,2025-08-17 13:26:56,noise
debit,475.02,,BRANCH81,Ravi Yamamoto,ACCT4227495,2025-08-16 20:16:55,noise
debit,758.54,,BRANCH12,Ravi Yamamoto,ACCT4227495,2025-08-12 12:19:23,noise
debit,514.79,ACCT5164543,BRANCH81,Ravi Yamamoto,ACCT4227495,2025-08-08 08:36:07,noise
credit,1060.68,ACCT4876396,BRANCH81,Ravi Yamamoto,ACCT4227495,2025-08-08 09:14:48,noise
debit,586.29,,BRANCH81,Ravi Yamamoto,ACCT4227495,2025-08-07 11:05:06,noise
debit,1339.16,,BRANCH81,Ravi Yamamoto,ACCT4227495,2025-08-07 18:08:00,noise
debit,358.63,ACCT3372926,BRANCH81,Ravi Yamamoto,ACCT4227495,2025-08-06 17:18:58,noise
debit,789.62,,BRANCH81,Ravi Yamamoto,ACCT4227495,2025-08-06 12:16:55,noise
credit,680.99,,BRANCH53,Omar Novak,ACCT8605540,2025-10-03 01:11:33,noise
debit,308.52,ACCT3372926,BRANCH35,Omar Novak,ACCT8605540,2025-10-02 20:21:19,noise
debit,403.8,ACCT5877007,BRANCH22,Omar Novak,ACCT8605540,2025-10-02 15:29:41,noise
debit,137.5,,BRANCH53,Omar Novak,ACCT8605540,2025-09-29 09:11:43,noise
credit,538.26,,BRANCH95,Omar Novak,ACCT8605540,2025-09-29 19:12:04,noise
credit,828.6,,BRANCH53,Omar Novak,ACCT8605540,2025-09-26 14:22:38,noise
debit,218.43,,BRANCH53,Omar Novak,ACCT8605540,2025-09-26 13:33:31,noise
debit,3079.46,,BRANCH18,Omar Novak,ACCT8605540,2025-09-22 22:08:26,noise
credit,1443.38,,BRANCH53,Omar Novak,ACCT8605540,2025-09-21 17:27:20,noise
credit,2404.58,ACCT8235911,BRANCH53,Omar Novak,ACCT8605540,2025-09-15 11:38:23,noise
credit,1091.71,ACCT5476448,BRANCH53,Omar Novak,ACCT8605540,2025-09-13 09:29:45,noise
credit,2195.3,,BRANCH53,Omar Novak,ACCT8605540,2025-09-13 21:41:59,noise
credit,708.11,,BRANCH36,Omar Novak,ACCT8605540,2025-09-10 00:32:48,noise
debit,2083.32,,BRANCH91,Omar Novak,ACCT8605540,2025-09-10 09:38:59,noise
debit,2571.86,,BRANCH71,Omar Novak,ACCT8605540,2025-09-09 18:00:36,noise
debit,590.1,,BRANCH27,Omar Novak,ACCT8605540,2025-09-08 20:06:18,noise
credit,238.55,ACCT9021189,BRANCH53,Omar Novak,ACCT8605540,2025-09-08 01:13:33,noise
credit,247.69,,BRANCH53,Omar Novak,ACCT8605540,2025-09-07 20:16:54,noise
debit,1298.3,ACCT6979650,BRANCH53,Omar Novak,ACCT8605540,2025-09-06 11:01:48,noise
credit,479.82,,BRANCH53,Omar Novak,ACCT8605540,2025-09-04 13:14:16,noise
debit,1024.83,,BRANCH53,Omar Novak,ACCT8605540,2025-09-03 09:24:56,noise
credit,2288.84,,BRANCH50,Omar Novak,ACCT8605540,2025-09-03 05:05:27,noise
debit,983.18,ACCT4669945,BRANCH41,Omar Novak,ACCT8605540,2025-09-02 20:35:15,noise
debit,1845.8,ACCT5187799,BRANCH37,Omar Novak,ACCT8605540,2025-09-02 11:27:35,noise
credit,208.97,ACCT4227495,BRANCH53,Omar Novak,ACCT8605540,2025-08-31 12:23:09,noise
debit,2046.86,ACCT7857685,BRANCH53,Omar Novak,ACCT8605540,2025-08-31 14:11:47,noise
debit,1902.76,,BRANCH53,Omar Novak,ACCT8605540,2025-08-30 15:11:39,noise
debit,507.18,,BRANCH53,Omar Novak,ACCT8605540,2025-08-28 15:24:15,noise
credit,1344.83,,BRANCH53,Omar Novak,ACCT8605540,2025-08-27 10:06:57,noise
credit,1375.47,,BRANCH53,Omar Novak,ACCT8605540,2025-08-26 14:40:15,noise
credit,1146.45,ACCT4164830,BRANCH53,Omar Novak,ACCT8605540,2025-08-21 19:24:22,noise
credit,131.01,,BRANCH51,Omar Novak,ACCT8605540,2025-08-20 16:01:11,noise
debit,3643.84,,BRANCH53,Omar Novak,ACCT8605540,2025-08-19 17:18:07,noise
debit,309.45,,BRANCH53,Omar Novak,ACCT8605540,2025-08-18 21:28:29,noise
debit,40.45,,BRANCH53,Omar Novak,ACCT8605540,2025-08-18 15:24:14,noise
debit,504.5,,BRANCH53,Omar Novak,ACCT8605540,2025-08-15 12:24:53,noise
debit,1578.43,ACCT1255646,BRANCH53,Omar Novak,ACCT8605540,2025-08-11 18:38:24,noise
credit,459.08,ACCT4227495,BRANCH58,Omar Novak,ACCT8605540,2025-08-09 12:45:17,noise
debit,885.83,ACCT3953180,BRANCH54,Omar Novak,ACCT8605540,2025-08-09 20:15:24,noise
debit,1229.59,ACCT2179349,BRANCH53,Omar Novak,ACCT8605540,2025-08-08 13:26:07,noise
debit,11747.14,ACCT8822332,BRANCH53,Omar Novak,ACCT8605540,2025-12-22 03:37:08,noise
debit,34261.32,ACCT8822332,BRANCH53,Omar Novak,ACCT8605540,2025-12-18 23:25:17,noise
debit,47520.78,ACCT8822332,BRANCH53,Omar Novak,ACCT8605540,2025-11-23 22:20:41,noise
debit,7820.6,ACCT8822332,BRANCH53,Omar Novak,ACCT8605540,2025-12-15 01:31:11,noise
debit,13227.63,ACCT8822332,BRANCH53,Omar Novak,ACCT8605540,2025-11-27 16:44:02,noise
debit,14178.25,ACCT8822332,BRANCH53,Omar Novak,ACCT8605540,2025-12-19 10:32:49,noise
credit,11619.24,ACCT9311538,BRANCH87,Kai Diaz,ACCT5718261,2025-12-23 12:15:50,noise
credit,14802.98,ACCT3691114,BRANCH87,Kai Diaz,ACCT5718261,2025-12-05 00:28:02,noise
credit,10383.63,ACCT5429081,BRANCH87,Kai Diaz,ACCT5718261,2025-12-23 18:19:59,noise
credit,4932.59,ACCT2179349,BRANCH87,Kai Diaz,ACCT5718261,2025-12-26 06:24:48,noise
credit,13961.38,ACCT5991419,BRANCH87,Kai Diaz,ACCT5718261,2025-12-28 01:02:35,noise
credit,8219.15,ACCT4876396,BRANCH87,Kai Diaz,ACCT5718261,2025-12-18 06:22:48,noise
credit,7648.11,ACCT9685399,BRANCH72,Grace Carlos,ACCT8352432,2025-12-23 12:06:38,noise
credit,9612.96,ACCT4876396,BRANCH72,Grace Carlos,ACCT8352432,2025-11-25 19:10:17,noise
credit,11894.93,ACCT1233952,BRANCH72,Grace Carlos,ACCT8352432,2025-11-20 00:13:00,noise
credit,5722.33,ACCT6146280,BRANCH72,Grace Carlos,ACCT8352432,2025-12-28 17:29:53,noise
credit,15113.38,ACCT3372926,BRANCH72,Grace Carlos,ACCT8352432,2025-11-19 21:16:01,noise
credit,4173.23,ACCT9021189,BRANCH72,Grace Carlos,ACCT8352432,2025-12-20 10:12:19,noise
credit,15972.33,ACCT6581423,BRANCH72,Grace Carlos,ACCT8352432,2025-12-20 22:04:08,noise
debit,289.25,,BRANCH34,Ravi Vargas,ACCT5429081,2025-10-01 03:05:53,noise
debit,865.86,ACCT5636400,BRANCH34,Ravi Vargas,ACCT5429081,2025-10-01 17:42:21,noise
debit,1038.35,,BRANCH30,Ravi Vargas,ACCT5429081,2025-09-28 12:05:39,noise
credit,2238.16,,BRANCH34,Ravi Vargas,ACCT5429081,2025-09-27 10:24:03,noise
credit,1604.53,ACCT3425480,BRANCH34,Ravi Vargas,ACCT5429081,2025-09-26 00:35:53,noise
credit,1176.08,,BRANCH34,Ravi Vargas,ACCT5429081,2025-09-23 09:08:32,noise
debit,638.44,,BRANCH19,Ravi Vargas,ACCT5429081,2025-09-18 10:02:42,noise
credit,837.67,,BRANCH47,Ravi Vargas,ACCT5429081,2025-09-15 21:20:36,noise
credit,352.13,,BRANCH83,Ravi Vargas,ACCT5429081,2025-09-15 21:27:54,noise
credit,1723.58,,BRANCH36,Ravi Vargas,ACCT5429081,2025-09-14 17:31:46,noise
credit,828.88,,BRANCH17,Ravi Vargas,ACCT5429081,2025-09-10 21:04:12,noise
debit,1257.21,,BRANCH46,Ravi Vargas,ACCT5429081,2025-09-09 09:44:55,noise
debit,971.74,,BRANCH34,Ravi Vargas,ACCT5429081,2025-09-09 19:25:40,noise
credit,2425.34,,BRANCH34,Ravi Vargas,ACCT5429081,2025-09-07 10:43:21,noise
credit,720.57,ACCT4531823,BRANCH34,Ravi Vargas,ACCT5429081,2025-09-04 11:12:02,noise
debit,247.65,,BRANCH13,Ravi Vargas,ACCT5429081,2025-09-04 17:14:44,noise
credit,2821.2,,BRANCH97,Ravi Vargas,ACCT5429081,2025-09-03 18:25:12,noise
credit,256.54,,BRANCH79,Ravi Vargas,ACCT5429081,2025-09-02 16:00:32,noise
debit,388.05,,BRANCH34,Ravi Vargas,ACCT5429081,2025-09-01 10:25:50,noise
debit,614.43,,BRANCH35,Ravi Vargas,ACCT5429081,2025-08-29 15:34:37,noise
debit,1102.88,,BRANCH20,Ravi Vargas,ACCT5429081,2025-08-28 12:30:35,noise
credit,604.31,,BRANCH34,Ravi Vargas,ACCT5429081,2025-08-28 08:33:38,noise
debit,2252.48,,BRANCH34,Ravi Vargas,ACCT5429081,2025-08-27 18:31:14,noise
credit,3390.19,,BRANCH34,Ravi Vargas,ACCT5429081,2025-08-27 08:12:14,noise
credit,340.8,,BRANCH34,Ravi Vargas,ACCT5429081,2025-08-26 09:24:08,noise
debit,1248.35,,BRANCH34,Ravi Vargas,ACCT5429081,2025-08-24 08:18:52,noise
credit,434.53,,BRANCH34,Ravi Vargas,ACCT5429081,2025-08-20 12:19:02,noise
credit,5168.35,,BRANCH39,Ravi Vargas,ACCT5429081,2025-08-19 10:40:48,noise
debit,1407.75,,BRANCH91,Ravi Vargas,ACCT5429081,2025-08-18 10:36:05,noise
debit,1909.0,,BRANCH54,Ravi Vargas,ACCT5429081,2025-08-16 05:10:54,noise
credit,526.81,,BRANCH15,Ravi Vargas,ACCT5429081,2025-08-15 09:00:47,noise
credit,1748.21,,BRANCH63,Ravi Vargas,ACCT5429081,2025-08-14 10:32:25,noise
debit,608.35,,BRANCH39,Ravi Vargas,ACCT5429081,2025-08-12 10:15:11,noise
debit,1124.89,,BRANCH34,Ravi Vargas,ACCT5429081,2025-08-11 10:30:51,noise
debit,2127.03,,BRANCH34,Ravi Vargas,ACCT5429081,2025-08-08 11:13:54,noise
debit,111.87,,BRANCH34,Ravi Vargas,ACCT5429081,2025-08-07 10:34:25,noise
debit,1946.01,,BRANCH34,Ravi Vargas,ACCT5429081,2025-08-05 12:12:58,noise
credit,1510.7,ACCT7857685,BRANCH34,Ravi Vargas,ACCT5429081,2025-12-16 06:12:42,noise
credit,1847.23,ACCT8951981,BRANCH34,Ravi Vargas,ACCT5429081,2025-12-16 02:24:31,noise
credit,821.39,ACCT1255646,BRANCH34,Ravi Vargas,ACCT5429081,2025-12-16 07:09:41,noise
credit,926.49,ACCT6992490,BRANCH34,Ravi Vargas,ACCT5429081,2025-12-16 22:15:14,noise
credit,801.24,ACCT1129966,BRANCH34,Ravi Vargas,ACCT5429081,2025-12-16 19:02:47,noise
credit,1431.01,ACCT7388607,BRANCH34,Ravi Vargas,ACCT5429081,2025-12-16 07:26:25,noise
credit,877.06,ACCT5976579,BRANCH34,Ravi Vargas,ACCT5429081,2025-12-16 04:21:55,noise
credit,2089.8,ACCT5836992,BRANCH34,Ravi Vargas,ACCT5429081,2025-12-16 04:27:53,noise
credit,2406.43,ACCT8804882,BRANCH34,Ravi Vargas,ACCT5429081,2025-12-16 04:14:28,noise
debit,1655.94,ACCT1241177,BRANCH34,Ravi Vargas,ACCT5429081,2025-12-18 00:11:23,noise
debit,595.17,ACCT8746868,BRANCH34,Ravi Vargas,ACCT5429081,2025-12-18 00:09:12,noise
debit,695.01,ACCT6146280,BRANCH34,Ravi Vargas,ACCT5429081,2025-12-18 13:09:04,noise
debit,563.17,ACCT1231042,BRANCH34,Ravi Vargas,ACCT5429081,2025-12-18 13:21:53,noise
debit,1212.02,ACCT6324196,BRANCH34,Ravi Vargas,ACCT5429081,2025-12-18 03:08:31,noise
debit,666.66,ACCT9041818,BRANCH34,Ravi Vargas,ACCT5429081,2025-12-18 03:29:12,noise
debit,1511.1,ACCT1415361,BRANCH34,Ravi Vargas,ACCT5429081,2025-12-18 09:14:06,noise
debit,655.37,ACCT5877007,BRANCH34,Ravi Vargas,ACCT5429081,2025-12-18 09:20:13,noise
debit,137.03,,BRANCH85,Diego Lopes,ACCT9439856,2025-10-03 19:15:11,noise
debit,420.51,,BRANCH85,Diego Lopes,ACCT9439856,2025-10-02 18:33:45,noise
credit,1077.7,,BRANCH85,Diego Lopes,ACCT9439856,2025-10-02 18:39:42,noise
credit,849.98,,BRANCH57,Diego Lopes,ACCT9439856,2025-10-01 18:28:20,noise
credit,890.65,,BRANCH59,Diego Lopes,ACCT9439856,2025-09-30 08:06:33,noise
debit,1103.49,ACCT1241177,BRANCH85,Diego Lopes,ACCT9439856,2025-09-26 20:05:12,noise
debit,1187.39,,BRANCH85,Diego Lopes,ACCT9439856,2025-09-21 11:37:09,noise
debit,327.23,,BRANCH81,Diego Lopes,ACCT9439856,2025-09-21 12:09:43,noise
debit,3000.0,ACCT2518598,BRANCH85,Diego Lopes,ACCT9439856,2025-09-20 18:19:26,noise
debit,1051.4,,BRANCH93,Diego Lopes,ACCT9439856,2025-09-19 08:15:56,noise
credit,362.73,ACCT6324196,BRANCH79,Diego Lopes,ACCT9439856,2025-09-14 14:31:09,noise
credit,1617.45,,BRANCH85,Diego Lopes,ACCT9439856,2025-09-11 15:06:53,noise
credit,543.0,,BRANCH85,Diego Lopes,ACCT9439856,2025-09-09 18:17:06,noise
credit,2929.43,,BRANCH85,Diego Lopes,ACCT9439856,2025-09-09 11:45:05,noise
credit,761.12,,BRANCH85,Diego Lopes,ACCT9439856,2025-08-30 19:43:18,noise
debit,1793.72,ACCT5836992,BRANCH85,Diego Lopes,ACCT9439856,2025-08-29 11:14:43,noise
credit,271.73,,BRANCH85,Diego Lopes,ACCT9439856,2025-08-28 19:24:27,noise
credit,566.85,,BRANCH40,Diego Lopes,ACCT9439856,2025-08-27 13:42:18,noise
debit,349.52,,BRANCH85,Diego Lopes,ACCT9439856,2025-08-25 19:41:56,noise
credit,1353.77,,BRANCH85,Diego Lopes,ACCT9439856,2025-08-25 18:45:36,noise
credit,1324.86,ACCT3372926,BRANCH85,Diego Lopes,ACCT9439856,2025-08-21 16:28:45,noise
credit,932.44,,BRANCH85,Diego Lopes,ACCT9439856,2025-08-21 22:15:38,noise
credit,450.7,ACCT3691114,BRANCH85,Diego Lopes,ACCT9439856,2025-08-20 18:36:48,noise
credit,933.27,ACCT1735928,BRANCH85,Diego Lopes,ACCT9439856,2025-08-18 16:03:13,noise
debit,95.63,,BRANCH85,Diego Lopes,ACCT9439856,2025-08-15 10:32:19,noise
credit,2368.56,,BRANCH85,Diego Lopes,ACCT9439856,2025-08-13 22:06:43,noise
debit,1205.97,,BRANCH85,Diego Lopes,ACCT9439856,2025-08-12 15:45:36,noise
credit,1286.07,ACCT7605717,BRANCH85,Diego Lopes,ACCT9439856,2025-08-12 00:30:05,noise
debit,1009.54,,BRANCH85,Diego Lopes,ACCT9439856,2025-08-11 22:14:59,noise
credit,117.65,,BRANCH85,Diego Lopes,ACCT9439856,2025-08-09 08:12:41,noise
debit,750.22,,BRANCH68,Diego Lopes,ACCT9439856,2025-08-09 08:41:29,noise
credit,372.69,,BRANCH85,Diego Lopes,ACCT9439856,2025-08-08 17:24:14,noise
credit,632.63,ACCT9311538,BRANCH85,Diego Lopes,ACCT9439856,2025-08-05 18:17:35,noise
debit,71760.93,ACCT2186867,BRANCH85,Diego Lopes,ACCT9439856,2025-12-23 22:13:31,noise
debit,43571.25,ACCT9048039,BRANCH23,Zane Jansen,ACCT2186867,2025-12-25 21:29:08,noise
debit,20415.38,ACCT7715729,BRANCH91,Ana ElSayed,ACCT9048039,2025-12-26 21:17:40,noise
credit,606.76,ACCT8352432,BRANCH97,Nia Unger,ACCT1301492,2025-09-28 23:09:31,noise
debit,906.23,ACCT5976579,BRANCH21,Nia Unger,ACCT1301492,2025-09-28 16:15:03,noise
credit,241.94,,BRANCH10,Nia Unger,ACCT1301492,2025-09-27 20:31:33,noise
debit,781.62,,BRANCH21,Nia Unger,ACCT1301492,2025-09-26 16:40:51,noise
credit,492.13,,BRANCH21,Nia Unger,ACCT1301492,2025-09-25 10:39:29,noise
credit,676.68,ACCT1735928,BRANCH21,Nia Unger,ACCT1301492,2025-09-25 19:21:28,noise
debit,132.09,ACCT7605717,BRANCH21,Nia Unger,ACCT1301492,2025-09-23 09:13:30,noise
credit,272.8,,BRANCH17,Nia Unger,ACCT1301492,2025-09-23 22:30:29,noise
credit,1363.78,ACCT6128046,BRANCH51,Nia Unger,ACCT1301492,2025-09-17 13:43:04,noise
credit,426.79,,BRANCH66,Nia Unger,ACCT1301492,2025-09-16 13:00:21,noise
debit,913.1,ACCT9748006,BRANCH21,Nia Unger,ACCT1301492,2025-09-14 04:22:38,noise
debit,1775.01,,BRANCH21,Nia Unger,ACCT1301492,2025-09-11 09:38:20,noise
debit,564.89,,BRANCH21,Nia Unger,ACCT1301492,2025-09-09 13:24:13,noise
debit,148.24,ACCT4785478,BRANCH21,Nia Unger,ACCT1301492,2025-09-09 12:06:00,noise
credit,837.17,,BRANCH21,Nia Unger,ACCT1301492,2025-09-07 14:30:51,noise
credit,407.54,,BRANCH21,Nia Unger,ACCT1301492,2025-08-31 17:14:39,noise
debit,297.01,,BRANCH21,Nia Unger,ACCT1301492,2025-08-31 10:26:04,noise
debit,1764.7,,BRANCH21,Nia Unger,ACCT1301492,2025-08-28 02:01:12,noise
credit,203.54,,BRANCH85,Nia Unger,ACCT1301492,2025-08-28 21:40:02,noise
credit,224.89,,BRANCH21,Nia Unger,ACCT1301492,2025-08-27 11:34:17,noise
credit,132.98,,BRANCH21,Nia Unger,ACCT1301492,2025-08-24 23:37:17,noise
debit,1070.93,ACCT7654674,BRANCH21,Nia Unger,ACCT1301492,2025-08-24 12:17:56,noise
credit,1721.6,,BRANCH21,Nia Unger,ACCT1301492,2025-08-23 13:38:21,noise
credit,141.58,ACCT5429081,BRANCH78,Nia Unger,ACCT1301492,2025-08-20 16:04:13,noise
debit,567.99,,BRANCH21,Nia Unger,ACCT1301492,2025-08-20 17:03:05,noise
credit,223.15,,BRANCH21,Nia Unger,ACCT1301492,2025-08-18 16:40:09,noise
debit,941.6,,BRANCH21,Nia Unger,ACCT1301492,2025-08-15 08:27:35,noise
credit,779.54,ACCT2134871,BRANCH21,Nia Unger,ACCT1301492,2025-08-13 14:00:58,noise
credit,279.35,,BRANCH21,Nia Unger,ACCT1301492,2025-08-12 00:04:46,noise
debit,1308.54,ACCT8605540,BRANCH21,Nia Unger,ACCT1301492,2025-08-11 01:08:51,noise
credit,407.98,,BRANCH74,Nia Unger,ACCT1301492,2025-08-09 23:39:54,noise
debit,983.57,,BRANCH21,Nia Unger,ACCT1301492,2025-08-09 04:02:32,noise
debit,74.9,,BRANCH21,Nia Unger,ACCT1301492,2025-08-06 16:38:58,noise
debit,145.05,,BRANCH21,Nia Unger,ACCT1301492,2025-08-05 10:10:57,noise
debit,383.06,ACCT1337538,BRANCH21,Nia Unger,ACCT1301492,2025-08-04 08:24:09,noise
debit,70304.33,ACCT3425480,BRANCH21,Nia Unger,ACCT1301492,2025-12-23 15:25:20,noise
debit,78470.7,ACCT5581363,BRANCH61,Tomas Zhou,ACCT3425480,2025-12-26 06:22:25,noise
debit,30393.72,ACCT3953180,BRANCH64,Grace Iqbal,ACCT5581363,2025-12-22 00:02:51,noise
