username,hashtags,place,full_name,timestamp,batch_id
@lena.bakker189,"@wes.diaz925,@cara.mehta123",,Lena Bakker,2025-09-29 04:09:05,noise
@lena.bakker189,"@cara.mehta123,@wes.diaz925",,Lena Bakker,2025-09-23 18:25:09,noise
@lena.bakker189,,,Lena Bakker,2025-09-22 18:13:11,noise
@lena.bakker189,"@zane.zhou248,@wes.diaz925",,Lena Bakker,2025-09-20 08:30:51,noise
@lena.bakker189,"@zane.zhou248,@wes.diaz925",,Lena Bakker,2025-09-16 15:20:54,noise
@lena.bakker189,,,Lena Bakker,2025-09-13 14:08:08,noise
@lena.bakker189,,,Lena Bakker,2025-09-12 15:02:44,noise
@lena.bakker189,"@wes.diaz925,@zane.zhou248",,Lena Bakker,2025-09-07 11:24:53,noise
@lena.bakker189,,,Lena Bakker,2025-09-06 11:00:54,noise
@lena.bakker189,"@zane.zhou248,@wes.diaz925",,Lena Bakker,2025-09-05 08:26:49,noise
@lena.bakker189,"@zane.zhou248,@wes.diaz925",,Lena Bakker,2025-09-01 22:27:36,noise
@lena.bakker189,"@zane.zhou248,@wes.diaz925",,Lena Bakker,2025-08-31 11:09:27,noise
@lena.bakker189,"@cara.mehta123,@zane.zhou248",,Lena Bakker,2025-08-27 10:23:24,noise
@lena.bakker189,"@wes.diaz925,@cara.mehta123",,Lena Bakker,2025-08-21 11:21:56,noise
@lena.bakker189,,,Lena Bakker,2025-08-20 19:21:17,noise
@lena.bakker189,,,Lena Bakker,2025-08-18 04:13:49,noise
@lena.bakker189,"@cara.mehta123,@zane.zhou248",LAT1038,Lena Bakker,2025-08-14 10:30:48,noise
@lena.bakker189,"@zane.zhou248,@wes.diaz925",,Lena Bakker,2025-08-10 11:29:17,noise
@lena.bakker189,"@cara.mehta123,@zane.zhou248",,Lena Bakker,2025-08-09 12:00:27,noise
@elena.yamamoto234,,,Elena Yamamoto,2025-10-02 04:11:48,noise
@elena.yamamoto234,,,Elena Yamamoto,2025-09-30 09:29:38,noise
@elena.yamamoto234,"@jin.anderson303,@ravi.patida401",LAT1811,Elena Yamamoto,2025-09-28 19:10:27,noise
@elena.yamamoto234,,,Elena Yamamoto,2025-09-27 19:18:12,noise
@elena.yamamoto234,"@fahad.novak676,@ravi.patida401",,Elena Yamamoto,2025-09-25 03:26:33,noise
@elena.yamamoto234,"@ravi.patida401,@jin.anderson303",,Elena Yamamoto,2025-09-24 17:28:29,noise
@elena.yamamoto234,"@fahad.novak676,@ravi.patida401",,Elena Yamamoto,2025-09-23 08:01:26,noise
@elena.yamamoto234,"@fahad.novak676,@jin.anderson303",,Elena Yamamoto,2025-09-18 13:20:42,noise
@elena.yamamoto234,"@fahad.novak676,@ravi.patida401",,Elena Yamamoto,2025-09-13 03:18:06,noise
@elena.yamamoto234,"@jin.anderson303,@ravi.patida401",,Elena Yamamoto,2025-09-05 19:24:18,noise
@elena.yamamoto234,,LAT1288,Elena Yamamoto,2025-09-04 21:29:29,noise
@elena.yamamoto234,"@jin.anderson303,@ravi.patida401",,Elena Yamamoto,2025-09-03 14:23:39,noise
@elena.yamamoto234,"@jin.anderson303,@fahad.novak676",,Elena Yamamoto,2025-08-30 09:28:32,noise
@elena.yamamoto234,,LAT1929,Elena Yamamoto,2025-08-22 23:27:58,noise
@elena.yamamoto234,"@jin.anderson303,@ravi.patida401",,Elena Yamamoto,2025-08-19 09:18:12,noise
@elena.yamamoto234,"@jin.anderson303,@fahad.novak676",LAT1766,Elena Yamamoto,2025-08-12 13:28:17,noise
@elena.yamamoto234,"@fahad.novak676,@ravi.patida401",,Elena Yamamoto,2025-08-08 14:04:00,noise
@ravi.tanaka664,,LAT1974,Ravi Tanaka,2025-09-30 14:27:59,noise
@ravi.tanaka664,"@omar.mehta11,@fahad.kim257",,Ravi Tanaka,2025-09-29 17:19:52,noise
@ravi.tanaka664,,LAT1489,Ravi Tanaka,2025-09-26 23:07:31,noise
@ravi.tanaka664,,,Ravi Tanaka,2025-09-24 10:03:27,noise
@ravi.tanaka664,,,Ravi Tanaka,2025-09-22 10:20:32,noise
@ravi.tanaka664,"@omar.mehta11,@diego.tanaka772",,Ravi Tanaka,2025-09-20 02:18:51,noise
@ravi.tanaka664,,LAT1728,Ravi Tanaka,2025-09-17 08:06:07,noise
@ravi.tanaka664,"@omar.mehta11,@diego.tanaka772",LAT1643,Ravi Tanaka,2025-09-12 12:08:22,noise
@ravi.tanaka664,"@fahad.kim257,@diego.tanaka772",,Ravi Tanaka,2025-09-11 01:27:09,noise
@ravi.tanaka664,"@omar.mehta11,@diego.tanaka772",LAT1698,Ravi Tanaka,2025-09-06 21:02:14,noise
@ravi.tanaka664,"@diego.tanaka772,@fahad.kim257",,Ravi Tanaka,2025-09-03 14:29:58,noise
@ravi.tanaka664,,,Ravi Tanaka,2025-08-31 11:25:59,noise
@ravi.tanaka664,"@fahad.kim257,@omar.mehta11",,Ravi Tanaka,2025-08-21 18:29:05,noise
@ravi.tanaka664,,,Ravi Tanaka,2025-08-20 23:27:41,noise
@ravi.tanaka664,,,Ravi Tanaka,2025-08-18 23:11:02,noise
@ravi.tanaka664,"@diego.tanaka772,@omar.mehta11",,Ravi Tanaka,2025-08-16 17:00:10,noise
@ravi.tanaka664,"@diego.tanaka772,@omar.mehta11",,Ravi Tanaka,2025-08-11 11:12:24,noise
@ravi.tanaka664,,,Ravi Tanaka,2025-08-08 18:20:58,noise
@ravi.tanaka664,"@diego.tanaka772,@fahad.kim257",LAT1516,Ravi Tanaka,2025-08-05 23:19:27,noise
@ravi.tanaka664,"@omar.mehta11,@fahad.kim257",,Ravi Tanaka,2025-08-04 16:14:42,noise
@grace.chen434,"@fahad.novak676,@grace.iqbal334",,Grace Chen,2025-09-29 23:01:31,noise
@grace.chen434,"@fahad.novak676,@mara.fischer78",,Grace Chen,2025-09-17 18:09:16,noise
@grace.chen434,,,Grace Chen,2025-09-16 22:25:11,noise
@grace.chen434,,,Grace Chen,2025-09-13 01:18:49,noise
@grace.chen434,"@mara.fischer78,@fahad.novak676",LAT1758,Grace Chen,2025-09-11 23:23:29,noise
@grace.chen434,"@fahad.novak676,@mara.fischer78",,Grace Chen,2025-09-08 14:14:13,noise
@grace.chen434,"@grace.iqbal334,@mara.fischer78",,Grace Chen,2025-09-06 22:29:48,noise
@grace.chen434,"@fahad.novak676,@mara.fischer78",,Grace Chen,2025-09-03 09:03:55,noise
@grace.chen434,,,Grace Chen,2025-08-31 12:19:32,noise
@grace.chen434,"@grace.iqbal334,@fahad.novak676",,Grace Chen,2025-08-23 16:05:01,noise
@grace.chen434,"@fahad.novak676,@mara.fischer78",,Grace Chen,2025-08-22 13:13:19,noise
@grace.chen434,"@grace.iqbal334,@fahad.novak676",,Grace Chen,2025-08-17 16:06:42,noise
@grace.chen434,,,Grace Chen,2025-08-15 08:12:01,noise
@grace.chen434,,,Grace Chen,2025-08-14 08:08:32,noise
@grace.chen434,,,Grace Chen,2025-08-09 23:05:01,noise
@grace.chen434,"@mara.fischer78,@fahad.novak676",,Grace Chen,2025-08-05 19:09:23,noise
@diego.mehta396,,,Diego Mehta,2025-09-29 20:00:48,noise
@diego.mehta396,,,Diego Mehta,2025-09-28 01:18:21,noise
@diego.mehta396,"@leo.iqbal52,@nia.jansen691",,Diego Mehta,2025-09-25 13:16:00,noise
@diego.mehta396,,,Diego Mehta,2025-09-21 08:30:08,noise
@diego.mehta396,"@leo.iqbal52,@nia.jansen691",LAT1802,Diego Mehta,2025-09-16 13:02:46,noise
@diego.mehta396,,LAT1261,Diego Mehta,2025-09-13 09:07:04,noise
@diego.mehta396,,,Diego Mehta,2025-09-10 20:21:10,noise
@diego.mehta396,,,Diego Mehta,2025-09-07 15:07:33,noise
@diego.mehta396,"@leo.iqbal52,@mara.wei768",,Diego Mehta,2025-09-05 22:11:31,noise
@diego.mehta396,,,Diego Mehta,2025-09-01 09:22:42,noise
@diego.mehta396,,,Diego Mehta,2025-08-29 18:18:00,noise
@diego.mehta396,,,Diego Mehta,2025-08-24 05:15:32,noise
@diego.mehta396,"@nia.jansen691,@leo.iqbal52",LAT1865,Diego Mehta,2025-08-23 22:27:26,noise
@diego.mehta396,"@nia.jansen691,@mara.wei768",,Diego Mehta,2025-08-20 20:05:37,noise
@diego.mehta396,"@nia.jansen691,@leo.iqbal52",,Diego Mehta,2025-08-18 12:15:58,noise
@diego.mehta396,,LAT1702,Diego Mehta,2025-08-17 09:20:05,noise
@diego.mehta396,"@leo.iqbal52,@nia.jansen691",,Diego Mehta,2025-08-11 17:00:56,noise
@diego.mehta396,"@leo.iqbal52,@mara.wei768",,Diego Mehta,2025-08-05 12:27:29,noise
@victor.elsayed737,"@mara.unger743,@ravi.iqbal703",,Victor ElSayed,2025-09-30 16:27:23,noise
@victor.elsayed737,,,Victor ElSayed,2025-09-26 16:04:20,noise
@victor.elsayed737,"@mara.unger743,@ravi.iqbal703",,Victor ElSayed,2025-09-25 12:15:58,noise
@victor.elsayed737,,LAT1347,Victor ElSayed,2025-09-21 11:01:33,noise
@victor.elsayed737,"@mara.unger743,@ravi.iqbal703",,Victor ElSayed,2025-09-20 17:17:53,noise
@victor.elsayed737,,,Victor ElSayed,2025-09-18 09:06:34,noise
@victor.elsayed737,"@mara.unger743,@ravi.iqbal703",,Victor ElSayed,2025-09-17 02:08:43,noise
@victor.elsayed737,,,Victor ElSayed,2025-09-14 20:07:34,noise
@victor.elsayed737,"@mara.unger743,@ravi.iqbal703",,Victor ElSayed,2025-09-13 18:15:36,noise
@victor.elsayed737,,,Victor ElSayed,2025-09-08 22:11:15,noise
@victor.elsayed737,"@mara.unger743,@ravi.iqbal703",,Victor ElSayed,2025-08-31 11:08:33,noise
@victor.elsayed737,,LAT1895,Victor ElSayed,2025-08-26 00:24:23,noise
@victor.elsayed737,,LAT1212,Victor ElSayed,2025-08-23 10:28:07,noise
@victor.elsayed737,,LAT1960,Victor ElSayed,2025-08-22 09:04:39,noise
@victor.elsayed737,,,Victor ElSayed,2025-08-19 14:24:34,noise
@victor.elsayed737,"@ravi.iqbal703,@mara.unger743",,Victor ElSayed,2025-08-13 16:01:45,noise
@victor.elsayed737,,LAT1414,Victor ElSayed,2025-08-09 14:18:32,noise
@victor.elsayed737,"@ravi.iqbal703,@mara.unger743",,Victor ElSayed,2025-08-08 04:22:19,noise
@victor.elsayed737,"@ravi.iqbal703,@mara.unger743",LAT1272,Victor ElSayed,2025-08-06 14:07:08,noise
@victor.elsayed737,"@priya.anderson413,@cara.mehta123,@grace.lopes148",LAT1772,Victor ElSayed,2025-12-20 21:10:28,noise
@victor.elsayed737,"@priya.anderson413,@cara.mehta123,@grace.lopes148",LAT1772,Victor ElSayed,2025-12-20 04:08:02,noise
@victor.elsayed737,"@priya.anderson413,@cara.mehta123,@grace.lopes148",LAT1772,Victor ElSayed,2025-12-20 22:15:25,noise
@victor.elsayed737,"@priya.anderson413,@cara.mehta123,@grace.lopes148",LAT1772,Victor ElSayed,2025-12-20 13:14:11,noise
@victor.elsayed737,"@priya.anderson413,@cara.mehta123,@grace.lopes148",LAT1772,Victor ElSayed,2025-12-20 21:03:31,noise
@victor.elsayed737,"@priya.anderson413,@cara.mehta123,@grace.lopes148",LAT1772,Victor ElSayed,2025-12-20 18:23:06,noise
@victor.elsayed737,"@priya.anderson413,@cara.mehta123,@grace.lopes148",LAT1772,Victor ElSayed,2025-12-20 00:29:14,noise
@victor.elsayed737,"@priya.anderson413,@cara.mehta123,@grace.lopes148",LAT1772,Victor ElSayed,2025-12-20 20:06:40,noise
@victor.elsayed737,"@priya.anderson413,@cara.mehta123,@grace.lopes148",LAT1772,Victor ElSayed,2025-12-20 22:19:48,noise
@victor.elsayed737,"@priya.anderson413,@cara.mehta123,@grace.lopes148",LAT1772,Victor ElSayed,2025-12-20 19:16:40,noise
@victor.elsayed737,"@priya.anderson413,@cara.mehta123,@grace.lopes148",LAT1772,Victor ElSayed,2025-12-20 07:01:15,noise
@victor.elsayed737,"@priya.anderson413,@cara.mehta123,@grace.lopes148",LAT1772,Victor ElSayed,2025-12-20 07:17:06,noise
@victor.elsayed737,"@priya.anderson413,@cara.mehta123,@grace.lopes148",LAT1772,Victor ElSayed,2025-12-20 06:13:33,noise
@victor.elsayed737,"@priya.anderson413,@cara.mehta123,@grace.lopes148",LAT1772,Victor ElSayed,2025-12-20 23:04:39,noise
@victor.elsayed737,"@priya.anderson413,@cara.mehta123,@grace.lopes148",LAT1772,Victor ElSayed,2025-12-20 22:23:01,noise
@victor.elsayed737,"@priya.anderson413,@cara.mehta123,@grace.lopes148",LAT1772,Victor ElSayed,2025-12-20 15:23:59,noise
@victor.elsayed737,"@priya.anderson413,@cara.mehta123,@grace.lopes148",LAT1772,Victor ElSayed,2025-12-20 19:05:21,noise
@victor.elsayed737,"@priya.anderson413,@cara.mehta123,@grace.lopes148",LAT1772,Victor ElSayed,2025-12-20 00:04:23,noise
@victor.elsayed737,"@priya.anderson413,@cara.mehta123,@grace.lopes148",LAT1772,Victor ElSayed,2025-12-20 03:27:01,noise
@victor.elsayed737,"@priya.anderson413,@cara.mehta123,@grace.lopes148",LAT1772,Victor ElSayed,2025-12-20 00:00:56,noise
@diego.silva926,,,Diego Silva,2025-09-30 20:12:02,noise
@diego.silva926,"@omar.zhou781,@cara.mehta123",LAT1578,Diego Silva,2025-09-29 08:19:48,noise
@diego.silva926,,,Diego Silva,2025-09-25 08:13:52,noise
@diego.silva926,"@omar.zhou781,@fahad.kim257",,Diego Silva,2025-09-24 17:03:21,noise
@diego.silva926,"@cara.mehta123,@fahad.kim257",LAT1474,Diego Silva,2025-09-22 18:27:38,noise
@diego.silva926,,,Diego Silva,2025-09-18 09:13:33,noise
@diego.silva926,,,Diego Silva,2025-09-11 17:08:07,noise
@diego.silva926,,,Diego Silva,2025-09-07 19:29:44,noise
@diego.silva926,,,Diego Silva,2025-09-04 08:25:37,noise
@diego.silva926,,,Diego Silva,2025-09-02 02:09:45,noise
@diego.silva926,,,Diego Silva,2025-08-23 12:11:23,noise
@diego.silva926,,,Diego Silva,2025-08-18 15:14:44,noise
@diego.silva926,,LAT1944,Diego Silva,2025-08-16 14:22:17,noise
@diego.silva926,"@fahad.kim257,@omar.zhou781",,Diego Silva,2025-08-14 23:10:14,noise
@diego.silva926,"@cara.mehta123,@fahad.kim257",,Diego Silva,2025-08-12 10:30:24,noise
@diego.silva926,"@omar.zhou781,@fahad.kim257",,Diego Silva,2025-08-06 04:06:08,noise
@omar.mehta11,"@xin.patida982,@fahad.kim257",,Omar Mehta,2025-10-03 20:26:44,noise
@omar.mehta11,,,Omar Mehta,2025-10-02 18:03:55,noise
@omar.mehta11,"@xin.patida982,@fahad.kim257",,Omar Mehta,2025-09-28 15:10:05,noise
@omar.mehta11,,LAT1855,Omar Mehta,2025-09-25 12:18:30,noise
@omar.mehta11,,LAT1144,Omar Mehta,2025-09-22 20:15:36,noise
@omar.mehta11,"@xin.patida982,@sara.rossi568",,Omar Mehta,2025-09-21 18:12:37,noise
@omar.mehta11,"@sara.rossi568,@fahad.kim257",,Omar Mehta,2025-08-29 15:27:36,noise
@omar.mehta11,"@xin.patida982,@fahad.kim257",,Omar Mehta,2025-08-20 02:21:53,noise
@omar.mehta11,"@xin.patida982,@sara.rossi568",,Omar Mehta,2025-08-19 04:20:49,noise
@omar.mehta11,,,Omar Mehta,2025-08-06 17:30:03,noise
@leo.haddad697,,,Leo Haddad,2025-10-03 12:17:33,noise
@leo.haddad697,,,Leo Haddad,2025-09-30 15:29:04,noise
@leo.haddad697,"@diego.tanaka772,@priya.vargas432",,Leo Haddad,2025-09-29 08:19:21,noise
@leo.haddad697,,,Leo Haddad,2025-09-26 22:16:05,noise
@leo.haddad697,,,Leo Haddad,2025-09-24 09:09:21,noise
@leo.haddad697,,LAT1190,Leo Haddad,2025-09-20 16:09:18,noise
@leo.haddad697,,,Leo Haddad,2025-09-16 20:21:43,noise
@leo.haddad697,,,Leo Haddad,2025-09-12 22:21:33,noise
@leo.haddad697,,,Leo Haddad,2025-09-11 15:07:38,noise
@leo.haddad697,"@priya.vargas432,@tomas.zhou125",,Leo Haddad,2025-09-01 20:04:16,noise
@leo.haddad697,,,Leo Haddad,2025-08-21 13:10:14,noise
@leo.haddad697,"@tomas.zhou125,@priya.vargas432",,Leo Haddad,2025-08-18 02:15:05,noise
@leo.haddad697,"@priya.vargas432,@diego.tanaka772",LAT1677,Leo Haddad,2025-08-15 18:00:56,noise
@leo.haddad697,,,Leo Haddad,2025-08-12 14:11:41,noise
@leo.haddad697,"@tomas.zhou125,@diego.tanaka772",,Leo Haddad,2025-08-09 04:02:22,noise
@leo.haddad697,"@tomas.zhou125,@priya.vargas432",,Leo Haddad,2025-08-05 11:07:15,noise
@leo.haddad697,"@ben.alvarez563,@uma.iqbal839,@jin.gomes960",LAT1670,Leo Haddad,2025-12-23 02:16:41,noise
@leo.haddad697,"@ben.alvarez563,@uma.iqbal839,@jin.gomes960",LAT1670,Leo Haddad,2025-12-23 00:13:55,noise
@leo.haddad697,"@ben.alvarez563,@uma.iqbal839,@jin.gomes960",LAT1670,Leo Haddad,2025-12-23 22:19:13,noise
@leo.haddad697,"@ben.alvarez563,@uma.iqbal839,@jin.gomes960",LAT1670,Leo Haddad,2025-12-23 23:15:00,noise
@leo.haddad697,"@ben.alvarez563,@uma.iqbal839,@jin.gomes960",LAT1670,Leo Haddad,2025-12-23 07:00:43,noise
@leo.haddad697,"@ben.alvarez563,@uma.iqbal839,@jin.gomes960",LAT1670,Leo Haddad,2025-12-23 07:14:10,noise
@leo.haddad697,"@ben.alvarez563,@uma.iqbal839,@jin.gomes960",LAT1670,Leo Haddad,2025-12-23 23:15:21,noise
@leo.haddad697,"@ben.alvarez563,@uma.iqbal839,@jin.gomes960",LAT1670,Leo Haddad,2025-12-23 03:10:33,noise
@leo.haddad697,"@ben.alvarez563,@uma.iqbal839,@jin.gomes960",LAT1670,Leo Haddad,2025-12-23 02:08:01,noise
@leo.haddad697,"@ben.alvarez563,@uma.iqbal839,@jin.gomes960",LAT1670,Leo Haddad,2025-12-23 02:20:14,noise
@leo.haddad697,"@ben.alvarez563,@uma.iqbal839,@jin.gomes960",LAT1670,Leo Haddad,2025-12-23 18:00:43,noise
@leo.haddad697,"@ben.alvarez563,@uma.iqbal839,@jin.gomes960",LAT1670,Leo Haddad,2025-12-23 08:26:43,noise
@leo.haddad697,"@ben.alvarez563,@uma.iqbal839,@jin.gomes960",LAT1670,Leo Haddad,2025-12-23 18:04:40,noise
@leo.haddad697,"@ben.alvarez563,@uma.iqbal839,@jin.gomes960",LAT1670,Leo Haddad,2025-12-23 21:02:01,noise
@leo.haddad697,"@ben.alvarez563,@uma.iqbal839,@jin.gomes960",LAT1670,Leo Haddad,2025-12-23 23:04:54,noise
@leo.haddad697,"@ben.alvarez563,@uma.iqbal839,@jin.gomes960",LAT1670,Leo Haddad,2025-12-23 03:15:48,noise
@leo.haddad697,"@ben.alvarez563,@uma.iqbal839,@jin.gomes960",LAT1670,Leo Haddad,2025-12-23 07:25:54,noise
@leo.haddad697,"@ben.alvarez563,@uma.iqbal839,@jin.gomes960",LAT1670,Leo Haddad,2025-12-23 05:17:49,noise
@leo.haddad697,"@ben.alvarez563,@uma.iqbal839,@jin.gomes960",LAT1670,Leo Haddad,2025-12-23 08:24:27,noise
@leo.haddad697,"@ben.alvarez563,@uma.iqbal839,@jin.gomes960",LAT1670,Leo Haddad,2025-12-23 18:12:42,noise
@leo.haddad697,"@ben.alvarez563,@uma.iqbal839,@jin.gomes960",LAT1670,Leo Haddad,2025-12-23 03:20:48,noise
@leo.haddad697,"@ben.alvarez563,@uma.iqbal839,@jin.gomes960",LAT1670,Leo Haddad,2025-12-23 10:27:04,noise
@leo.haddad697,"@ben.alvarez563,@uma.iqbal839,@jin.gomes960",LAT1670,Leo Haddad,2025-12-23 20:13:31,noise
@leo.haddad697,"@ben.alvarez563,@uma.iqbal839,@jin.gomes960",LAT1670,Leo Haddad,2025-12-23 01:17:59,noise
@leo.haddad697,"@ben.alvarez563,@uma.iqbal839,@jin.gomes960",LAT1670,Leo Haddad,2025-12-23 21:20:06,noise
@leo.haddad697,"@ben.alvarez563,@uma.iqbal839,@jin.gomes960",LAT1670,Leo Haddad,2025-12-23 03:07:08,noise
@leo.haddad697,"@ben.alvarez563,@uma.iqbal839,@jin.gomes960",LAT1670,Leo Haddad,2025-12-23 15:03:15,noise
@leo.haddad697,"@ben.alvarez563,@uma.iqbal839,@jin.gomes960",LAT1670,Leo Haddad,2025-12-23 00:14:19,noise
@cara.mehta123,"@yara.wei596,@leo.haddad697",LAT1836,Cara Mehta,2025-10-03 08:16:52,noise
@cara.mehta123,"@ben.zhou887,@yara.wei596",,Cara Mehta,2025-10-01 19:23:02,noise
@cara.mehta123,,,Cara Mehta,2025-09-30 08:16:23,noise
@cara.mehta123,"@leo.haddad697,@ben.zhou887",,Cara Mehta,2025-09-26 11:28:53,noise
@cara.mehta123,,,Cara Mehta,2025-09-18 22:07:34,noise
@cara.mehta123,,LAT1865,Cara Mehta,2025-09-17 08:10:35,noise
@cara.mehta123,"@yara.wei596,@ben.zhou887",,Cara Mehta,2025-09-06 17:02:43,noise
@cara.mehta123,,LAT1423,Cara Mehta,2025-09-01 09:22:40,noise
@cara.mehta123,"@leo.haddad697,@ben.zhou887",LAT1195,Cara Mehta,2025-08-27 13:20:52,noise
@cara.mehta123,,,Cara Mehta,2025-08-26 09:11:48,noise
@cara.mehta123,"@ben.zhou887,@yara.wei596",,Cara Mehta,2025-08-22 21:01:21,noise
@cara.mehta123,"@yara.wei596,@ben.zhou887",,Cara Mehta,2025-08-21 19:23:14,noise
@cara.mehta123,"@yara.wei596,@ben.zhou887",LAT1585,Cara Mehta,2025-08-20 10:27:32,noise
@cara.mehta123,,,Cara Mehta,2025-08-15 20:13:47,noise
@cara.mehta123,,,Cara Mehta,2025-08-06 10:13:58,noise
@cara.mehta123,,LAT1352,Cara Mehta,2025-08-05 11:17:24,noise
@leo.unger859,"@jin.gomes960,@diego.novak204",,Leo Unger,2025-09-29 21:21:19,noise
@leo.unger859,,,Leo Unger,2025-09-21 17:02:49,noise
@leo.unger859,,,Leo Unger,2025-09-20 18:15:27,noise
@leo.unger859,,,Leo Unger,2025-09-12 20:26:18,noise
@leo.unger859,"@jin.gomes960,@mara.fischer78",LAT1215,Leo Unger,2025-09-09 04:01:31,noise
@leo.unger859,"@diego.novak204,@jin.gomes960",LAT1701,Leo Unger,2025-09-06 18:28:08,noise
@leo.unger859,,,Leo Unger,2025-09-05 17:05:25,noise
@leo.unger859,"@diego.novak204,@mara.fischer78",,Leo Unger,2025-09-02 13:26:17,noise
@leo.unger859,,,Leo Unger,2025-09-01 16:19:15,noise
@leo.unger859,,,Leo Unger,2025-08-27 03:09:24,noise
@leo.unger859,,,Leo Unger,2025-08-25 11:14:25,noise
@leo.unger859,"@mara.fischer78,@diego.novak204",,Leo Unger,2025-08-22 14:19:34,noise
@leo.unger859,,LAT1511,Leo Unger,2025-08-19 03:08:42,noise
@leo.unger859,,,Leo Unger,2025-08-15 09:12:59,noise
@leo.unger859,,,Leo Unger,2025-08-12 14:27:37,noise
@leo.unger859,"@mara.fischer78,@jin.gomes960",,Leo Unger,2025-08-09 15:26:24,noise
@leo.unger859,"@mara.fischer78,@diego.novak204",,Leo Unger,2025-08-07 17:17:37,noise
@leo.unger859,"@jin.gomes960,@mara.fischer78",,Leo Unger,2025-08-05 19:21:14,noise
@leo.unger859,,,Leo Unger,2025-08-04 08:26:24,noise
@uma.bakker276,,,Uma Bakker,2025-10-03 10:25:42,noise
@uma.bakker276,,,Uma Bakker,2025-10-02 09:11:00,noise
@uma.bakker276,,,Uma Bakker,2025-09-30 12:11:53,noise
@uma.bakker276,"@grace.lopes481,@elena.zhou641",,Uma Bakker,2025-09-28 04:14:42,noise
@uma.bakker276,,,Uma Bakker,2025-09-27 13:23:31,noise
@uma.bakker276,"@elena.zhou641,@ravi.iqbal703",LAT1977,Uma Bakker,2025-09-22 17:21:19,noise
@uma.bakker276,"@ravi.iqbal703,@grace.lopes481",,Uma Bakker,2025-09-21 18:19:47,noise
@uma.bakker276,,,Uma Bakker,2025-09-18 10:30:57,noise
@uma.bakker276,"@elena.zhou641,@grace.lopes481",LAT1829,Uma Bakker,2025-09-17 12:20:41,noise
@uma.bakker276,,,Uma Bakker,2025-09-10 02:14:49,noise
@uma.bakker276,"@ravi.iqbal703,@grace.lopes481",LAT1377,Uma Bakker,2025-09-08 17:19:42,noise
@uma.bakker276,"@elena.zhou641,@ravi.iqbal703",,Uma Bakker,2025-09-07 18:24:27,noise
@uma.bakker276,,,Uma Bakker,2025-08-29 11:29:29,noise
@uma.bakker276,"@ravi.iqbal703,@elena.zhou641",LAT1743,Uma Bakker,2025-08-28 05:09:30,noise
@uma.bakker276,,,Uma Bakker,2025-08-24 15:19:32,noise
@uma.bakker276,,,Uma Bakker,2025-08-22 15:16:24,noise
@uma.bakker276,,,Uma Bakker,2025-08-21 15:08:29,noise
@uma.bakker276,"@grace.lopes481,@ravi.iqbal703",LAT1137,Uma Bakker,2025-08-20 16:22:36,noise
@uma.bakker276,"@ravi.iqbal703,@elena.zhou641",LAT1990,Uma Bakker,2025-08-14 15:03:31,noise
@uma.bakker276,"@grace.lopes481,@elena.zhou641",,Uma Bakker,2025-08-13 20:05:05,noise
@uma.bakker276,"@grace.lopes481,@ravi.iqbal703",,Uma Bakker,2025-08-10 22:15:09,noise
@ivy.jansen985,"@nia.mehta811,@yara.anderson365",,Ivy Jansen,2025-10-03 15:00:57,noise
@ivy.jansen985,"@nia.mehta811,@fahad.diaz412",,Ivy Jansen,2025-09-25 15:26:37,noise
@ivy.jansen985,,LAT1504,Ivy Jansen,2025-09-24 12:28:19,noise
@ivy.jansen985,,LAT1138,Ivy Jansen,2025-09-22 15:22:23,noise
@ivy.jansen985,"@yara.anderson365,@fahad.diaz412",,Ivy Jansen,2025-09-21 04:10:12,noise
@ivy.jansen985,"@fahad.diaz412,@yara.anderson365",,Ivy Jansen,2025-09-20 20:00:46,noise
@ivy.jansen985,"@nia.mehta811,@fahad.diaz412",,Ivy Jansen,2025-09-19 20:22:28,noise
@ivy.jansen985,"@fahad.diaz412,@yara.anderson365",,Ivy Jansen,2025-09-13 12:18:06,noise
@ivy.jansen985,,,Ivy Jansen,2025-09-07 13:03:11,noise
@ivy.jansen985,,,Ivy Jansen,2025-09-06 17:12:53,noise
@ivy.jansen985,,,Ivy Jansen,2025-08-28 09:17:12,noise
@ivy.jansen985,,,Ivy Jansen,2025-08-23 15:12:13,noise
@ivy.jansen985,"@nia.mehta811,@yara.anderson365",,Ivy Jansen,2025-08-21 11:10:30,noise
@ivy.jansen985,"@nia.mehta811,@fahad.diaz412",LAT1388,Ivy Jansen,2025-08-17 20:20:22,noise
@ivy.jansen985,"@yara.anderson365,@nia.mehta811",,Ivy Jansen,2025-08-09 12:24:15,noise
@jin.lopes611,"@elena.patida657,@uma.mehta110",,Jin Lopes,2025-09-28 22:04:56,noise
@jin.lopes611,"@uma.mehta110,@elena.zhou641",,Jin Lopes,2025-09-26 12:14:04,noise
@jin.lopes611,,,Jin Lopes,2025-09-24 14:04:19,noise
@jin.lopes611,,,Jin Lopes,2025-09-12 14:12:52,noise
@jin.lopes611,"@elena.zhou641,@elena.patida657",LAT1623,Jin Lopes,2025-09-08 02:05:08,noise
@jin.lopes611,,,Jin Lopes,2025-08-31 14:17:39,noise
@jin.lopes611,"@elena.zhou641,@uma.mehta110",,Jin Lopes,2025-08-28 12:08:28,noise
@jin.lopes611,,,Jin Lopes,2025-08-26 16:11:43,noise
@jin.lopes611,"@elena.patida657,@elena.zhou641",LAT1780,Jin Lopes,2025-08-24 01:20:28,noise
@jin.lopes611,"@uma.mehta110,@elena.patida657",,Jin Lopes,2025-08-23 19:12:22,noise
@jin.lopes611,,,Jin Lopes,2025-08-21 14:08:03,noise
@jin.lopes611,,,Jin Lopes,2025-08-20 16:16:24,noise
@jin.lopes611,,,Jin Lopes,2025-08-09 14:02:57,noise
@jin.lopes611,"@uma.mehta110,@elena.zhou641",,Jin Lopes,2025-08-08 23:25:50,noise
@jin.lopes611,"@elena.patida657,@elena.zhou641",LAT1968,Jin Lopes,2025-08-05 21:02:58,noise
@lena.yamamoto471,,,Lena Yamamoto,2025-09-23 11:03:30,noise
@lena.yamamoto471,"@jin.gomes960,@omar.unger257",,Lena Yamamoto,2025-09-16 12:29:35,noise
@lena.yamamoto471,,,Lena Yamamoto,2025-09-13 19:16:36,noise
@lena.yamamoto471,,LAT1788,Lena Yamamoto,2025-09-04 09:10:00,noise
@lena.yamamoto471,,,Lena Yamamoto,2025-09-03 12:14:05,noise
@lena.yamamoto471,,,Lena Yamamoto,2025-08-31 19:03:55,noise
@lena.yamamoto471,"@jin.gomes960,@omar.unger257",,Lena Yamamoto,2025-08-28 18:07:31,noise
@lena.yamamoto471,,,Lena Yamamoto,2025-08-25 16:30:13,noise
@lena.yamamoto471,,,Lena Yamamoto,2025-08-24 15:29:33,noise
@lena.yamamoto471,"@omar.unger257,@jin.gomes960",,Lena Yamamoto,2025-08-23 08:03:44,noise
@lena.yamamoto471,,,Lena Yamamoto,2025-08-21 18:17:28,noise
@lena.yamamoto471,,,Lena Yamamoto,2025-08-16 14:00:55,noise
@lena.yamamoto471,"@jin.gomes960,@uma.mehta110",,Lena Yamamoto,2025-08-05 03:13:10,noise
@xin.patida982,,,Xin Patida,2025-09-30 15:00:56,noise
@xin.patida982,,,Xin Patida,2025-09-29 20:27:53,noise
@xin.patida982,"@diego.mehta396,@mara.kim239",LAT1468,Xin Patida,2025-09-28 17:12:48,noise
@xin.patida982,,,Xin Patida,2025-09-26 08:21:09,noise
@xin.patida982,,,Xin Patida,2025-09-22 08:06:26,noise
@xin.patida982,,,Xin Patida,2025-09-21 17:23:06,noise
@xin.patida982,,,Xin Patida,2025-09-13 20:15:56,noise
@xin.patida982,"@diego.mehta396,@mara.fischer78",LAT1346,Xin Patida,2025-09-07 03:24:52,noise
@xin.patida982,,,Xin Patida,2025-09-06 11:10:25,noise
@xin.patida982,"@mara.fischer78,@mara.kim239",LAT1042,Xin Patida,2025-09-05 16:00:46,noise
@xin.patida982,,,Xin Patida,2025-09-01 13:15:43,noise
@xin.patida982,"@mara.kim239,@diego.mehta396",LAT1236,Xin Patida,2025-08-29 18:22:15,noise
@xin.patida982,"@diego.mehta396,@mara.kim239",,Xin Patida,2025-08-25 18:02:15,noise
@xin.patida982,,,Xin Patida,2025-08-24 11:07:47,noise
@xin.patida982,"@diego.mehta396,@mara.kim239",,Xin Patida,2025-08-23 11:07:13,noise
@xin.patida982,"@mara.fischer78,@diego.mehta396",,Xin Patida,2025-08-20 04:05:41,noise
@xin.patida982,"@mara.fischer78,@diego.mehta396",,Xin Patida,2025-08-19 12:15:45,noise
@xin.patida982,"@diego.mehta396,@mara.fischer78",,Xin Patida,2025-08-16 21:14:24,noise
@xin.patida982,,,Xin Patida,2025-08-15 11:05:49,noise
@xin.patida982,"@mara.kim239,@diego.mehta396",LAT1178,Xin Patida,2025-08-13 11:19:44,noise
@xin.patida982,"@diego.mehta396,@mara.fischer78",,Xin Patida,2025-08-11 08:14:28,noise
@xin.patida982,,,Xin Patida,2025-08-10 15:04:16,noise
@xin.patida982,"@mara.fischer78,@diego.mehta396",,Xin Patida,2025-08-07 03:20:15,noise
@xin.patida982,,LAT1765,Xin Patida,2025-08-04 11:18:16,noise
@xin.patida982,"@omar.lopes415,@omar.lopes415,@diego.silva926",LAT1684,Xin Patida,2025-12-18 09:28:51,noise
@xin.patida982,"@omar.lopes415,@omar.lopes415,@diego.silva926",LAT1684,Xin Patida,2025-12-18 23:08:04,noise
@xin.patida982,"@omar.lopes415,@omar.lopes415,@diego.silva926",LAT1684,Xin Patida,2025-12-18 00:20:33,noise
@xin.patida982,"@omar.lopes415,@omar.lopes415,@diego.silva926",LAT1684,Xin Patida,2025-12-18 23:10:59,noise
@xin.patida982,"@omar.lopes415,@omar.lopes415,@diego.silva926",LAT1684,Xin Patida,2025-12-18 21:19:31,noise
@xin.patida982,"@omar.lopes415,@omar.lopes415,@diego.silva926",LAT1684,Xin Patida,2025-12-18 19:06:45,noise
@xin.patida982,"@omar.lopes415,@omar.lopes415,@diego.silva926",LAT1684,Xin Patida,2025-12-18 06:19:57,noise
@xin.patida982,"@omar.lopes415,@omar.lopes415,@diego.silva926",LAT1684,Xin Patida,2025-12-18 05:15:14,noise
@xin.patida982,"@omar.lopes415,@omar.lopes415,@diego.silva926",LAT1684,Xin Patida,2025-12-18 02:04:39,noise
@xin.patida982,"@omar.lopes415,@omar.lopes415,@diego.silva926",LAT1684,Xin Patida,2025-12-18 04:30:57,noise
@xin.patida982,"@omar.lopes415,@omar.lopes415,@diego.silva926",LAT1684,Xin Patida,2025-12-18 01:13:27,noise
@xin.patida982,"@omar.lopes415,@omar.lopes415,@diego.silva926",LAT1684,Xin Patida,2025-12-18 21:23:38,noise
@xin.patida982,"@omar.lopes415,@omar.lopes415,@diego.silva926",LAT1684,Xin Patida,2025-12-18 02:13:05,noise
@xin.patida982,"@omar.lopes415,@omar.lopes415,@diego.silva926",LAT1684,Xin Patida,2025-12-18 04:00:34,noise
@xin.patida982,"@omar.lopes415,@omar.lopes415,@diego.silva926",LAT1684,Xin Patida,2025-12-18 04:23:22,noise
@xin.patida982,"@omar.lopes415,@omar.lopes415,@diego.silva926",LAT1684,Xin Patida,2025-12-18 21:16:45,noise
@xin.patida982,"@omar.lopes415,@omar.lopes415,@diego.silva926",LAT1684,Xin Patida,2025-12-18 13:08:01,noise
@xin.patida982,"@omar.lopes415,@omar.lopes415,@diego.silva926",LAT1684,Xin Patida,2025-12-18 00:25:41,noise
@xin.patida982,"@omar.lopes415,@omar.lopes415,@diego.silva926",LAT1684,Xin Patida,2025-12-18 14:03:47,noise
@xin.patida982,"@omar.lopes415,@omar.lopes415,@diego.silva926",LAT1684,Xin Patida,2025-12-18 18:23:45,noise
@xin.patida982,"@omar.lopes415,@omar.lopes415,@diego.silva926",LAT1684,Xin Patida,2025-12-18 09:04:32,noise
@xin.patida982,"@omar.lopes415,@omar.lopes415,@diego.silva926",LAT1684,Xin Patida,2025-12-18 22:08:19,noise
@xin.patida982,"@omar.lopes415,@omar.lopes415,@diego.silva926",LAT1684,Xin Patida,2025-12-18 01:19:46,noise
@xin.patida982,"@omar.lopes415,@omar.lopes415,@diego.silva926",LAT1684,Xin Patida,2025-12-18 23:07:17,noise
@xin.patida982,"@omar.lopes415,@omar.lopes415,@diego.silva926",LAT1684,Xin Patida,2025-12-18 01:19:48,noise
@xin.patida982,"@omar.lopes415,@omar.lopes415,@diego.silva926",LAT1684,Xin Patida,2025-12-18 05:30:35,noise
@xin.patida982,"@omar.lopes415,@omar.lopes415,@diego.silva926",LAT1684,Xin Patida,2025-12-18 15:28:34,noise
@nia.jansen70,,LAT1815,Nia Jansen,2025-10-03 09:28:57,noise
@nia.jansen70,"@zane.bakker779,@wes.diaz925",,Nia Jansen,2025-10-02 08:28:01,noise
@nia.jansen70,"@uma.chen888,@wes.diaz925",,Nia Jansen,2025-09-30 08:17:49,noise
@nia.jansen70,"@wes.diaz925,@zane.bakker779",LAT1115,Nia Jansen,2025-09-25 17:05:02,noise
@nia.jansen70,,,Nia Jansen,2025-09-23 23:05:43,noise
@nia.jansen70,,,Nia Jansen,2025-09-22 18:06:31,noise
@nia.jansen70,,,Nia Jansen,2025-09-20 15:07:51,noise
@nia.jansen70,"@zane.bakker779,@uma.chen888",,Nia Jansen,2025-09-19 20:13:52,noise
@nia.jansen70,,,Nia Jansen,2025-09-16 21:30:47,noise
@nia.jansen70,,,Nia Jansen,2025-09-15 05:25:11,noise
@nia.jansen70,"@wes.diaz925,@zane.bakker779",,Nia Jansen,2025-09-13 23:08:00,noise
@nia.jansen70,"@zane.bakker779,@uma.chen888",,Nia Jansen,2025-09-11 19:16:06,noise
@nia.jansen70,,LAT1014,Nia Jansen,2025-09-07 10:01:33,noise
@nia.jansen70,"@zane.bakker779,@uma.chen888",LAT1305,Nia Jansen,2025-09-05 01:03:19,noise
@nia.jansen70,,,Nia Jansen,2025-09-02 21:30:03,noise
@nia.jansen70,"@zane.bakker779,@wes.diaz925",LAT1987,Nia Jansen,2025-08-19 19:14:04,noise
@nia.jansen70,"@uma.chen888,@wes.diaz925",,Nia Jansen,2025-08-18 01:20:38,noise
@nia.jansen70,,,Nia Jansen,2025-08-17 15:12:37,noise
@nia.jansen70,,,Nia Jansen,2025-08-14 13:07:29,noise
@nia.jansen70,"@zane.bakker779,@uma.chen888",,Nia Jansen,2025-08-07 13:29:20,noise
@nia.jansen70,"@uma.chen888,@wes.diaz925",,Nia Jansen,2025-08-06 19:03:06,noise
@yara.iqbal971,,LAT1579,Yara Iqbal,2025-09-27 21:12:52,noise
@yara.iqbal971,"@grace.lopes148,@mara.unger743",,Yara Iqbal,2025-09-26 15:21:44,noise
@yara.iqbal971,"@grace.lopes148,@nia.jansen691",,Yara Iqbal,2025-09-25 12:13:14,noise
@yara.iqbal971,,,Yara Iqbal,2025-09-21 13:27:55,noise
@yara.iqbal971,,,Yara Iqbal,2025-09-16 11:22:49,noise
@yara.iqbal971,,LAT1211,Yara Iqbal,2025-09-10 08:28:50,noise
@yara.iqbal971,,,Yara Iqbal,2025-09-08 17:07:20,noise
@yara.iqbal971,,,Yara Iqbal,2025-09-06 18:08:56,noise
@yara.iqbal971,"@grace.lopes148,@mara.unger743",LAT1696,Yara Iqbal,2025-09-02 11:13:39,noise
@yara.iqbal971,"@grace.lopes148,@mara.unger743",,Yara Iqbal,2025-08-31 05:26:48,noise
@yara.iqbal971,,,Yara Iqbal,2025-08-22 09:21:18,noise
@yara.iqbal971,"@mara.unger743,@grace.lopes148",,Yara Iqbal,2025-08-20 23:24:27,noise
@yara.iqbal971,,LAT1906,Yara Iqbal,2025-08-19 09:30:12,noise
@yara.iqbal971,"@grace.lopes148,@nia.jansen691",,Yara Iqbal,2025-08-17 11:06:30,noise
@yara.iqbal971,,,Yara Iqbal,2025-08-14 11:18:31,noise
@yara.iqbal971,"@mara.unger743,@nia.jansen691",,Yara Iqbal,2025-08-12 13:06:42,noise
@yara.iqbal971,,,Yara Iqbal,2025-08-11 10:22:48,noise
@yara.iqbal971,"@grace.lopes148,@nia.jansen691",,Yara Iqbal,2025-08-09 00:11:52,noise
@yara.anderson365,"@yara.yamamoto734,@mara.fischer78",LAT1119,Yara Anderson,2025-10-02 23:23:34,noise
@yara.anderson365,"@yara.yamamoto734,@mara.fischer78",,Yara Anderson,2025-09-25 03:21:03,noise
@yara.anderson365,"@ava.jansen174,@yara.yamamoto734",LAT1912,Yara Anderson,2025-09-24 09:04:53,noise
@yara.anderson365,"@mara.fischer78,@ava.jansen174",,Yara Anderson,2025-09-21 11:12:42,noise
@yara.anderson365,,,Yara Anderson,2025-09-15 10:07:26,noise
@yara.anderson365,,,Yara Anderson,2025-09-12 09:22:08,noise
@yara.anderson365,,,Yara Anderson,2025-09-09 14:20:46,noise
@yara.anderson365,"@yara.yamamoto734,@mara.fischer78",,Yara Anderson,2025-08-26 14:20:33,noise
@yara.anderson365,,,Yara Anderson,2025-08-24 18:18:41,noise
@yara.anderson365,,,Yara Anderson,2025-08-23 11:08:17,noise
@yara.anderson365,,,Yara Anderson,2025-08-20 13:07:43,noise
@yara.anderson365,"@yara.yamamoto734,@ava.jansen174",,Yara Anderson,2025-08-19 03:22:17,noise
@yara.anderson365,,,Yara Anderson,2025-08-17 08:29:06,noise
@yara.anderson365,,,Yara Anderson,2025-08-16 19:27:34,noise
@yara.anderson365,,,Yara Anderson,2025-08-14 19:27:29,noise
@yara.anderson365,,,Yara Anderson,2025-08-10 09:05:02,noise
@yara.anderson365,,,Yara Anderson,2025-08-08 15:16:37,noise
@yara.anderson365,"@mara.fischer78,@ava.jansen174",,Yara Anderson,2025-08-07 15:16:18,noise
@yara.anderson365,"@mara.fischer78,@yara.yamamoto734",,Yara Anderson,2025-08-05 11:00:49,noise
@diego.novak204,"@noah.gomes627,@ivy.unger425",,Diego Novak,2025-09-29 12:29:46,noise
@diego.novak204,"@noah.gomes627,@ivy.unger425",,Diego Novak,2025-09-28 09:26:02,noise
@diego.novak204,"@leo.haddad697,@noah.gomes627",,Diego Novak,2025-09-26 12:13:22,noise
@diego.novak204,,LAT1458,Diego Novak,2025-09-25 13:22:39,noise
@diego.novak204,,,Diego Novak,2025-09-23 08:15:24,noise
@diego.novak204,"@ivy.unger425,@noah.gomes627",,Diego Novak,2025-09-21 16:14:15,noise
@diego.novak204,,,Diego Novak,2025-09-13 09:30:13,noise
@diego.novak204,,,Diego Novak,2025-09-10 13:10:24,noise
@diego.novak204,,LAT1753,Diego Novak,2025-09-06 12:00:49,noise
@diego.novak204,"@leo.haddad697,@noah.gomes627",LAT1844,Diego Novak,2025-09-01 16:05:16,noise
@diego.novak204,"@leo.haddad697,@noah.gomes627",,Diego Novak,2025-08-28 16:27:34,noise
@diego.novak204,,,Diego Novak,2025-08-27 09:01:25,noise
@diego.novak204,"@noah.gomes627,@leo.haddad697",LAT1087,Diego Novak,2025-08-25 20:01:07,noise
@diego.novak204,"@noah.gomes627,@leo.haddad697",,Diego Novak,2025-08-24 19:27:01,noise
@diego.novak204,,,Diego Novak,2025-08-23 20:18:12,noise
@diego.novak204,"@noah.gomes627,@ivy.unger425",,Diego Novak,2025-08-22 21:28:03,noise
@diego.novak204,,,Diego Novak,2025-08-15 11:14:45,noise
@diego.novak204,"@noah.gomes627,@leo.haddad697",LAT1540,Diego Novak,2025-08-11 18:27:10,noise
@diego.novak204,"@ivy.unger425,@leo.haddad697",LAT1187,Diego Novak,2025-08-08 11:00:58,noise
@priya.quinn253,"@wes.mehta110,@zane.bakker779",,Priya Quinn,2025-09-29 10:07:53,noise
@priya.quinn253,,,Priya Quinn,2025-09-27 10:26:00,noise
@priya.quinn253,,,Priya Quinn,2025-09-18 01:27:11,noise
@priya.quinn253,,,Priya Quinn,2025-09-17 20:08:43,noise
@priya.quinn253,"@zane.bakker779,@wes.mehta110",,Priya Quinn,2025-09-16 14:10:35,noise
@priya.quinn253,,,Priya Quinn,2025-09-15 19:24:22,noise
@priya.quinn253,"@zane.bakker779,@grace.lopes148",,Priya Quinn,2025-09-14 18:16:35,noise
@priya.quinn253,,LAT1241,Priya Quinn,2025-09-10 09:14:24,noise
@priya.quinn253,,,Priya Quinn,2025-09-07 00:23:38,noise
@priya.quinn253,,,Priya Quinn,2025-09-05 11:25:36,noise
@priya.quinn253,"@zane.bakker779,@wes.mehta110",,Priya Quinn,2025-09-03 14:28:59,noise
@priya.quinn253,,,Priya Quinn,2025-08-28 13:15:27,noise
@priya.quinn253,"@wes.mehta110,@zane.bakker779",LAT1983,Priya Quinn,2025-08-27 08:08:52,noise
@priya.quinn253,"@wes.mehta110,@zane.bakker779",,Priya Quinn,2025-08-20 20:21:37,noise
@priya.quinn253,,,Priya Quinn,2025-08-15 12:00:46,noise
@priya.quinn253,"@grace.lopes148,@zane.bakker779",,Priya Quinn,2025-08-14 19:08:03,noise
@priya.quinn253,,,Priya Quinn,2025-08-12 20:06:43,noise
@priya.quinn253,"@wes.mehta110,@grace.lopes148",,Priya Quinn,2025-08-11 17:04:56,noise
@priya.quinn253,,,Priya Quinn,2025-08-09 10:15:20,noise
@priya.quinn253,"@wes.mehta110,@zane.bakker779",,Priya Quinn,2025-08-08 14:11:46,noise
@priya.fischer711,,,Priya Fischer,2025-10-03 18:08:01,noise
@priya.fischer711,,,Priya Fischer,2025-09-30 01:07:08,noise
@priya.fischer711,"@yara.fischer389,@fahad.kim257",,Priya Fischer,2025-09-29 18:18:04,noise
@priya.fischer711,,,Priya Fischer,2025-09-27 22:11:27,noise
@priya.fischer711,,,Priya Fischer,2025-09-26 01:00:48,noise
@priya.fischer711,"@ravi.yamamoto425,@fahad.kim257",,Priya Fischer,2025-09-21 09:22:50,noise
@priya.fischer711,,,Priya Fischer,2025-09-17 18:11:48,noise
@priya.fischer711,"@fahad.kim257,@yara.fischer389",,Priya Fischer,2025-09-16 15:05:00,noise
@priya.fischer711,,LAT1537,Priya Fischer,2025-09-15 09:08:50,noise
@priya.fischer711,,LAT1041,Priya Fischer,2025-09-14 16:19:15,noise
@priya.fischer711,,,Priya Fischer,2025-09-13 12:12:34,noise
@priya.fischer711,,LAT1982,Priya Fischer,2025-09-12 10:30:20,noise
@priya.fischer711,,,Priya Fischer,2025-09-09 08:20:36,noise
@priya.fischer711,"@fahad.kim257,@ravi.yamamoto425",,Priya Fischer,2025-09-03 15:26:03,noise
@priya.fischer711,"@yara.fischer389,@ravi.yamamoto425",,Priya Fischer,2025-08-31 01:11:06,noise
@priya.fischer711,"@ravi.yamamoto425,@fahad.kim257",,Priya Fischer,2025-08-26 18:29:27,noise
@priya.fischer711,"@ravi.yamamoto425,@fahad.kim257",,Priya Fischer,2025-08-24 13:17:03,noise
@priya.fischer711,,,Priya Fischer,2025-08-22 17:03:03,noise
@priya.fischer711,,,Priya Fischer,2025-08-18 09:08:25,noise
@priya.fischer711,,,Priya Fischer,2025-08-17 19:17:00,noise
@priya.fischer711,"@yara.fischer389,@fahad.kim257",,Priya Fischer,2025-08-13 14:04:17,noise
@priya.fischer711,,,Priya Fischer,2025-08-12 20:05:41,noise
@priya.fischer711,,LAT1707,Priya Fischer,2025-08-10 18:09:05,noise
@priya.fischer711,,,Priya Fischer,2025-08-08 10:19:22,noise
@priya.fischer711,"@ravi.yamamoto425,@yara.fischer389",LAT1732,Priya Fischer,2025-08-07 18:28:02,noise
@mara.unger743,"@fahad.novak676,@zane.bakker779",,Mara Unger,2025-10-01 17:29:07,noise
@mara.unger743,"@fahad.novak676,@ravi.tanaka664",,Mara Unger,2025-09-28 20:02:03,noise
@mara.unger743,"@ravi.tanaka664,@fahad.novak676",,Mara Unger,2025-09-27 17:01:20,noise
@mara.unger743,"@zane.bakker779,@ravi.tanaka664",,Mara Unger,2025-09-07 13:19:54,noise
@mara.unger743,,,Mara Unger,2025-09-04 21:16:21,noise
@mara.unger743,"@fahad.novak676,@ravi.tanaka664",,Mara Unger,2025-08-31 00:07:36,noise
@mara.unger743,"@fahad.novak676,@zane.bakker779",,Mara Unger,2025-08-30 16:20:02,noise
@mara.unger743,"@ravi.tanaka664,@zane.bakker779",,Mara Unger,2025-08-26 11:01:06,noise
@mara.unger743,,,Mara Unger,2025-08-21 11:27:23,noise
@mara.unger743,,,Mara Unger,2025-08-17 20:29:09,noise
@mara.unger743,,,Mara Unger,2025-08-16 15:15:12,noise
@mara.unger743,"@fahad.novak676,@ravi.tanaka664",,Mara Unger,2025-08-15 18:11:16,noise
@mara.unger743,,,Mara Unger,2025-08-08 11:02:39,noise
@mara.unger743,"@fahad.novak676,@zane.bakker779",,Mara Unger,2025-08-07 20:24:43,noise
@mara.unger743,,,Mara Unger,2025-08-06 21:13:06,noise
@lena.wei459,"@priya.fischer711,@diego.silva926",LAT1197,Lena Wei,2025-10-01 17:26:04,noise
@lena.wei459,,,Lena Wei,2025-09-29 14:10:45,noise
@lena.wei459,"@diego.mehta396,@diego.silva926",,Lena Wei,2025-09-22 04:20:50,noise
@lena.wei459,"@diego.silva926,@diego.mehta396",,Lena Wei,2025-09-15 15:09:23,noise
@lena.wei459,,LAT1701,Lena Wei,2025-09-12 09:11:32,noise
@lena.wei459,,,Lena Wei,2025-09-11 20:01:12,noise
@lena.wei459,"@diego.mehta396,@priya.fischer711",LAT1510,Lena Wei,2025-09-10 17:05:35,noise
@lena.wei459,,,Lena Wei,2025-09-09 08:13:29,noise
@lena.wei459,,,Lena Wei,2025-09-08 19:12:25,noise
@lena.wei459,"@diego.mehta396,@diego.silva926",,Lena Wei,2025-09-07 11:29:47,noise
@lena.wei459,"@priya.fischer711,@diego.mehta396",,Lena Wei,2025-09-05 16:26:19,noise
@lena.wei459,,LAT1638,Lena Wei,2025-09-01 21:21:00,noise
@lena.wei459,"@priya.fischer711,@diego.silva926",,Lena Wei,2025-08-28 11:14:32,noise
@lena.wei459,"@diego.silva926,@diego.mehta396",,Lena Wei,2025-08-25 11:01:10,noise
@lena.wei459,"@diego.silva926,@priya.fischer711",,Lena Wei,2025-08-23 16:24:59,noise
@lena.wei459,,,Lena Wei,2025-08-19 16:20:31,noise
@lena.wei459,"@priya.fischer711,@diego.silva926",,Lena Wei,2025-08-15 15:14:05,noise
@lena.wei459,,,Lena Wei,2025-08-14 13:20:53,noise
@lena.wei459,,,Lena Wei,2025-08-11 05:06:40,noise
@lena.wei459,"@diego.silva926,@diego.mehta396",LAT1341,Lena Wei,2025-08-10 13:24:11,noise
@omar.zhou781,"@ravi.iqbal703,@jin.lopes611",,Omar Zhou,2025-10-02 01:16:58,noise
@omar.zhou781,,,Omar Zhou,2025-09-22 09:14:11,noise
@omar.zhou781,"@jin.lopes611,@omar.mehta11",,Omar Zhou,2025-09-17 18:24:48,noise
@omar.zhou781,,,Omar Zhou,2025-09-16 01:13:43,noise
@omar.zhou781,"@jin.lopes611,@ravi.iqbal703",,Omar Zhou,2025-09-15 04:17:20,noise
@omar.zhou781,"@omar.mehta11,@ravi.iqbal703",,Omar Zhou,2025-09-07 16:22:04,noise
@omar.zhou781,"@ravi.iqbal703,@omar.mehta11",,Omar Zhou,2025-09-04 10:15:40,noise
@omar.zhou781,"@jin.lopes611,@ravi.iqbal703",LAT1673,Omar Zhou,2025-08-30 09:14:26,noise
@omar.zhou781,"@ravi.iqbal703,@omar.mehta11",,Omar Zhou,2025-08-25 11:12:47,noise
@omar.zhou781,"@jin.lopes611,@omar.mehta11",LAT1025,Omar Zhou,2025-08-20 17:28:41,noise
@omar.zhou781,"@ravi.iqbal703,@jin.lopes611",,Omar Zhou,2025-08-08 17:26:53,noise
@priya.diaz606,"@fahad.diaz412,@tomas.zhou233",,Priya Diaz,2025-10-02 18:11:13,noise
@priya.diaz606,,LAT1026,Priya Diaz,2025-09-29 22:04:52,noise
@priya.diaz606,"@tomas.zhou233,@fahad.diaz412",LAT1664,Priya Diaz,2025-09-25 12:00:18,noise
@priya.diaz606,,,Priya Diaz,2025-09-20 19:17:45,noise
@priya.diaz606,"@fahad.diaz412,@jin.lopes611",,Priya Diaz,2025-09-18 13:10:17,noise
@priya.diaz606,,,Priya Diaz,2025-09-13 01:29:05,noise
@priya.diaz606,"@tomas.zhou233,@jin.lopes611",,Priya Diaz,2025-09-11 18:01:34,noise
@priya.diaz606,,,Priya Diaz,2025-09-09 10:28:51,noise
@priya.diaz606,"@tomas.zhou233,@fahad.diaz412",,Priya Diaz,2025-09-04 14:12:05,noise
@priya.diaz606,,,Priya Diaz,2025-09-03 14:05:36,noise
@priya.diaz606,,,Priya Diaz,2025-09-02 19:20:06,noise
@priya.diaz606,,,Priya Diaz,2025-09-01 15:00:02,noise
@priya.diaz606,,LAT1794,Priya Diaz,2025-08-24 18:21:05,noise
@priya.diaz606,"@jin.lopes611,@fahad.diaz412",,Priya Diaz,2025-08-14 17:04:26,noise
@priya.diaz606,,,Priya Diaz,2025-08-10 18:04:40,noise
@priya.diaz606,"@fahad.diaz412,@jin.lopes611",,Priya Diaz,2025-08-06 15:22:00,noise
@sara.yamamoto220,,LAT1682,Sara Yamamoto,2025-10-03 09:00:52,noise
@sara.yamamoto220,"@leo.unger859,@nia.jansen691",,Sara Yamamoto,2025-09-22 09:03:31,noise
@sara.yamamoto220,"@nia.jansen691,@leo.unger859",,Sara Yamamoto,2025-09-16 17:28:54,noise
@sara.yamamoto220,"@ana.elsayed567,@nia.jansen691",,Sara Yamamoto,2025-09-14 08:13:22,noise
@sara.yamamoto220,,,Sara Yamamoto,2025-09-12 14:19:42,noise
@sara.yamamoto220,,,Sara Yamamoto,2025-09-11 19:22:31,noise
@sara.yamamoto220,"@leo.unger859,@ana.elsayed567",,Sara Yamamoto,2025-09-09 20:13:38,noise
@sara.yamamoto220,,,Sara Yamamoto,2025-09-08 08:01:25,noise
@sara.yamamoto220,"@nia.jansen691,@leo.unger859",,Sara Yamamoto,2025-09-06 12:03:46,noise
@sara.yamamoto220,"@ana.elsayed567,@nia.jansen691",LAT1997,Sara Yamamoto,2025-08-29 19:04:06,noise
@sara.yamamoto220,,,Sara Yamamoto,2025-08-25 14:01:35,noise
@sara.yamamoto220,"@leo.unger859,@nia.jansen691",,Sara Yamamoto,2025-08-17 15:01:11,noise
@sara.yamamoto220,,,Sara Yamamoto,2025-08-15 09:22:24,noise
@sara.yamamoto220,,,Sara Yamamoto,2025-08-13 02:06:16,noise
@sara.yamamoto220,,,Sara Yamamoto,2025-08-12 20:14:28,noise
@sara.yamamoto220,"@ana.elsayed567,@leo.unger859",LAT1348,Sara Yamamoto,2025-08-11 17:14:28,noise
@sara.yamamoto220,,,Sara Yamamoto,2025-08-05 22:03:37,noise
@sara.yamamoto220,"@mara.kim239,@victor.diaz894,@ravi.duarte722",LAT1928,Sara Yamamoto,2025-12-26 01:21:15,noise
@sara.yamamoto220,"@mara.kim239,@victor.diaz894,@ravi.duarte722",LAT1928,Sara Yamamoto,2025-12-26 03:21:05,noise
@sara.yamamoto220,"@mara.kim239,@victor.diaz894,@ravi.duarte722",LAT1928,Sara Yamamoto,2025-12-26 08:25:13,noise
@sara.yamamoto220,"@mara.kim239,@victor.diaz894,@ravi.duarte722",LAT1928,Sara Yamamoto,2025-12-26 08:04:35,noise
@sara.yamamoto220,"@mara.kim239,@victor.diaz894,@ravi.duarte722",LAT1928,Sara Yamamoto,2025-12-26 18:04:41,noise
@sara.yamamoto220,"@mara.kim239,@victor.diaz894,@ravi.duarte722",LAT1928,Sara Yamamoto,2025-12-26 23:15:18,noise
@sara.yamamoto220,"@mara.kim239,@victor.diaz894,@ravi.duarte722",LAT1928,Sara Yamamoto,2025-12-26 00:14:32,noise
@sara.yamamoto220,"@mara.kim239,@victor.diaz894,@ravi.duarte722",LAT1928,Sara Yamamoto,2025-12-26 22:01:18,noise
@sara.yamamoto220,"@mara.kim239,@victor.diaz894,@ravi.duarte722",LAT1928,Sara Yamamoto,2025-12-26 23:01:59,noise
@sara.yamamoto220,"@mara.kim239,@victor.diaz894,@ravi.duarte722",LAT1928,Sara Yamamoto,2025-12-26 22:28:32,noise
@sara.yamamoto220,"@mara.kim239,@victor.diaz894,@ravi.duarte722",LAT1928,Sara Yamamoto,2025-12-26 02:15:17,noise
@sara.yamamoto220,"@mara.kim239,@victor.diaz894,@ravi.duarte722",LAT1928,Sara Yamamoto,2025-12-26 05:27:50,noise
@sara.yamamoto220,"@mara.kim239,@victor.diaz894,@ravi.duarte722",LAT1928,Sara Yamamoto,2025-12-26 07:10:05,noise
@sara.yamamoto220,"@mara.kim239,@victor.diaz894,@ravi.duarte722",LAT1928,Sara Yamamoto,2025-12-26 21:11:27,noise
@sara.yamamoto220,"@mara.kim239,@victor.diaz894,@ravi.duarte722",LAT1928,Sara Yamamoto,2025-12-26 21:08:26,noise
@sara.yamamoto220,"@mara.kim239,@victor.diaz894,@ravi.duarte722",LAT1928,Sara Yamamoto,2025-12-26 07:14:15,noise
@sara.yamamoto220,"@mara.kim239,@victor.diaz894,@ravi.duarte722",LAT1928,Sara Yamamoto,2025-12-26 06:19:41,noise
@sara.yamamoto220,"@mara.kim239,@victor.diaz894,@ravi.duarte722",LAT1928,Sara Yamamoto,2025-12-26 18:30:28,noise
@sara.yamamoto220,"@mara.kim239,@victor.diaz894,@ravi.duarte722",LAT1928,Sara Yamamoto,2025-12-26 02:11:00,noise
@sara.yamamoto220,"@mara.kim239,@victor.diaz894,@ravi.duarte722",LAT1928,Sara Yamamoto,2025-12-26 20:22:16,noise
@sara.yamamoto220,"@mara.kim239,@victor.diaz894,@ravi.duarte722",LAT1928,Sara Yamamoto,2025-12-26 01:00:44,noise
@sara.yamamoto220,"@mara.kim239,@victor.diaz894,@ravi.duarte722",LAT1928,Sara Yamamoto,2025-12-26 19:10:34,noise
@sara.yamamoto220,"@mara.kim239,@victor.diaz894,@ravi.duarte722",LAT1928,Sara Yamamoto,2025-12-26 05:14:50,noise
@sara.yamamoto220,"@mara.kim239,@victor.diaz894,@ravi.duarte722",LAT1928,Sara Yamamoto,2025-12-26 21:13:58,noise
@sara.yamamoto220,"@mara.kim239,@victor.diaz894,@ravi.duarte722",LAT1928,Sara Yamamoto,2025-12-26 08:07:57,noise
@sara.yamamoto220,"@mara.kim239,@victor.diaz894,@ravi.duarte722",LAT1928,Sara Yamamoto,2025-12-26 12:03:08,noise
@sara.yamamoto220,"@mara.kim239,@victor.diaz894,@ravi.duarte722",LAT1928,Sara Yamamoto,2025-12-26 23:14:52,noise
@sara.yamamoto220,"@mara.kim239,@victor.diaz894,@ravi.duarte722",LAT1928,Sara Yamamoto,2025-12-26 21:04:42,noise
@sara.yamamoto220,"@mara.kim239,@victor.diaz894,@ravi.duarte722",LAT1928,Sara Yamamoto,2025-12-26 01:07:14,noise
@priya.vargas432,,LAT1847,Priya Vargas,2025-10-03 13:01:23,noise
@priya.vargas432,,,Priya Vargas,2025-10-02 17:21:13,noise
@priya.vargas432,,,Priya Vargas,2025-09-30 18:03:39,noise
@priya.vargas432,,,Priya Vargas,2025-09-20 11:18:15,noise
@priya.vargas432,,,Priya Vargas,2025-09-19 12:16:14,noise
@priya.vargas432,,,Priya Vargas,2025-09-17 08:22:19,noise
@priya.vargas432,"@noah.quinn485,@nia.mehta811",LAT1129,Priya Vargas,2025-09-14 17:27:54,noise
@priya.vargas432,"@nia.mehta811,@noah.quinn485",,Priya Vargas,2025-09-12 19:19:12,noise
@priya.vargas432,"@noah.quinn485,@zane.zhou248",LAT1206,Priya Vargas,2025-09-11 21:12:17,noise
@priya.vargas432,"@noah.quinn485,@zane.zhou248",,Priya Vargas,2025-09-08 16:17:11,noise
@priya.vargas432,"@zane.zhou248,@nia.mehta811",,Priya Vargas,2025-09-06 19:07:11,noise
@priya.vargas432,"@nia.mehta811,@noah.quinn485",,Priya Vargas,2025-09-05 14:22:31,noise
@priya.vargas432,,,Priya Vargas,2025-09-01 18:13:51,noise
@priya.vargas432,"@noah.quinn485,@nia.mehta811",,Priya Vargas,2025-08-27 17:28:02,noise
@priya.vargas432,,,Priya Vargas,2025-08-24 16:05:06,noise
@priya.vargas432,,,Priya Vargas,2025-08-22 02:04:38,noise
@priya.vargas432,,,Priya Vargas,2025-08-20 09:03:21,noise
@priya.vargas432,,,Priya Vargas,2025-08-17 17:22:29,noise
@priya.vargas432,"@noah.quinn485,@zane.zhou248",LAT1341,Priya Vargas,2025-08-15 09:05:19,noise
@priya.vargas432,,,Priya Vargas,2025-08-14 11:23:02,noise
@priya.vargas432,"@noah.quinn485,@nia.mehta811",,Priya Vargas,2025-08-11 12:12:04,noise
@priya.vargas432,,LAT1147,Priya Vargas,2025-08-10 10:30:01,noise
@priya.vargas432,,,Priya Vargas,2025-08-09 18:30:13,noise
@priya.vargas432,"@nia.mehta811,@zane.zhou248",LAT1757,Priya Vargas,2025-08-07 12:07:52,noise
@priya.vargas432,"@zane.zhou248,@nia.mehta811",LAT1556,Priya Vargas,2025-08-06 20:11:48,noise
@priya.vargas432,"@noah.quinn485,@zane.zhou248",,Priya Vargas,2025-08-05 11:14:56,noise
@priya.vargas432,,,Priya Vargas,2025-08-04 13:22:24,noise
@jin.gomes960,,,Jin Gomes,2025-10-02 23:03:32,noise
@jin.gomes960,,,Jin Gomes,2025-09-27 17:08:25,noise
@jin.gomes960,"@yara.wei596,@priya.diaz606",,Jin Gomes,2025-09-23 08:08:19,noise
@jin.gomes960,"@yara.wei596,@hugo.novak410",,Jin Gomes,2025-09-22 12:13:29,noise
@jin.gomes960,"@hugo.novak410,@yara.wei596",,Jin Gomes,2025-09-11 09:02:32,noise
@jin.gomes960,"@priya.diaz606,@hugo.novak410",,Jin Gomes,2025-09-10 19:26:40,noise
@jin.gomes960,"@yara.wei596,@hugo.novak410",LAT1688,Jin Gomes,2025-09-08 09:18:55,noise
@jin.gomes960,,,Jin Gomes,2025-09-07 11:16:45,noise
@jin.gomes960,"@hugo.novak410,@yara.wei596",LAT1291,Jin Gomes,2025-09-03 14:15:14,noise
@jin.gomes960,,LAT1235,Jin Gomes,2025-09-01 12:22:48,noise
@jin.gomes960,,,Jin Gomes,2025-08-29 11:12:37,noise
@jin.gomes960,,,Jin Gomes,2025-08-26 17:29:53,noise
@jin.gomes960,"@priya.diaz606,@yara.wei596",LAT1439,Jin Gomes,2025-08-24 11:17:17,noise
@jin.gomes960,"@yara.wei596,@hugo.novak410",,Jin Gomes,2025-08-23 15:18:44,noise
@jin.gomes960,,,Jin Gomes,2025-08-22 21:28:52,noise
@jin.gomes960,"@hugo.novak410,@priya.diaz606",LAT1756,Jin Gomes,2025-08-20 10:13:54,noise
@jin.gomes960,"@yara.wei596,@hugo.novak410",LAT1182,Jin Gomes,2025-08-15 09:30:39,noise
@jin.gomes960,,,Jin Gomes,2025-08-14 16:24:06,noise
@jin.gomes960,"@hugo.novak410,@yara.wei596",,Jin Gomes,2025-08-12 00:11:49,noise
@zane.zhou248,"@ravi.kim520,@victor.zhou884",,Zane Zhou,2025-09-27 18:00:19,noise
@zane.zhou248,"@uma.mehta110,@victor.zhou884",,Zane Zhou,2025-09-26 14:07:00,noise
@zane.zhou248,,LAT1032,Zane Zhou,2025-09-24 09:30:23,noise
@zane.zhou248,"@ravi.kim520,@uma.mehta110",LAT1401,Zane Zhou,2025-09-21 08:24:25,noise
@zane.zhou248,,,Zane Zhou,2025-09-18 17:18:55,noise
@zane.zhou248,,,Zane Zhou,2025-09-17 19:22:07,noise
@zane.zhou248,,,Zane Zhou,2025-09-15 11:23:33,noise
@zane.zhou248,,,Zane Zhou,2025-09-12 16:24:17,noise
@zane.zhou248,,,Zane Zhou,2025-09-10 19:26:33,noise
@zane.zhou248,"@ravi.kim520,@victor.zhou884",,Zane Zhou,2025-09-07 18:11:15,noise
@zane.zhou248,,LAT1740,Zane Zhou,2025-08-31 03:02:18,noise
@zane.zhou248,,,Zane Zhou,2025-08-29 09:15:26,noise
@zane.zhou248,"@uma.mehta110,@victor.zhou884",,Zane Zhou,2025-08-28 13:08:00,noise
@zane.zhou248,"@uma.mehta110,@ravi.kim520",,Zane Zhou,2025-08-27 18:04:33,noise
@zane.zhou248,,,Zane Zhou,2025-08-26 08:07:27,noise
@zane.zhou248,,,Zane Zhou,2025-08-25 20:17:51,noise
@zane.zhou248,"@uma.mehta110,@victor.zhou884",,Zane Zhou,2025-08-23 20:00:37,noise
@zane.zhou248,"@ravi.kim520,@uma.mehta110",LAT1363,Zane Zhou,2025-08-18 19:18:57,noise
@zane.zhou248,,LAT1421,Zane Zhou,2025-08-13 19:14:02,noise
@zane.zhou248,,,Zane Zhou,2025-08-08 16:10:05,noise
@zane.zhou248,,,Zane Zhou,2025-08-07 02:11:40,noise
@zane.zhou248,"@uma.mehta110,@ravi.kim520",,Zane Zhou,2025-08-06 08:08:34,noise
@zane.zhou248,"@uma.mehta110,@victor.zhou884",,Zane Zhou,2025-08-05 23:21:40,noise
@ravi.meyer620,,,Ravi Meyer,2025-10-01 09:23:56,noise
@ravi.meyer620,,,Ravi Meyer,2025-09-29 16:07:45,noise
@ravi.meyer620,,,Ravi Meyer,2025-09-26 18:15:23,noise
@ravi.meyer620,"@cara.mehta123,@victor.zhou884",LAT1519,Ravi Meyer,2025-09-25 20:18:40,noise
@ravi.meyer620,"@cara.mehta123,@victor.zhou884",,Ravi Meyer,2025-09-24 21:14:14,noise
@ravi.meyer620,,LAT1025,Ravi Meyer,2025-09-23 17:02:23,noise
@ravi.meyer620,"@victor.zhou884,@cara.mehta123",,Ravi Meyer,2025-09-21 12:22:05,noise
@ravi.meyer620,,,Ravi Meyer,2025-09-20 15:17:47,noise
@ravi.meyer620,,,Ravi Meyer,2025-09-14 15:06:23,noise
@ravi.meyer620,,,Ravi Meyer,2025-08-26 09:16:25,noise
@ravi.meyer620,"@victor.zhou884,@cara.mehta123",,Ravi Meyer,2025-08-25 12:15:43,noise
@ravi.meyer620,,,Ravi Meyer,2025-08-24 04:21:55,noise
@ravi.meyer620,"@victor.zhou884,@cara.mehta123",,Ravi Meyer,2025-08-23 10:05:42,noise
@ravi.meyer620,,,Ravi Meyer,2025-08-20 18:29:17,noise
@ravi.meyer620,"@cara.mehta123,@victor.zhou884",,Ravi Meyer,2025-08-12 18:23:52,noise
@ravi.meyer620,"@cara.mehta123,@victor.zhou884",LAT1363,Ravi Meyer,2025-08-07 15:10:58,noise
@ravi.meyer620,,,Ravi Meyer,2025-08-05 21:27:44,noise
@victor.vargas841,"@grace.lopes481,@leo.silva967",,Victor Vargas,2025-10-02 17:09:04,noise
@victor.vargas841,,,Victor Vargas,2025-09-29 22:20:37,noise
@victor.vargas841,"@grace.lopes481,@diego.silva926",,Victor Vargas,2025-09-27 20:21:23,noise
@victor.vargas841,"@grace.lopes481,@diego.silva926",,Victor Vargas,2025-09-23 08:08:54,noise
@victor.vargas841,,,Victor Vargas,2025-09-16 09:06:56,noise
@victor.vargas841,"@diego.silva926,@grace.lopes481",,Victor Vargas,2025-09-15 09:28:23,noise
@victor.vargas841,,,Victor Vargas,2025-09-14 14:27:53,noise
@victor.vargas841,"@leo.silva967,@diego.silva926",,Victor Vargas,2025-09-12 11:25:39,noise
@victor.vargas841,"@leo.silva967,@grace.lopes481",,Victor Vargas,2025-09-11 14:16:43,noise
@victor.vargas841,,,Victor Vargas,2025-09-09 05:01:22,noise
@victor.vargas841,,,Victor Vargas,2025-09-07 00:10:13,noise
@victor.vargas841,"@diego.silva926,@grace.lopes481",,Victor Vargas,2025-09-06 11:13:56,noise
@victor.vargas841,,,Victor Vargas,2025-09-04 17:06:36,noise
@victor.vargas841,,,Victor Vargas,2025-08-31 16:02:08,noise
@victor.vargas841,,,Victor Vargas,2025-08-26 11:02:13,noise
@victor.vargas841,,,Victor Vargas,2025-08-25 22:09:32,noise
@victor.vargas841,"@grace.lopes481,@leo.silva967",,Victor Vargas,2025-08-24 10:14:15,noise
@victor.vargas841,"@diego.silva926,@leo.silva967",LAT1829,Victor Vargas,2025-08-23 03:25:33,noise
@victor.vargas841,,,Victor Vargas,2025-08-15 05:07:20,noise
@victor.vargas841,,,Victor Vargas,2025-08-11 12:01:39,noise
@victor.vargas841,,,Victor Vargas,2025-08-08 22:25:30,noise
@victor.vargas841,,,Victor Vargas,2025-08-06 22:09:21,noise
@victor.vargas841,"@leo.silva967,@diego.silva926",,Victor Vargas,2025-08-05 14:16:37,noise
@victor.vargas841,"@diego.silva926,@leo.silva967",,Victor Vargas,2025-08-04 14:06:44,noise
@uma.iqbal839,,,Uma Iqbal,2025-10-03 15:04:34,noise
@uma.iqbal839,@nia.fischer256,LAT1985,Uma Iqbal,2025-10-01 10:08:58,noise
@uma.iqbal839,,,Uma Iqbal,2025-09-30 13:24:40,noise
@uma.iqbal839,,,Uma Iqbal,2025-09-27 09:01:31,noise
@uma.iqbal839,,,Uma Iqbal,2025-09-23 17:16:46,noise
@uma.iqbal839,,LAT1253,Uma Iqbal,2025-09-22 02:18:08,noise
@uma.iqbal839,@nia.fischer256,LAT1989,Uma Iqbal,2025-09-21 14:18:28,noise
@uma.iqbal839,@nia.fischer256,LAT1434,Uma Iqbal,2025-09-17 04:13:59,noise
@uma.iqbal839,,,Uma Iqbal,2025-09-13 03:16:04,noise
@uma.iqbal839,,,Uma Iqbal,2025-09-11 14:15:34,noise
@uma.iqbal839,@nia.fischer256,,Uma Iqbal,2025-09-09 16:20:16,noise
@uma.iqbal839,,,Uma Iqbal,2025-09-05 14:10:12,noise
@uma.iqbal839,@nia.fischer256,,Uma Iqbal,2025-09-04 14:10:52,noise
@uma.iqbal839,@nia.fischer256,,Uma Iqbal,2025-08-30 08:17:16,noise
@uma.iqbal839,,,Uma Iqbal,2025-08-25 12:14:57,noise
@uma.iqbal839,,,Uma Iqbal,2025-08-24 00:27:11,noise
@uma.iqbal839,,,Uma Iqbal,2025-08-19 00:16:22,noise
@uma.iqbal839,@nia.fischer256,,Uma Iqbal,2025-08-12 08:19:24,noise
@uma.iqbal839,@nia.fischer256,,Uma Iqbal,2025-08-11 08:08:34,noise
@uma.iqbal839,@nia.fischer256,,Uma Iqbal,2025-08-09 08:00:26,noise
@uma.iqbal839,,,Uma Iqbal,2025-08-04 04:25:30,noise
@uma.iqbal839,"@wes.chen763,@ravi.yamamoto425,@wes.diaz925",LAT1686,Uma Iqbal,2025-12-28 19:18:42,noise
@uma.iqbal839,"@wes.chen763,@ravi.yamamoto425,@wes.diaz925",LAT1686,Uma Iqbal,2025-12-28 02:16:59,noise
@uma.iqbal839,"@wes.chen763,@ravi.yamamoto425,@wes.diaz925",LAT1686,Uma Iqbal,2025-12-28 18:18:13,noise
@uma.iqbal839,"@wes.chen763,@ravi.yamamoto425,@wes.diaz925",LAT1686,Uma Iqbal,2025-12-28 03:23:23,noise
@uma.iqbal839,"@wes.chen763,@ravi.yamamoto425,@wes.diaz925",LAT1686,Uma Iqbal,2025-12-28 07:05:57,noise
@uma.iqbal839,"@wes.chen763,@ravi.yamamoto425,@wes.diaz925",LAT1686,Uma Iqbal,2025-12-28 05:30:21,noise
@uma.iqbal839,"@wes.chen763,@ravi.yamamoto425,@wes.diaz925",LAT1686,Uma Iqbal,2025-12-28 09:04:01,noise
@uma.iqbal839,"@wes.chen763,@ravi.yamamoto425,@wes.diaz925",LAT1686,Uma Iqbal,2025-12-28 12:00:33,noise
@uma.iqbal839,"@wes.chen763,@ravi.yamamoto425,@wes.diaz925",LAT1686,Uma Iqbal,2025-12-28 05:07:31,noise
@uma.iqbal839,"@wes.chen763,@ravi.yamamoto425,@wes.diaz925",LAT1686,Uma Iqbal,2025-12-28 10:26:33,noise
@uma.iqbal839,"@wes.chen763,@ravi.yamamoto425,@wes.diaz925",LAT1686,Uma Iqbal,2025-12-28 06:03:50,noise
@uma.iqbal839,"@wes.chen763,@ravi.yamamoto425,@wes.diaz925",LAT1686,Uma Iqbal,2025-12-28 21:15:24,noise
@uma.iqbal839,"@wes.chen763,@ravi.yamamoto425,@wes.diaz925",LAT1686,Uma Iqbal,2025-12-28 08:25:44,noise
@uma.iqbal839,"@wes.chen763,@ravi.yamamoto425,@wes.diaz925",LAT1686,Uma Iqbal,2025-12-28 00:07:17,noise
@uma.iqbal839,"@wes.chen763,@ravi.yamamoto425,@wes.diaz925",LAT1686,Uma Iqbal,2025-12-28 19:06:48,noise
@uma.iqbal839,"@wes.chen763,@ravi.yamamoto425,@wes.diaz925",LAT1686,Uma Iqbal,2025-12-28 09:19:15,noise
@uma.iqbal839,"@wes.chen763,@ravi.yamamoto425,@wes.diaz925",LAT1686,Uma Iqbal,2025-12-28 01:28:15,noise
@uma.iqbal839,"@wes.chen763,@ravi.yamamoto425,@wes.diaz925",LAT1686,Uma Iqbal,2025-12-28 01:16:36,noise
@uma.iqbal839,"@wes.chen763,@ravi.yamamoto425,@wes.diaz925",LAT1686,Uma Iqbal,2025-12-28 02:03:42,noise
@uma.iqbal839,"@wes.chen763,@ravi.yamamoto425,@wes.diaz925",LAT1686,Uma Iqbal,2025-12-28 05:17:42,noise
@uma.iqbal839,"@wes.chen763,@ravi.yamamoto425,@wes.diaz925",LAT1686,Uma Iqbal,2025-12-28 02:27:51,noise
@uma.iqbal839,"@wes.chen763,@ravi.yamamoto425,@wes.diaz925",LAT1686,Uma Iqbal,2025-12-28 20:06:11,noise
@uma.iqbal839,"@wes.chen763,@ravi.yamamoto425,@wes.diaz925",LAT1686,Uma Iqbal,2025-12-28 03:04:46,noise
@uma.iqbal839,"@wes.chen763,@ravi.yamamoto425,@wes.diaz925",LAT1686,Uma Iqbal,2025-12-28 22:06:47,noise
@uma.iqbal839,"@wes.chen763,@ravi.yamamoto425,@wes.diaz925",LAT1686,Uma Iqbal,2025-12-28 02:19:02,noise
@uma.iqbal839,"@wes.chen763,@ravi.yamamoto425,@wes.diaz925",LAT1686,Uma Iqbal,2025-12-28 06:20:49,noise
@omar.lopes415,,,Omar Lopes,2025-10-02 11:25:20,noise
@omar.lopes415,"@yara.anderson365,@jin.lopes611",,Omar Lopes,2025-09-30 09:22:46,noise
@omar.lopes415,"@jin.lopes611,@yara.anderson365",,Omar Lopes,2025-09-27 15:23:26,noise
@omar.lopes415,,,Omar Lopes,2025-09-24 12:16:12,noise
@omar.lopes415,,,Omar Lopes,2025-09-22 12:21:45,noise
@omar.lopes415,"@yara.anderson365,@jin.lopes611",,Omar Lopes,2025-09-19 16:09:38,noise
@omar.lopes415,,,Omar Lopes,2025-09-18 16:07:11,noise
@omar.lopes415,,,Omar Lopes,2025-09-11 13:26:15,noise
@omar.lopes415,"@yara.anderson365,@jin.lopes611",LAT1266,Omar Lopes,2025-09-10 08:08:17,noise
@omar.lopes415,"@yara.anderson365,@jin.lopes611",LAT1782,Omar Lopes,2025-09-07 19:19:44,noise
@omar.lopes415,,,Omar Lopes,2025-09-03 10:28:47,noise
@omar.lopes415,"@yara.anderson365,@jin.lopes611",,Omar Lopes,2025-08-28 11:02:46,noise
@omar.lopes415,,,Omar Lopes,2025-08-26 10:18:12,noise
@omar.lopes415,"@jin.lopes611,@yara.anderson365",,Omar Lopes,2025-08-21 17:27:37,noise
@omar.lopes415,"@yara.anderson365,@jin.lopes611",,Omar Lopes,2025-08-20 16:16:32,noise
@omar.lopes415,,LAT1376,Omar Lopes,2025-08-18 12:04:59,noise
@omar.lopes415,,LAT1033,Omar Lopes,2025-08-13 21:13:48,noise
@omar.lopes415,"@elena.yamamoto234,@priya.vargas432,@mara.kim239",LAT1644,Omar Lopes,2025-12-30 05:26:57,noise
@omar.lopes415,"@elena.yamamoto234,@priya.vargas432,@mara.kim239",LAT1644,Omar Lopes,2025-12-30 00:19:55,noise
@omar.lopes415,"@elena.yamamoto234,@priya.vargas432,@mara.kim239",LAT1644,Omar Lopes,2025-12-30 05:23:52,noise
@omar.lopes415,"@elena.yamamoto234,@priya.vargas432,@mara.kim239",LAT1644,Omar Lopes,2025-12-30 09:19:48,noise
@omar.lopes415,"@elena.yamamoto234,@priya.vargas432,@mara.kim239",LAT1644,Omar Lopes,2025-12-30 12:28:39,noise
@omar.lopes415,"@elena.yamamoto234,@priya.vargas432,@mara.kim239",LAT1644,Omar Lopes,2025-12-30 04:09:00,noise
@omar.lopes415,"@elena.yamamoto234,@priya.vargas432,@mara.kim239",LAT1644,Omar Lopes,2025-12-30 01:08:08,noise
@omar.lopes415,"@elena.yamamoto234,@priya.vargas432,@mara.kim239",LAT1644,Omar Lopes,2025-12-30 01:12:41,noise
@omar.lopes415,"@elena.yamamoto234,@priya.vargas432,@mara.kim239",LAT1644,Omar Lopes,2025-12-30 03:02:14,noise
@omar.lopes415,"@elena.yamamoto234,@priya.vargas432,@mara.kim239",LAT1644,Omar Lopes,2025-12-30 00:19:28,noise
@omar.lopes415,"@elena.yamamoto234,@priya.vargas432,@mara.kim239",LAT1644,Omar Lopes,2025-12-30 09:26:05,noise
@omar.lopes415,"@elena.yamamoto234,@priya.vargas432,@mara.kim239",LAT1644,Omar Lopes,2025-12-30 01:11:24,noise
@omar.lopes415,"@elena.yamamoto234,@priya.vargas432,@mara.kim239",LAT1644,Omar Lopes,2025-12-30 21:04:42,noise
@omar.lopes415,"@elena.yamamoto234,@priya.vargas432,@mara.kim239",LAT1644,Omar Lopes,2025-12-30 20:19:45,noise
@omar.lopes415,"@elena.yamamoto234,@priya.vargas432,@mara.kim239",LAT1644,Omar Lopes,2025-12-30 20:08:04,noise
@omar.lopes415,"@elena.yamamoto234,@priya.vargas432,@mara.kim239",LAT1644,Omar Lopes,2025-12-30 21:24:32,noise
@omar.lopes415,"@elena.yamamoto234,@priya.vargas432,@mara.kim239",LAT1644,Omar Lopes,2025-12-30 21:15:19,noise
@omar.lopes415,"@elena.yamamoto234,@priya.vargas432,@mara.kim239",LAT1644,Omar Lopes,2025-12-30 23:23:09,noise
@omar.lopes415,"@elena.yamamoto234,@priya.vargas432,@mara.kim239",LAT1644,Omar Lopes,2025-12-30 23:29:38,noise
@omar.lopes415,"@elena.yamamoto234,@priya.vargas432,@mara.kim239",LAT1644,Omar Lopes,2025-12-30 09:26:26,noise
@omar.lopes415,"@elena.yamamoto234,@priya.vargas432,@mara.kim239",LAT1644,Omar Lopes,2025-12-30 03:26:17,noise
@omar.lopes415,"@elena.yamamoto234,@priya.vargas432,@mara.kim239",LAT1644,Omar Lopes,2025-12-30 18:03:01,noise
@omar.lopes415,"@elena.yamamoto234,@priya.vargas432,@mara.kim239",LAT1644,Omar Lopes,2025-12-30 09:17:41,noise
@omar.lopes415,"@elena.yamamoto234,@priya.vargas432,@mara.kim239",LAT1644,Omar Lopes,2025-12-30 04:11:11,noise
@omar.lopes415,"@elena.yamamoto234,@priya.vargas432,@mara.kim239",LAT1644,Omar Lopes,2025-12-30 06:19:10,noise
@omar.lopes415,"@elena.yamamoto234,@priya.vargas432,@mara.kim239",LAT1644,Omar Lopes,2025-12-30 20:08:53,noise
@cara.kim531,"@grace.lopes148,@lena.yamamoto471",,Cara Kim,2025-10-02 11:23:52,noise
@cara.kim531,"@lena.yamamoto471,@grace.lopes148",,Cara Kim,2025-10-01 01:27:55,noise
@cara.kim531,,,Cara Kim,2025-09-29 14:14:51,noise
@cara.kim531,"@lena.yamamoto471,@grace.lopes148",,Cara Kim,2025-09-28 10:14:19,noise
@cara.kim531,,,Cara Kim,2025-09-27 16:28:16,noise
@cara.kim531,"@lena.yamamoto471,@grace.lopes148",LAT1209,Cara Kim,2025-09-26 03:10:18,noise
@cara.kim531,,LAT1362,Cara Kim,2025-09-25 17:01:33,noise
@cara.kim531,"@grace.lopes148,@lena.yamamoto471",,Cara Kim,2025-09-21 14:21:50,noise
@cara.kim531,"@lena.yamamoto471,@grace.lopes148",,Cara Kim,2025-09-15 23:19:27,noise
@cara.kim531,,,Cara Kim,2025-09-10 13:26:50,noise
@cara.kim531,,,Cara Kim,2025-09-08 08:16:47,noise
@cara.kim531,,,Cara Kim,2025-09-07 16:07:44,noise
@cara.kim531,,,Cara Kim,2025-08-29 18:19:42,noise
@cara.kim531,"@grace.lopes148,@lena.yamamoto471",LAT1844,Cara Kim,2025-08-28 15:13:17,noise
@cara.kim531,,LAT1007,Cara Kim,2025-08-27 19:07:34,noise
@cara.kim531,"@lena.yamamoto471,@grace.lopes148",,Cara Kim,2025-08-26 11:11:49,noise
@cara.kim531,"@lena.yamamoto471,@grace.lopes148",,Cara Kim,2025-08-24 14:05:16,noise
@cara.kim531,"@lena.yamamoto471,@grace.lopes148",,Cara Kim,2025-08-22 20:15:55,noise
@cara.kim531,,LAT1636,Cara Kim,2025-08-20 17:09:53,noise
@cara.kim531,,,Cara Kim,2025-08-17 11:20:51,noise
@cara.kim531,"@grace.lopes148,@lena.yamamoto471",,Cara Kim,2025-08-16 14:00:04,noise
@cara.kim531,"@grace.lopes148,@lena.yamamoto471",,Cara Kim,2025-08-14 20:14:37,noise
@cara.kim531,"@grace.lopes148,@lena.yamamoto471",,Cara Kim,2025-08-06 20:12:13,noise
@cara.kim531,"@leo.haddad697,@raj.carlos669,@nia.unger44",LAT1262,Cara Kim,2025-12-28 02:08:48,noise
@cara.kim531,"@leo.haddad697,@raj.carlos669,@nia.unger44",LAT1262,Cara Kim,2025-12-28 22:23:10,noise
@cara.kim531,"@leo.haddad697,@raj.carlos669,@nia.unger44",LAT1262,Cara Kim,2025-12-28 22:16:16,noise
@cara.kim531,"@leo.haddad697,@raj.carlos669,@nia.unger44",LAT1262,Cara Kim,2025-12-28 03:21:11,noise
@cara.kim531,"@leo.haddad697,@raj.carlos669,@nia.unger44",LAT1262,Cara Kim,2025-12-28 00:07:04,noise
@cara.kim531,"@leo.haddad697,@raj.carlos669,@nia.unger44",LAT1262,Cara Kim,2025-12-28 21:15:51,noise
@cara.kim531,"@leo.haddad697,@raj.carlos669,@nia.unger44",LAT1262,Cara Kim,2025-12-28 05:28:32,noise
@cara.kim531,"@leo.haddad697,@raj.carlos669,@nia.unger44",LAT1262,Cara Kim,2025-12-28 12:06:50,noise
@cara.kim531,"@leo.haddad697,@raj.carlos669,@nia.unger44",LAT1262,Cara Kim,2025-12-28 06:05:16,noise
@cara.kim531,"@leo.haddad697,@raj.carlos669,@nia.unger44",LAT1262,Cara Kim,2025-12-28 18:20:05,noise
@cara.kim531,"@leo.haddad697,@raj.carlos669,@nia.unger44",LAT1262,Cara Kim,2025-12-28 22:14:13,noise
@cara.kim531,"@leo.haddad697,@raj.carlos669,@nia.unger44",LAT1262,Cara Kim,2025-12-28 23:24:00,noise
@cara.kim531,"@leo.haddad697,@raj.carlos669,@nia.unger44",LAT1262,Cara Kim,2025-12-28 06:19:12,noise
@cara.kim531,"@leo.haddad697,@raj.carlos669,@nia.unger44",LAT1262,Cara Kim,2025-12-28 20:04:37,noise
@cara.kim531,"@leo.haddad697,@raj.carlos669,@nia.unger44",LAT1262,Cara Kim,2025-12-28 07:09:34,noise
@cara.kim531,"@leo.haddad697,@raj.carlos669,@nia.unger44",LAT1262,Cara Kim,2025-12-28 07:00:06,noise
@cara.kim531,"@leo.haddad697,@raj.carlos669,@nia.unger44",LAT1262,Cara Kim,2025-12-28 02:18:41,noise
@cara.kim531,"@leo.haddad697,@raj.carlos669,@nia.unger44",LAT1262,Cara Kim,2025-12-28 18:04:28,noise
@cara.kim531,"@leo.haddad697,@raj.carlos669,@nia.unger44",LAT1262,Cara Kim,2025-12-28 08:19:34,noise
@cara.kim531,"@leo.haddad697,@raj.carlos669,@nia.unger44",LAT1262,Cara Kim,2025-12-28 09:21:01,noise
@cara.kim531,"@leo.haddad697,@raj.carlos669,@nia.unger44",LAT1262,Cara Kim,2025-12-28 04:26:01,noise
@cara.kim531,"@leo.haddad697,@raj.carlos669,@nia.unger44",LAT1262,Cara Kim,2025-12-28 12:02:04,noise
@cara.kim531,"@leo.haddad697,@raj.carlos669,@nia.unger44",LAT1262,Cara Kim,2025-12-28 07:08:31,noise
@cara.kim531,"@leo.haddad697,@raj.carlos669,@nia.unger44",LAT1262,Cara Kim,2025-12-28 04:10:09,noise
@cara.kim531,"@leo.haddad697,@raj.carlos669,@nia.unger44",LAT1262,Cara Kim,2025-12-28 06:02:48,noise
@cara.kim531,"@leo.haddad697,@raj.carlos669,@nia.unger44",LAT1262,Cara Kim,2025-12-28 00:22:10,noise
@cara.kim531,"@leo.haddad697,@raj.carlos669,@nia.unger44",LAT1262,Cara Kim,2025-12-28 23:17:36,noise
@cara.kim531,"@leo.haddad697,@raj.carlos669,@nia.unger44",LAT1262,Cara Kim,2025-12-28 20:05:50,noise
@priya.wei970,"@yara.fischer389,@priya.fischer711",,Priya Wei,2025-10-02 11:23:43,noise
@priya.wei970,"@priya.fischer711,@yara.fischer389",LAT1391,Priya Wei,2025-09-26 13:25:03,noise
@priya.wei970,,,Priya Wei,2025-09-24 14:27:59,noise
@priya.wei970,,,Priya Wei,2025-09-23 11:04:21,noise
@priya.wei970,,,Priya Wei,2025-09-18 13:00:22,noise
@priya.wei970,"@yara.fischer389,@priya.fischer711",LAT1447,Priya Wei,2025-09-17 08:24:50,noise
@priya.wei970,"@yara.fischer389,@priya.fischer711",,Priya Wei,2025-09-15 13:10:55,noise
@priya.wei970,"@yara.fischer389,@priya.fischer711",,Priya Wei,2025-09-08 23:16:24,noise
@priya.wei970,,,Priya Wei,2025-09-06 15:12:14,noise
@priya.wei970,,LAT1391,Priya Wei,2025-09-05 18:18:22,noise
@priya.wei970,"@yara.fischer389,@priya.fischer711",,Priya Wei,2025-09-03 22:07:29,noise
@priya.wei970,,LAT1654,Priya Wei,2025-09-02 20:26:39,noise
@priya.wei970,,,Priya Wei,2025-08-24 03:14:43,noise
@priya.wei970,,,Priya Wei,2025-08-23 18:23:24,noise
@priya.wei970,,,Priya Wei,2025-08-21 09:28:15,noise
@priya.wei970,,,Priya Wei,2025-08-20 02:07:44,noise
@priya.wei970,,,Priya Wei,2025-08-17 19:05:05,noise
@priya.wei970,,LAT1708,Priya Wei,2025-08-16 15:02:05,noise
@priya.wei970,,,Priya Wei,2025-08-15 21:16:07,noise
@priya.wei970,,,Priya Wei,2025-08-09 09:12:44,noise
@priya.wei970,,,Priya Wei,2025-08-04 11:16:28,noise
@priya.wei970,"@sara.yamamoto220,@yara.fischer389,@omar.unger257",LAT1674,Priya Wei,2025-12-29 02:25:34,noise
@priya.wei970,"@sara.yamamoto220,@yara.fischer389,@omar.unger257",LAT1674,Priya Wei,2025-12-29 13:21:41,noise
@priya.wei970,"@sara.yamamoto220,@yara.fischer389,@omar.unger257",LAT1674,Priya Wei,2025-12-29 22:01:16,noise
@priya.wei970,"@sara.yamamoto220,@yara.fischer389,@omar.unger257",LAT1674,Priya Wei,2025-12-29 22:07:14,noise
@priya.wei970,"@sara.yamamoto220,@yara.fischer389,@omar.unger257",LAT1674,Priya Wei,2025-12-29 01:14:03,noise
@priya.wei970,"@sara.yamamoto220,@yara.fischer389,@omar.unger257",LAT1674,Priya Wei,2025-12-29 21:29:24,noise
@priya.wei970,"@sara.yamamoto220,@yara.fischer389,@omar.unger257",LAT1674,Priya Wei,2025-12-29 22:14:23,noise
@priya.wei970,"@sara.yamamoto220,@yara.fischer389,@omar.unger257",LAT1674,Priya Wei,2025-12-29 09:24:22,noise
@priya.wei970,"@sara.yamamoto220,@yara.fischer389,@omar.unger257",LAT1674,Priya Wei,2025-12-29 18:25:43,noise
@priya.wei970,"@sara.yamamoto220,@yara.fischer389,@omar.unger257",LAT1674,Priya Wei,2025-12-29 08:08:54,noise
@priya.wei970,"@sara.yamamoto220,@yara.fischer389,@omar.unger257",LAT1674,Priya Wei,2025-12-29 19:18:05,noise
@priya.wei970,"@sara.yamamoto220,@yara.fischer389,@omar.unger257",LAT1674,Priya Wei,2025-12-29 00:29:06,noise
@priya.wei970,"@sara.yamamoto220,@yara.fischer389,@omar.unger257",LAT1674,Priya Wei,2025-12-29 01:20:27,noise
@priya.wei970,"@sara.yamamoto220,@yara.fischer389,@omar.unger257",LAT1674,Priya Wei,2025-12-29 05:22:14,noise
@priya.wei970,"@sara.yamamoto220,@yara.fischer389,@omar.unger257",LAT1674,Priya Wei,2025-12-29 03:12:09,noise
@priya.wei970,"@sara.yamamoto220,@yara.fischer389,@omar.unger257",LAT1674,Priya Wei,2025-12-29 22:22:43,noise
@priya.wei970,"@sara.yamamoto220,@yara.fischer389,@omar.unger257",LAT1674,Priya Wei,2025-12-29 02:02:41,noise
@priya.wei970,"@sara.yamamoto220,@yara.fischer389,@omar.unger257",LAT1674,Priya Wei,2025-12-29 20:20:22,noise
@priya.wei970,"@sara.yamamoto220,@yara.fischer389,@omar.unger257",LAT1674,Priya Wei,2025-12-29 04:27:29,noise
@priya.wei970,"@sara.yamamoto220,@yara.fischer389,@omar.unger257",LAT1674,Priya Wei,2025-12-29 03:12:33,noise
@priya.wei970,"@sara.yamamoto220,@yara.fischer389,@omar.unger257",LAT1674,Priya Wei,2025-12-29 09:05:46,noise
@priya.wei970,"@sara.yamamoto220,@yara.fischer389,@omar.unger257",LAT1674,Priya Wei,2025-12-29 00:06:26,noise
@priya.wei970,"@sara.yamamoto220,@yara.fischer389,@omar.unger257",LAT1674,Priya Wei,2025-12-29 21:10:48,noise
@priya.wei970,"@sara.yamamoto220,@yara.fischer389,@omar.unger257",LAT1674,Priya Wei,2025-12-29 10:05:29,noise
@priya.wei970,"@sara.yamamoto220,@yara.fischer389,@omar.unger257",LAT1674,Priya Wei,2025-12-29 08:13:35,noise
@priya.wei970,"@sara.yamamoto220,@yara.fischer389,@omar.unger257",LAT1674,Priya Wei,2025-12-29 03:17:22,noise
@priya.wei970,"@sara.yamamoto220,@yara.fischer389,@omar.unger257",LAT1674,Priya Wei,2025-12-29 10:01:51,noise
@yara.duarte888,,,Yara Duarte,2025-10-03 13:11:49,noise
@yara.duarte888,,,Yara Duarte,2025-10-01 23:07:41,noise
@yara.duarte888,,,Yara Duarte,2025-09-30 14:22:50,noise
@yara.duarte888,,,Yara Duarte,2025-09-25 09:06:37,noise
@yara.duarte888,,,Yara Duarte,2025-09-09 12:19:20,noise
@yara.duarte888,,,Yara Duarte,2025-09-07 15:03:15,noise
@yara.duarte888,,,Yara Duarte,2025-09-03 19:24:09,noise
@yara.duarte888,,,Yara Duarte,2025-08-30 22:12:36,noise
@yara.duarte888,,,Yara Duarte,2025-08-29 08:14:19,noise
@yara.duarte888,,LAT1093,Yara Duarte,2025-08-27 10:21:24,noise
@yara.duarte888,,,Yara Duarte,2025-08-24 13:27:06,noise
@yara.duarte888,,LAT1750,Yara Duarte,2025-08-23 21:03:15,noise
@yara.duarte888,,,Yara Duarte,2025-08-22 14:08:21,noise
@yara.duarte888,,LAT1790,Yara Duarte,2025-08-19 16:08:15,noise
@yara.duarte888,,LAT1196,Yara Duarte,2025-08-17 14:03:44,noise
@yara.duarte888,,,Yara Duarte,2025-08-12 11:02:36,noise
@yara.duarte888,,,Yara Duarte,2025-08-11 19:21:23,noise
@yara.duarte888,,,Yara Duarte,2025-08-10 19:03:32,noise
@yara.duarte888,,,Yara Duarte,2025-08-05 08:30:40,noise
@yara.duarte888,,,Yara Duarte,2025-08-04 14:24:15,noise
@yara.duarte888,"@noah.gomes627,@yara.anderson365,@jin.haddad191",LAT1852,Yara Duarte,2025-12-19 05:26:22,noise
@yara.duarte888,"@noah.gomes627,@yara.anderson365,@jin.haddad191",LAT1852,Yara Duarte,2025-12-19 04:24:17,noise
@yara.duarte888,"@noah.gomes627,@yara.anderson365,@jin.haddad191",LAT1852,Yara Duarte,2025-12-19 03:05:25,noise
@yara.duarte888,"@noah.gomes627,@yara.anderson365,@jin.haddad191",LAT1852,Yara Duarte,2025-12-19 22:20:51,noise
@yara.duarte888,"@noah.gomes627,@yara.anderson365,@jin.haddad191",LAT1852,Yara Duarte,2025-12-19 00:00:55,noise
@yara.duarte888,"@noah.gomes627,@yara.anderson365,@jin.haddad191",LAT1852,Yara Duarte,2025-12-19 05:01:45,noise
@yara.duarte888,"@noah.gomes627,@yara.anderson365,@jin.haddad191",LAT1852,Yara Duarte,2025-12-19 19:20:54,noise
@yara.duarte888,"@noah.gomes627,@yara.anderson365,@jin.haddad191",LAT1852,Yara Duarte,2025-12-19 00:29:44,noise
@yara.duarte888,"@noah.gomes627,@yara.anderson365,@jin.haddad191",LAT1852,Yara Duarte,2025-12-19 20:25:00,noise
@yara.duarte888,"@noah.gomes627,@yara.anderson365,@jin.haddad191",LAT1852,Yara Duarte,2025-12-19 06:09:16,noise
@yara.duarte888,"@noah.gomes627,@yara.anderson365,@jin.haddad191",LAT1852,Yara Duarte,2025-12-19 23:09:18,noise
@yara.duarte888,"@noah.gomes627,@yara.anderson365,@jin.haddad191",LAT1852,Yara Duarte,2025-12-19 21:06:11,noise
@yara.duarte888,"@noah.gomes627,@yara.anderson365,@jin.haddad191",LAT1852,Yara Duarte,2025-12-19 02:11:02,noise
@yara.duarte888,"@noah.gomes627,@yara.anderson365,@jin.haddad191",LAT1852,Yara Duarte,2025-12-19 04:22:16,noise
@yara.duarte888,"@noah.gomes627,@yara.anderson365,@jin.haddad191",LAT1852,Yara Duarte,2025-12-19 20:03:44,noise
@yara.duarte888,"@noah.gomes627,@yara.anderson365,@jin.haddad191",LAT1852,Yara Duarte,2025-12-19 23:15:09,noise
@yara.duarte888,"@noah.gomes627,@yara.anderson365,@jin.haddad191",LAT1852,Yara Duarte,2025-12-19 23:14:21,noise
@yara.duarte888,"@noah.gomes627,@yara.anderson365,@jin.haddad191",LAT1852,Yara Duarte,2025-12-19 22:01:28,noise
@yara.duarte888,"@noah.gomes627,@yara.anderson365,@jin.haddad191",LAT1852,Yara Duarte,2025-12-19 00:20:34,noise
@yara.duarte888,"@noah.gomes627,@yara.anderson365,@jin.haddad191",LAT1852,Yara Duarte,2025-12-19 18:01:53,noise
@yara.duarte888,"@noah.gomes627,@yara.anderson365,@jin.haddad191",LAT1852,Yara Duarte,2025-12-19 05:21:35,noise
@yara.duarte888,"@noah.gomes627,@yara.anderson365,@jin.haddad191",LAT1852,Yara Duarte,2025-12-19 08:22:42,noise
@yara.duarte888,"@noah.gomes627,@yara.anderson365,@jin.haddad191",LAT1852,Yara Duarte,2025-12-19 15:29:23,noise
@jin.haddad191,"@omar.unger257,@mara.kim239",,Jin Haddad,2025-10-01 20:27:10,noise
@jin.haddad191,,,Jin Haddad,2025-09-28 23:21:40,noise
@jin.haddad191,"@omar.unger257,@mara.kim239",,Jin Haddad,2025-09-26 12:20:08,noise
@jin.haddad191,"@omar.unger257,@mara.kim239",LAT1986,Jin Haddad,2025-09-24 23:21:52,noise
@jin.haddad191,"@mara.kim239,@omar.unger257",,Jin Haddad,2025-09-22 17:03:59,noise
@jin.haddad191,,,Jin Haddad,2025-09-19 18:01:55,noise
@jin.haddad191,"@mara.kim239,@omar.unger257",,Jin Haddad,2025-09-15 16:04:38,noise
@jin.haddad191,"@mara.kim239,@omar.unger257",,Jin Haddad,2025-09-10 08:22:51,noise
@jin.haddad191,,,Jin Haddad,2025-09-07 20:28:45,noise
@jin.haddad191,,,Jin Haddad,2025-08-31 09:01:57,noise
@jin.haddad191,"@omar.unger257,@mara.kim239",,Jin Haddad,2025-08-28 18:16:20,noise
@jin.haddad191,,,Jin Haddad,2025-08-18 02:20:55,noise
@jin.haddad191,"@mara.kim239,@omar.unger257",,Jin Haddad,2025-08-17 23:19:15,noise
@jin.haddad191,,LAT1923,Jin Haddad,2025-08-16 19:01:06,noise
@jin.haddad191,,,Jin Haddad,2025-08-15 15:00:09,noise
@jin.haddad191,,,Jin Haddad,2025-08-12 15:02:39,noise
@jin.haddad191,"@mara.kim239,@omar.unger257",,Jin Haddad,2025-08-10 08:19:39,noise
@jin.haddad191,,,Jin Haddad,2025-08-06 04:19:43,noise
@jin.haddad191,"@mara.kim239,@omar.unger257",,Jin Haddad,2025-08-05 12:08:02,noise
@jin.haddad191,"@omar.unger257,@mara.kim239",,Jin Haddad,2025-08-04 18:03:20,noise
@jin.haddad191,"@leo.iqbal52,@ravi.duarte722,@grace.tanaka387",LAT1985,Jin Haddad,2025-12-19 04:02:31,noise
@jin.haddad191,"@leo.iqbal52,@ravi.duarte722,@grace.tanaka387",LAT1985,Jin Haddad,2025-12-19 02:10:37,noise
@jin.haddad191,"@leo.iqbal52,@ravi.duarte722,@grace.tanaka387",LAT1985,Jin Haddad,2025-12-19 22:04:00,noise
@jin.haddad191,"@leo.iqbal52,@ravi.duarte722,@grace.tanaka387",LAT1985,Jin Haddad,2025-12-19 04:09:20,noise
@jin.haddad191,"@leo.iqbal52,@ravi.duarte722,@grace.tanaka387",LAT1985,Jin Haddad,2025-12-19 07:14:55,noise
@jin.haddad191,"@leo.iqbal52,@ravi.duarte722,@grace.tanaka387",LAT1985,Jin Haddad,2025-12-19 11:06:53,noise
@jin.haddad191,"@leo.iqbal52,@ravi.duarte722,@grace.tanaka387",LAT1985,Jin Haddad,2025-12-19 03:22:53,noise
@jin.haddad191,"@leo.iqbal52,@ravi.duarte722,@grace.tanaka387",LAT1985,Jin Haddad,2025-12-19 23:29:29,noise
@jin.haddad191,"@leo.iqbal52,@ravi.duarte722,@grace.tanaka387",LAT1985,Jin Haddad,2025-12-19 03:13:26,noise
@jin.haddad191,"@leo.iqbal52,@ravi.duarte722,@grace.tanaka387",LAT1985,Jin Haddad,2025-12-19 21:17:39,noise
@jin.haddad191,"@leo.iqbal52,@ravi.duarte722,@grace.tanaka387",LAT1985,Jin Haddad,2025-12-19 08:15:40,noise
@jin.haddad191,"@leo.iqbal52,@ravi.duarte722,@grace.tanaka387",LAT1985,Jin Haddad,2025-12-19 20:11:02,noise
@jin.haddad191,"@leo.iqbal52,@ravi.duarte722,@grace.tanaka387",LAT1985,Jin Haddad,2025-12-19 02:14:01,noise
@jin.haddad191,"@leo.iqbal52,@ravi.duarte722,@grace.tanaka387",LAT1985,Jin Haddad,2025-12-19 06:09:17,noise
@jin.haddad191,"@leo.iqbal52,@ravi.duarte722,@grace.tanaka387",LAT1985,Jin Haddad,2025-12-19 04:06:57,noise
@jin.haddad191,"@leo.iqbal52,@ravi.duarte722,@grace.tanaka387",LAT1985,Jin Haddad,2025-12-19 22:23:10,noise
@jin.haddad191,"@leo.iqbal52,@ravi.duarte722,@grace.tanaka387",LAT1985,Jin Haddad,2025-12-19 22:13:08,noise
@jin.haddad191,"@leo.iqbal52,@ravi.duarte722,@grace.tanaka387",LAT1985,Jin Haddad,2025-12-19 05:02:47,noise
@jin.haddad191,"@leo.iqbal52,@ravi.duarte722,@grace.tanaka387",LAT1985,Jin Haddad,2025-12-19 23:09:28,noise
@jin.haddad191,"@leo.iqbal52,@ravi.duarte722,@grace.tanaka387",LAT1985,Jin Haddad,2025-12-19 06:28:16,noise
@jin.haddad191,"@leo.iqbal52,@ravi.duarte722,@grace.tanaka387",LAT1985,Jin Haddad,2025-12-19 11:03:03,noise
@jin.haddad191,"@leo.iqbal52,@ravi.duarte722,@grace.tanaka387",LAT1985,Jin Haddad,2025-12-19 10:21:43,noise
@jin.haddad191,"@leo.iqbal52,@ravi.duarte722,@grace.tanaka387",LAT1985,Jin Haddad,2025-12-19 01:06:19,noise
@jin.haddad191,"@leo.iqbal52,@ravi.duarte722,@grace.tanaka387",LAT1985,Jin Haddad,2025-12-19 20:08:02,noise
@jin.haddad191,"@leo.iqbal52,@ravi.duarte722,@grace.tanaka387",LAT1985,Jin Haddad,2025-12-19 04:07:24,noise
@jin.haddad191,"@leo.iqbal52,@ravi.duarte722,@grace.tanaka387",LAT1985,Jin Haddad,2025-12-19 04:22:33,noise
@jin.haddad191,"@leo.iqbal52,@ravi.duarte722,@grace.tanaka387",LAT1985,Jin Haddad,2025-12-19 08:28:58,noise
@jin.haddad191,"@leo.iqbal52,@ravi.duarte722,@grace.tanaka387",LAT1985,Jin Haddad,2025-12-19 06:03:55,noise
@jin.haddad191,"@leo.iqbal52,@ravi.duarte722,@grace.tanaka387",LAT1985,Jin Haddad,2025-12-19 11:12:46,noise
@jin.haddad191,"@leo.iqbal52,@ravi.duarte722,@grace.tanaka387",LAT1985,Jin Haddad,2025-12-19 20:16:23,noise
@lena.patida853,,LAT1304,Lena Patida,2025-10-01 03:04:45,noise
@lena.patida853,,LAT1237,Lena Patida,2025-09-28 20:19:46,noise
@lena.patida853,,,Lena Patida,2025-09-27 23:14:42,noise
@lena.patida853,,,Lena Patida,2025-09-26 02:14:33,noise
@lena.patida853,"@uma.mehta110,@lena.wei459",,Lena Patida,2025-09-24 09:20:37,noise
@lena.patida853,,,Lena Patida,2025-09-11 04:29:07,noise
@lena.patida853,,,Lena Patida,2025-09-05 09:00:20,noise
@lena.patida853,"@uma.mehta110,@lena.wei459",,Lena Patida,2025-09-02 15:11:58,noise
@lena.patida853,"@uma.mehta110,@lena.wei459",,Lena Patida,2025-08-30 20:19:59,noise
@lena.patida853,"@lena.wei459,@uma.mehta110",,Lena Patida,2025-08-27 18:28:21,noise
@lena.patida853,,,Lena Patida,2025-08-23 11:02:08,noise
@lena.patida853,"@uma.mehta110,@lena.wei459",,Lena Patida,2025-08-21 12:28:42,noise
@lena.patida853,,,Lena Patida,2025-08-20 13:26:22,noise
@lena.patida853,"@lena.wei459,@uma.mehta110",LAT1383,Lena Patida,2025-08-19 21:02:16,noise
@lena.patida853,,,Lena Patida,2025-08-17 21:30:37,noise
@lena.patida853,,LAT1365,Lena Patida,2025-08-16 09:26:13,noise
@lena.patida853,"@lena.wei459,@uma.mehta110",,Lena Patida,2025-08-13 12:20:34,noise
@lena.patida853,,,Lena Patida,2025-08-11 14:20:44,noise
@lena.patida853,"@lena.wei459,@uma.mehta110",LAT1123,Lena Patida,2025-08-10 13:08:44,noise
@lena.patida853,"@kai.diaz965,@ravi.tanaka664,@diego.novak204",LAT1323,Lena Patida,2025-12-21 21:19:00,noise
@lena.patida853,"@kai.diaz965,@ravi.tanaka664,@diego.novak204",LAT1323,Lena Patida,2025-12-21 01:22:31,noise
@lena.patida853,"@kai.diaz965,@ravi.tanaka664,@diego.novak204",LAT1323,Lena Patida,2025-12-21 06:30:53,noise
@lena.patida853,"@kai.diaz965,@ravi.tanaka664,@diego.novak204",LAT1323,Lena Patida,2025-12-21 02:11:58,noise
@lena.patida853,"@kai.diaz965,@ravi.tanaka664,@diego.novak204",LAT1323,Lena Patida,2025-12-21 23:01:55,noise
@lena.patida853,"@kai.diaz965,@ravi.tanaka664,@diego.novak204",LAT1323,Lena Patida,2025-12-21 20:14:07,noise
@lena.patida853,"@kai.diaz965,@ravi.tanaka664,@diego.novak204",LAT1323,Lena Patida,2025-12-21 09:07:22,noise
@lena.patida853,"@kai.diaz965,@ravi.tanaka664,@diego.novak204",LAT1323,Lena Patida,2025-12-21 01:10:59,noise
@lena.patida853,"@kai.diaz965,@ravi.tanaka664,@diego.novak204",LAT1323,Lena Patida,2025-12-21 07:03:34,noise
@lena.patida853,"@kai.diaz965,@ravi.tanaka664,@diego.novak204",LAT1323,Lena Patida,2025-12-21 14:18:57,noise
@lena.patida853,"@kai.diaz965,@ravi.tanaka664,@diego.novak204",LAT1323,Lena Patida,2025-12-21 21:00:29,noise
@lena.patida853,"@kai.diaz965,@ravi.tanaka664,@diego.novak204",LAT1323,Lena Patida,2025-12-21 01:22:34,noise
@lena.patida853,"@kai.diaz965,@ravi.tanaka664,@diego.novak204",LAT1323,Lena Patida,2025-12-21 22:22:53,noise
@lena.patida853,"@kai.diaz965,@ravi.tanaka664,@diego.novak204",LAT1323,Lena Patida,2025-12-21 07:04:57,noise
@lena.patida853,"@kai.diaz965,@ravi.tanaka664,@diego.novak204",LAT1323,Lena Patida,2025-12-21 06:29:12,noise
@lena.patida853,"@kai.diaz965,@ravi.tanaka664,@diego.novak204",LAT1323,Lena Patida,2025-12-21 22:15:58,noise
@lena.patida853,"@kai.diaz965,@ravi.tanaka664,@diego.novak204",LAT1323,Lena Patida,2025-12-21 01:18:27,noise
@lena.patida853,"@kai.diaz965,@ravi.tanaka664,@diego.novak204",LAT1323,Lena Patida,2025-12-21 02:20:17,noise
@lena.patida853,"@kai.diaz965,@ravi.tanaka664,@diego.novak204",LAT1323,Lena Patida,2025-12-21 03:05:53,noise
@lena.patida853,"@kai.diaz965,@ravi.tanaka664,@diego.novak204",LAT1323,Lena Patida,2025-12-21 23:07:23,noise
@lena.patida853,"@kai.diaz965,@ravi.tanaka664,@diego.novak204",LAT1323,Lena Patida,2025-12-21 21:12:26,noise
@lena.patida853,"@kai.diaz965,@ravi.tanaka664,@diego.novak204",LAT1323,Lena Patida,2025-12-21 05:29:29,noise
@lena.patida853,"@kai.diaz965,@ravi.tanaka664,@diego.novak204",LAT1323,Lena Patida,2025-12-21 12:25:03,noise
@lena.patida853,"@kai.diaz965,@ravi.tanaka664,@diego.novak204",LAT1323,Lena Patida,2025-12-21 05:15:36,noise
@hugo.novak753,,,Hugo Novak,2025-10-03 19:27:41,noise
@hugo.novak753,,,Hugo Novak,2025-09-30 13:27:06,noise
@hugo.novak753,@tomas.zhou233,,Hugo Novak,2025-09-23 13:14:52,noise
@hugo.novak753,,LAT1061,Hugo Novak,2025-09-20 13:12:46,noise
@hugo.novak753,@tomas.zhou233,LAT1455,Hugo Novak,2025-09-15 19:27:58,noise
@hugo.novak753,@tomas.zhou233,,Hugo Novak,2025-09-13 13:19:01,noise
@hugo.novak753,,,Hugo Novak,2025-09-10 21:11:19,noise
@hugo.novak753,,,Hugo Novak,2025-09-06 05:25:12,noise
@hugo.novak753,,,Hugo Novak,2025-09-04 01:11:31,noise
@hugo.novak753,,,Hugo Novak,2025-09-01 17:22:20,noise
@hugo.novak753,@tomas.zhou233,,Hugo Novak,2025-08-26 15:29:08,noise
@hugo.novak753,@tomas.zhou233,,Hugo Novak,2025-08-23 04:15:57,noise
@hugo.novak753,@tomas.zhou233,,Hugo Novak,2025-08-21 20:30:12,noise
@hugo.novak753,@tomas.zhou233,,Hugo Novak,2025-08-19 12:06:52,noise
@hugo.novak753,@tomas.zhou233,LAT1047,Hugo Novak,2025-08-17 17:09:47,noise
@hugo.novak753,,,Hugo Novak,2025-08-07 16:17:06,noise
@hugo.novak753,@tomas.zhou233,,Hugo Novak,2025-08-06 10:12:12,noise
@hugo.novak753,"@ravi.patida401,@grace.iqbal334,@mara.kim239",LAT1023,Hugo Novak,2025-12-18 04:20:03,noise
@hugo.novak753,"@ravi.patida401,@grace.iqbal334,@mara.kim239",LAT1023,Hugo Novak,2025-12-18 02:12:18,noise
@hugo.novak753,"@ravi.patida401,@grace.iqbal334,@mara.kim239",LAT1023,Hugo Novak,2025-12-18 01:01:33,noise
@hugo.novak753,"@ravi.patida401,@grace.iqbal334,@mara.kim239",LAT1023,Hugo Novak,2025-12-18 21:14:06,noise
@hugo.novak753,"@ravi.patida401,@grace.iqbal334,@mara.kim239",LAT1023,Hugo Novak,2025-12-18 08:07:15,noise
@hugo.novak753,"@ravi.patida401,@grace.iqbal334,@mara.kim239",LAT1023,Hugo Novak,2025-12-18 19:17:00,noise
@hugo.novak753,"@ravi.patida401,@grace.iqbal334,@mara.kim239",LAT1023,Hugo Novak,2025-12-18 01:10:20,noise
@hugo.novak753,"@ravi.patida401,@grace.iqbal334,@mara.kim239",LAT1023,Hugo Novak,2025-12-18 07:29:21,noise
@hugo.novak753,"@ravi.patida401,@grace.iqbal334,@mara.kim239",LAT1023,Hugo Novak,2025-12-18 22:28:22,noise
@hugo.novak753,"@ravi.patida401,@grace.iqbal334,@mara.kim239",LAT1023,Hugo Novak,2025-12-18 05:04:35,noise
@hugo.novak753,"@ravi.patida401,@grace.iqbal334,@mara.kim239",LAT1023,Hugo Novak,2025-12-18 21:02:43,noise
@hugo.novak753,"@ravi.patida401,@grace.iqbal334,@mara.kim239",LAT1023,Hugo Novak,2025-12-18 06:17:56,noise
@hugo.novak753,"@ravi.patida401,@grace.iqbal334,@mara.kim239",LAT1023,Hugo Novak,2025-12-18 02:18:08,noise
@hugo.novak753,"@ravi.patida401,@grace.iqbal334,@mara.kim239",LAT1023,Hugo Novak,2025-12-18 04:11:33,noise
@hugo.novak753,"@ravi.patida401,@grace.iqbal334,@mara.kim239",LAT1023,Hugo Novak,2025-12-18 00:14:59,noise
@hugo.novak753,"@ravi.patida401,@grace.iqbal334,@mara.kim239",LAT1023,Hugo Novak,2025-12-18 07:07:18,noise
@hugo.novak753,"@ravi.patida401,@grace.iqbal334,@mara.kim239",LAT1023,Hugo Novak,2025-12-18 02:17:41,noise
@hugo.novak753,"@ravi.patida401,@grace.iqbal334,@mara.kim239",LAT1023,Hugo Novak,2025-12-18 14:20:22,noise
@hugo.novak753,"@ravi.patida401,@grace.iqbal334,@mara.kim239",LAT1023,Hugo Novak,2025-12-18 20:22:04,noise
@hugo.novak753,"@ravi.patida401,@grace.iqbal334,@mara.kim239",LAT1023,Hugo Novak,2025-12-18 20:24:01,noise
@hugo.novak753,"@ravi.patida401,@grace.iqbal334,@mara.kim239",LAT1023,Hugo Novak,2025-12-18 18:20:35,noise
@hugo.novak753,"@ravi.patida401,@grace.iqbal334,@mara.kim239",LAT1023,Hugo Novak,2025-12-18 18:26:54,noise
@hugo.novak753,"@ravi.patida401,@grace.iqbal334,@mara.kim239",LAT1023,Hugo Novak,2025-12-18 05:09:22,noise
@hugo.novak753,"@ravi.patida401,@grace.iqbal334,@mara.kim239",LAT1023,Hugo Novak,2025-12-18 02:17:21,noise
@hugo.novak753,"@ravi.patida401,@grace.iqbal334,@mara.kim239",LAT1023,Hugo Novak,2025-12-18 09:24:25,noise
@hugo.novak753,"@ravi.patida401,@grace.iqbal334,@mara.kim239",LAT1023,Hugo Novak,2025-12-18 02:03:35,noise
@hugo.novak753,"@ravi.patida401,@grace.iqbal334,@mara.kim239",LAT1023,Hugo Novak,2025-12-18 20:08:16,noise
@victor.diaz894,,,Victor Diaz,2025-09-30 12:16:41,noise
@victor.diaz894,,,Victor Diaz,2025-09-29 16:08:38,noise
@victor.diaz894,@noah.quinn485,,Victor Diaz,2025-09-27 20:26:23,noise
@victor.diaz894,@noah.quinn485,,Victor Diaz,2025-09-22 10:25:51,noise
@victor.diaz894,,,Victor Diaz,2025-09-19 20:03:17,noise
@victor.diaz894,,,Victor Diaz,2025-09-15 21:17:10,noise
@victor.diaz894,,,Victor Diaz,2025-09-11 17:14:58,noise
@victor.diaz894,,,Victor Diaz,2025-09-10 09:20:10,noise
@victor.diaz894,@noah.quinn485,,Victor Diaz,2025-09-04 11:15:09,noise
@victor.diaz894,@noah.quinn485,LAT1562,Victor Diaz,2025-09-03 18:14:25,noise
@victor.diaz894,,,Victor Diaz,2025-08-25 10:23:54,noise
@victor.diaz894,@noah.quinn485,,Victor Diaz,2025-08-16 16:07:00,noise
@victor.diaz894,,,Victor Diaz,2025-08-15 15:25:21,noise
@victor.diaz894,,,Victor Diaz,2025-08-13 03:18:06,noise
@victor.diaz894,,LAT1709,Victor Diaz,2025-08-11 05:10:31,noise
@victor.diaz894,,LAT1265,Victor Diaz,2025-08-10 04:10:15,noise
@victor.diaz894,,,Victor Diaz,2025-08-05 13:10:26,noise
@victor.diaz894,,,Victor Diaz,2025-08-04 09:25:22,noise
@victor.diaz894,"@yara.iqbal971,@hugo.novak410,@nia.mehta811",LAT1426,Victor Diaz,2025-12-25 12:08:35,noise
@victor.diaz894,"@yara.iqbal971,@hugo.novak410,@nia.mehta811",LAT1426,Victor Diaz,2025-12-25 04:29:53,noise
@victor.diaz894,"@yara.iqbal971,@hugo.novak410,@nia.mehta811",LAT1426,Victor Diaz,2025-12-25 13:00:54,noise
@victor.diaz894,"@yara.iqbal971,@hugo.novak410,@nia.mehta811",LAT1426,Victor Diaz,2025-12-25 01:18:50,noise
@victor.diaz894,"@yara.iqbal971,@hugo.novak410,@nia.mehta811",LAT1426,Victor Diaz,2025-12-25 01:10:39,noise
@victor.diaz894,"@yara.iqbal971,@hugo.novak410,@nia.mehta811",LAT1426,Victor Diaz,2025-12-25 22:27:38,noise
@victor.diaz894,"@yara.iqbal971,@hugo.novak410,@nia.mehta811",LAT1426,Victor Diaz,2025-12-25 11:06:39,noise
@victor.diaz894,"@yara.iqbal971,@hugo.novak410,@nia.mehta811",LAT1426,Victor Diaz,2025-12-25 03:05:23,noise
@victor.diaz894,"@yara.iqbal971,@hugo.novak410,@nia.mehta811",LAT1426,Victor Diaz,2025-12-25 09:11:10,noise
@victor.diaz894,"@yara.iqbal971,@hugo.novak410,@nia.mehta811",LAT1426,Victor Diaz,2025-12-25 09:19:02,noise
@victor.diaz894,"@yara.iqbal971,@hugo.novak410,@nia.mehta811",LAT1426,Victor Diaz,2025-12-25 09:29:14,noise
@victor.diaz894,"@yara.iqbal971,@hugo.novak410,@nia.mehta811",LAT1426,Victor Diaz,2025-12-25 00:17:46,noise
@victor.diaz894,"@yara.iqbal971,@hugo.novak410,@nia.mehta811",LAT1426,Victor Diaz,2025-12-25 01:28:57,noise
@victor.diaz894,"@yara.iqbal971,@hugo.novak410,@nia.mehta811",LAT1426,Victor Diaz,2025-12-25 21:13:35,noise
@victor.diaz894,"@yara.iqbal971,@hugo.novak410,@nia.mehta811",LAT1426,Victor Diaz,2025-12-25 06:24:26,noise
@victor.diaz894,"@yara.iqbal971,@hugo.novak410,@nia.mehta811",LAT1426,Victor Diaz,2025-12-25 23:22:45,noise
@victor.diaz894,"@yara.iqbal971,@hugo.novak410,@nia.mehta811",LAT1426,Victor Diaz,2025-12-25 02:29:42,noise
@victor.diaz894,"@yara.iqbal971,@hugo.novak410,@nia.mehta811",LAT1426,Victor Diaz,2025-12-25 20:04:20,noise
@victor.diaz894,"@yara.iqbal971,@hugo.novak410,@nia.mehta811",LAT1426,Victor Diaz,2025-12-25 06:21:31,noise
@victor.diaz894,"@yara.iqbal971,@hugo.novak410,@nia.mehta811",LAT1426,Victor Diaz,2025-12-25 09:29:00,noise
@victor.diaz894,"@yara.iqbal971,@hugo.novak410,@nia.mehta811",LAT1426,Victor Diaz,2025-12-25 02:12:30,noise
@victor.diaz894,"@yara.iqbal971,@hugo.novak410,@nia.mehta811",LAT1426,Victor Diaz,2025-12-25 19:16:36,noise
